ISO-10303-21;
HEADER;
FILE_DESCRIPTION(('KiCad electronic assembly'),'2;1');
FILE_NAME('lagom_plate.step','2024-08-14T19:14:38',('Pcbnew'),('Kicad'),
  'Open CASCADE STEP processor 7.7','KiCad to STEP converter','Unknown'
  );
FILE_SCHEMA(('AUTOMOTIVE_DESIGN { 1 0 10303 214 1 1 1 1 }'));
ENDSEC;
DATA;
#1 = APPLICATION_PROTOCOL_DEFINITION('international standard',
  'automotive_design',2000,#2);
#2 = APPLICATION_CONTEXT(
  'core data for automotive mechanical design processes');
#3 = SHAPE_DEFINITION_REPRESENTATION(#4,#10);
#4 = PRODUCT_DEFINITION_SHAPE('','',#5);
#5 = PRODUCT_DEFINITION('design','',#6,#9);
#6 = PRODUCT_DEFINITION_FORMATION('','',#7);
#7 = PRODUCT('lagom_plate 1','lagom_plate 1','',(#8));
#8 = PRODUCT_CONTEXT('',#2,'mechanical');
#9 = PRODUCT_DEFINITION_CONTEXT('part definition',#2,'design');
#10 = SHAPE_REPRESENTATION('',(#11,#15),#19);
#11 = AXIS2_PLACEMENT_3D('',#12,#13,#14);
#12 = CARTESIAN_POINT('',(0.,0.,0.));
#13 = DIRECTION('',(0.,0.,1.));
#14 = DIRECTION('',(1.,0.,-0.));
#15 = AXIS2_PLACEMENT_3D('',#16,#17,#18);
#16 = CARTESIAN_POINT('',(0.,0.,0.));
#17 = DIRECTION('',(0.,0.,1.));
#18 = DIRECTION('',(1.,0.,-0.));
#19 = ( GEOMETRIC_REPRESENTATION_CONTEXT(3) 
GLOBAL_UNCERTAINTY_ASSIGNED_CONTEXT((#23)) GLOBAL_UNIT_ASSIGNED_CONTEXT(
(#20,#21,#22)) REPRESENTATION_CONTEXT('Context #1',
  '3D Context with UNIT and UNCERTAINTY') );
#20 = ( LENGTH_UNIT() NAMED_UNIT(*) SI_UNIT(.MILLI.,.METRE.) );
#21 = ( NAMED_UNIT(*) PLANE_ANGLE_UNIT() SI_UNIT($,.RADIAN.) );
#22 = ( NAMED_UNIT(*) SI_UNIT($,.STERADIAN.) SOLID_ANGLE_UNIT() );
#23 = UNCERTAINTY_MEASURE_WITH_UNIT(LENGTH_MEASURE(1.E-07),#20,
  'distance_accuracy_value','confusion accuracy');
#24 = PRODUCT_RELATED_PRODUCT_CATEGORY('part',$,(#7));
#25 = SHAPE_DEFINITION_REPRESENTATION(#26,#32);
#26 = PRODUCT_DEFINITION_SHAPE('','',#27);
#27 = PRODUCT_DEFINITION('design','',#28,#31);
#28 = PRODUCT_DEFINITION_FORMATION('','',#29);
#29 = PRODUCT('lagom_plate_PCB','lagom_plate_PCB','',(#30));
#30 = PRODUCT_CONTEXT('',#2,'mechanical');
#31 = PRODUCT_DEFINITION_CONTEXT('part definition',#2,'design');
#32 = ADVANCED_BREP_SHAPE_REPRESENTATION('',(#11,#33),#22451);
#33 = MANIFOLD_SOLID_BREP('',#34);
#34 = CLOSED_SHELL('',(#35,#77,#108,#139,#5798,#11457,#11474,#11491,
    #11508,#11525,#11537,#11554,#11576,#11593,#11610,#11627,#11644,
    #11661,#11678,#11690,#11712,#11729,#11746,#11763,#11780,#11797,
    #11814,#11826,#11848,#11865,#11882,#11899,#11916,#11933,#11950,
    #11962,#11979,#11996,#12018,#12035,#12052,#12069,#12086,#12103,
    #12120,#12137,#12154,#12171,#12183,#12205,#12222,#12239,#12256,
    #12273,#12290,#12307,#12319,#12341,#12358,#12375,#12392,#12409,
    #12426,#12443,#12460,#12477,#12494,#12506,#12528,#12545,#12562,
    #12579,#12596,#12613,#12630,#12647,#12664,#12681,#12698,#12715,
    #12732,#12749,#12766,#12783,#12800,#12817,#12834,#12851,#12863,
    #12885,#12902,#12919,#12936,#12953,#12970,#12987,#12999,#13021,
    #13038,#13055,#13072,#13089,#13106,#13123,#13135,#13157,#13174,
    #13191,#13208,#13225,#13242,#13259,#13271,#13293,#13310,#13327,
    #13344,#13361,#13378,#13395,#13407,#13429,#13446,#13463,#13480,
    #13497,#13514,#13531,#13543,#13565,#13582,#13599,#13616,#13633,
    #13650,#13667,#13679,#13696,#13718,#13735,#13752,#13769,#13786,
    #13803,#13820,#13832,#13854,#13871,#13888,#13905,#13922,#13939,
    #13956,#13968,#13990,#14007,#14024,#14041,#14058,#14075,#14092,
    #14109,#14126,#14143,#14160,#14177,#14194,#14206,#14228,#14245,
    #14262,#14279,#14296,#14313,#14330,#14342,#14359,#14381,#14398,
    #14415,#14432,#14449,#14466,#14483,#14495,#14517,#14534,#14551,
    #14568,#14585,#14602,#14619,#14631,#14653,#14670,#14687,#14704,
    #14721,#14738,#14755,#14767,#14789,#14806,#14823,#14840,#14857,
    #14874,#14891,#14903,#14925,#14942,#14959,#14976,#14993,#15010,
    #15027,#15039,#15061,#15078,#15095,#15112,#15129,#15146,#15163,
    #15175,#15197,#15214,#15231,#15248,#15265,#15282,#15299,#15311,
    #15333,#15350,#15367,#15384,#15401,#15418,#15435,#15447,#15469,
    #15486,#15503,#15520,#15537,#15554,#15571,#15583,#15605,#15622,
    #15639,#15656,#15673,#15690,#15707,#15719,#15736,#15758,#15775,
    #15792,#15809,#15826,#15843,#15860,#15872,#15894,#15911,#15928,
    #15945,#15962,#15979,#15996,#16008,#16030,#16047,#16064,#16081,
    #16098,#16115,#16132,#16144,#16166,#16183,#16200,#16217,#16234,
    #16251,#16268,#16280,#16302,#16319,#16336,#16353,#16370,#16387,
    #16404,#16416,#16438,#16455,#16472,#16489,#16506,#16523,#16540,
    #16552,#16574,#16591,#16608,#16625,#16642,#16659,#16676,#16688,
    #16710,#16727,#16744,#16761,#16778,#16795,#16812,#16824,#16846,
    #16863,#16880,#16897,#16914,#16931,#16948,#16960,#16982,#16999,
    #17016,#17033,#17050,#17067,#17084,#17096,#17118,#17135,#17152,
    #17169,#17186,#17203,#17220,#17232,#17254,#17271,#17288,#17305,
    #17322,#17339,#17356,#17368,#17390,#17407,#17424,#17441,#17458,
    #17475,#17492,#17504,#17526,#17543,#17560,#17577,#17594,#17611,
    #17628,#17640,#17662,#17679,#17696,#17713,#17730,#17747,#17764,
    #17776,#17798,#17815,#17832,#17849,#17866,#17883,#17900,#17912,
    #17934,#17951,#17968,#17985,#18002,#18019,#18036,#18048,#18065,
    #18087,#18104,#18121,#18138,#18155,#18172,#18189,#18201,#18223,
    #18240,#18257,#18274,#18291,#18308,#18325,#18337,#18359,#18376,
    #18393,#18410,#18427,#18444,#18461,#18473,#18495,#18512,#18529,
    #18546,#18563,#18580,#18597,#18609,#18631,#18648,#18665,#18682,
    #18699,#18716,#18733,#18745,#18767,#18784,#18801,#18818,#18835,
    #18852,#18869,#18881,#18903,#18920,#18937,#18954,#18971,#18988,
    #19005,#19017,#19039,#19056,#19073,#19090,#19107,#19124,#19141,
    #19153,#19175,#19192,#19209,#19226,#19243,#19260,#19277,#19289,
    #19311,#19328,#19345,#19362,#19379,#19396,#19413,#19425,#19447,
    #19464,#19481,#19498,#19515,#19532,#19549,#19561,#19583,#19600,
    #19617,#19634,#19651,#19668,#19685,#19697,#19719,#19736,#19753,
    #19770,#19787,#19804,#19821,#19833,#19855,#19872,#19889,#19906,
    #19923,#19940,#19957,#19969,#19991,#20008,#20025,#20042,#20059,
    #20076,#20093,#20105,#20122,#20144,#20161,#20178,#20195,#20212,
    #20229,#20246,#20258,#20280,#20297,#20314,#20331,#20348,#20365,
    #20382,#20399,#20416,#20433,#20450,#20467,#20484,#20501,#20518,
    #20535,#20552,#20569,#20586,#20603,#20620,#20637,#20654,#20671,
    #20688,#20705,#20722,#20739,#20756,#20773,#20790,#20807,#20824,
    #20841,#20858,#20875,#20892,#20909,#20926,#20943,#20960,#20977,
    #20994,#21006,#21028,#21045,#21062,#21079,#21096,#21113,#21130,
    #21142,#21164,#21181,#21198,#21215,#21232,#21249,#21266,#21278,
    #21300,#21317,#21334,#21351,#21368,#21385,#21402,#21414,#21436,
    #21453,#21470,#21487,#21504,#21521,#21538,#21550,#21572,#21589,
    #21606,#21623,#21640,#21657,#21674,#21686,#21708,#21725,#21742,
    #21759,#21776,#21793,#21810,#21822,#21844,#21861,#21878,#21895,
    #21912,#21929,#21946,#21958,#21980,#21997,#22014,#22031,#22048,
    #22065,#22082,#22099,#22116,#22133,#22150,#22167,#22184,#22201,
    #22218,#22235,#22252,#22269,#22286,#22298,#22320,#22337,#22354,
    #22371,#22388,#22405,#22422,#22434));
#35 = ADVANCED_FACE('',(#36),#72,.T.);
#36 = FACE_BOUND('',#37,.T.);
#37 = EDGE_LOOP('',(#38,#48,#57,#65));
#38 = ORIENTED_EDGE('',*,*,#39,.T.);
#39 = EDGE_CURVE('',#40,#42,#44,.T.);
#40 = VERTEX_POINT('',#41);
#41 = CARTESIAN_POINT('',(360.5125,-69.2375,0.));
#42 = VERTEX_POINT('',#43);
#43 = CARTESIAN_POINT('',(360.5125,-69.2375,1.6));
#44 = LINE('',#45,#46);
#45 = CARTESIAN_POINT('',(360.5125,-69.2375,0.));
#46 = VECTOR('',#47,1.);
#47 = DIRECTION('',(0.,0.,1.));
#48 = ORIENTED_EDGE('',*,*,#49,.T.);
#49 = EDGE_CURVE('',#42,#50,#52,.T.);
#50 = VERTEX_POINT('',#51);
#51 = CARTESIAN_POINT('',(365.2875,-74.0125,1.6));
#52 = CIRCLE('',#53,4.77499959086);
#53 = AXIS2_PLACEMENT_3D('',#54,#55,#56);
#54 = CARTESIAN_POINT('',(360.51250040914,-74.01249959086,1.6));
#55 = DIRECTION('',(0.,0.,-1.));
#56 = DIRECTION('',(-8.568369366582E-08,1.,0.));
#57 = ORIENTED_EDGE('',*,*,#58,.F.);
#58 = EDGE_CURVE('',#59,#50,#61,.T.);
#59 = VERTEX_POINT('',#60);
#60 = CARTESIAN_POINT('',(365.2875,-74.0125,0.));
#61 = LINE('',#62,#63);
#62 = CARTESIAN_POINT('',(365.2875,-74.0125,0.));
#63 = VECTOR('',#64,1.);
#64 = DIRECTION('',(0.,0.,1.));
#65 = ORIENTED_EDGE('',*,*,#66,.F.);
#66 = EDGE_CURVE('',#40,#59,#67,.T.);
#67 = CIRCLE('',#68,4.77499959086);
#68 = AXIS2_PLACEMENT_3D('',#69,#70,#71);
#69 = CARTESIAN_POINT('',(360.51250040914,-74.01249959086,0.));
#70 = DIRECTION('',(0.,0.,-1.));
#71 = DIRECTION('',(-8.568369366582E-08,1.,0.));
#72 = CYLINDRICAL_SURFACE('',#73,4.77499959086);
#73 = AXIS2_PLACEMENT_3D('',#74,#75,#76);
#74 = CARTESIAN_POINT('',(360.51250040914,-74.01249959086,0.));
#75 = DIRECTION('',(0.,0.,-1.));
#76 = DIRECTION('',(-8.568369366582E-08,1.,0.));
#77 = ADVANCED_FACE('',(#78),#103,.T.);
#78 = FACE_BOUND('',#79,.T.);
#79 = EDGE_LOOP('',(#80,#90,#96,#97));
#80 = ORIENTED_EDGE('',*,*,#81,.T.);
#81 = EDGE_CURVE('',#82,#84,#86,.T.);
#82 = VERTEX_POINT('',#83);
#83 = CARTESIAN_POINT('',(50.1375,-69.2375,0.));
#84 = VERTEX_POINT('',#85);
#85 = CARTESIAN_POINT('',(50.1375,-69.2375,1.6));
#86 = LINE('',#87,#88);
#87 = CARTESIAN_POINT('',(50.1375,-69.2375,0.));
#88 = VECTOR('',#89,1.);
#89 = DIRECTION('',(0.,0.,1.));
#90 = ORIENTED_EDGE('',*,*,#91,.T.);
#91 = EDGE_CURVE('',#84,#42,#92,.T.);
#92 = LINE('',#93,#94);
#93 = CARTESIAN_POINT('',(50.1375,-69.2375,1.6));
#94 = VECTOR('',#95,1.);
#95 = DIRECTION('',(1.,0.,0.));
#96 = ORIENTED_EDGE('',*,*,#39,.F.);
#97 = ORIENTED_EDGE('',*,*,#98,.F.);
#98 = EDGE_CURVE('',#82,#40,#99,.T.);
#99 = LINE('',#100,#101);
#100 = CARTESIAN_POINT('',(50.1375,-69.2375,0.));
#101 = VECTOR('',#102,1.);
#102 = DIRECTION('',(1.,0.,0.));
#103 = PLANE('',#104);
#104 = AXIS2_PLACEMENT_3D('',#105,#106,#107);
#105 = CARTESIAN_POINT('',(50.1375,-69.2375,0.));
#106 = DIRECTION('',(0.,1.,0.));
#107 = DIRECTION('',(1.,0.,0.));
#108 = ADVANCED_FACE('',(#109),#134,.T.);
#109 = FACE_BOUND('',#110,.T.);
#110 = EDGE_LOOP('',(#111,#112,#120,#128));
#111 = ORIENTED_EDGE('',*,*,#58,.T.);
#112 = ORIENTED_EDGE('',*,*,#113,.T.);
#113 = EDGE_CURVE('',#50,#114,#116,.T.);
#114 = VERTEX_POINT('',#115);
#115 = CARTESIAN_POINT('',(365.2875,-167.125,1.6));
#116 = LINE('',#117,#118);
#117 = CARTESIAN_POINT('',(365.2875,-74.0125,1.6));
#118 = VECTOR('',#119,1.);
#119 = DIRECTION('',(0.,-1.,0.));
#120 = ORIENTED_EDGE('',*,*,#121,.F.);
#121 = EDGE_CURVE('',#122,#114,#124,.T.);
#122 = VERTEX_POINT('',#123);
#123 = CARTESIAN_POINT('',(365.2875,-167.125,0.));
#124 = LINE('',#125,#126);
#125 = CARTESIAN_POINT('',(365.2875,-167.125,0.));
#126 = VECTOR('',#127,1.);
#127 = DIRECTION('',(0.,0.,1.));
#128 = ORIENTED_EDGE('',*,*,#129,.F.);
#129 = EDGE_CURVE('',#59,#122,#130,.T.);
#130 = LINE('',#131,#132);
#131 = CARTESIAN_POINT('',(365.2875,-74.0125,0.));
#132 = VECTOR('',#133,1.);
#133 = DIRECTION('',(0.,-1.,0.));
#134 = PLANE('',#135);
#135 = AXIS2_PLACEMENT_3D('',#136,#137,#138);
#136 = CARTESIAN_POINT('',(365.2875,-74.0125,0.));
#137 = DIRECTION('',(1.,0.,-0.));
#138 = DIRECTION('',(0.,-1.,0.));
#139 = ADVANCED_FACE('',(#140,#186,#197,#267,#337,#407,#418,#429,#524,
    #594,#689,#867,#937,#1007,#1077,#1147,#1217,#1287,#1298,#1368,#1438,
    #1558,#1628,#1639,#1709,#1779,#1849,#1919,#1989,#2059,#2129,#2199,
    #2269,#2339,#2350,#2420,#2490,#2560,#2630,#2700,#2770,#2840,#2910,
    #2980,#3050,#3120,#3190,#3260,#3330,#3400,#3470,#3540,#3551,#3621,
    #3691,#3761,#3831,#3901,#3971,#4041,#4111,#4181,#4251,#4321,#4391,
    #4461,#4531,#4601,#4612,#4682,#5052,#5122,#5192,#5262,#5332,#5402,
    #5472,#5542,#5712,#5782),#5793,.F.);
#140 = FACE_BOUND('',#141,.F.);
#141 = EDGE_LOOP('',(#142,#143,#144,#153,#161,#170,#178,#185));
#142 = ORIENTED_EDGE('',*,*,#66,.F.);
#143 = ORIENTED_EDGE('',*,*,#98,.F.);
#144 = ORIENTED_EDGE('',*,*,#145,.F.);
#145 = EDGE_CURVE('',#146,#82,#148,.T.);
#146 = VERTEX_POINT('',#147);
#147 = CARTESIAN_POINT('',(45.3625,-74.0125,0.));
#148 = CIRCLE('',#149,4.77499959086);
#149 = AXIS2_PLACEMENT_3D('',#150,#151,#152);
#150 = CARTESIAN_POINT('',(50.13749959086,-74.01249959086,0.));
#151 = DIRECTION('',(0.,0.,-1.));
#152 = DIRECTION('',(-1.,-8.568369366582E-08,-0.));
#153 = ORIENTED_EDGE('',*,*,#154,.F.);
#154 = EDGE_CURVE('',#155,#146,#157,.T.);
#155 = VERTEX_POINT('',#156);
#156 = CARTESIAN_POINT('',(45.3625,-167.125,0.));
#157 = LINE('',#158,#159);
#158 = CARTESIAN_POINT('',(45.3625,-167.125,0.));
#159 = VECTOR('',#160,1.);
#160 = DIRECTION('',(0.,1.,0.));
#161 = ORIENTED_EDGE('',*,*,#162,.F.);
#162 = EDGE_CURVE('',#163,#155,#165,.T.);
#163 = VERTEX_POINT('',#164);
#164 = CARTESIAN_POINT('',(50.1375,-171.9,0.));
#165 = CIRCLE('',#166,4.77499959086);
#166 = AXIS2_PLACEMENT_3D('',#167,#168,#169);
#167 = CARTESIAN_POINT('',(50.13749959086,-167.1250004091,0.));
#168 = DIRECTION('',(0.,0.,-1.));
#169 = DIRECTION('',(8.568369366582E-08,-1.,0.));
#170 = ORIENTED_EDGE('',*,*,#171,.F.);
#171 = EDGE_CURVE('',#172,#163,#174,.T.);
#172 = VERTEX_POINT('',#173);
#173 = CARTESIAN_POINT('',(360.5125,-171.9,0.));
#174 = LINE('',#175,#176);
#175 = CARTESIAN_POINT('',(360.5125,-171.9,0.));
#176 = VECTOR('',#177,1.);
#177 = DIRECTION('',(-1.,0.,0.));
#178 = ORIENTED_EDGE('',*,*,#179,.F.);
#179 = EDGE_CURVE('',#122,#172,#180,.T.);
#180 = CIRCLE('',#181,4.77499959086);
#181 = AXIS2_PLACEMENT_3D('',#182,#183,#184);
#182 = CARTESIAN_POINT('',(360.51250040914,-167.1250004091,0.));
#183 = DIRECTION('',(0.,0.,-1.));
#184 = DIRECTION('',(1.,8.568368771363E-08,0.));
#185 = ORIENTED_EDGE('',*,*,#129,.F.);
#186 = FACE_BOUND('',#187,.F.);
#187 = EDGE_LOOP('',(#188));
#188 = ORIENTED_EDGE('',*,*,#189,.T.);
#189 = EDGE_CURVE('',#190,#190,#192,.T.);
#190 = VERTEX_POINT('',#191);
#191 = CARTESIAN_POINT('',(50.1375,-168.725,0.));
#192 = CIRCLE('',#193,1.6);
#193 = AXIS2_PLACEMENT_3D('',#194,#195,#196);
#194 = CARTESIAN_POINT('',(50.1375,-167.125,0.));
#195 = DIRECTION('',(-0.,0.,-1.));
#196 = DIRECTION('',(-0.,-1.,0.));
#197 = FACE_BOUND('',#198,.F.);
#198 = EDGE_LOOP('',(#199,#210,#218,#227,#235,#244,#252,#261));
#199 = ORIENTED_EDGE('',*,*,#200,.F.);
#200 = EDGE_CURVE('',#201,#203,#205,.T.);
#201 = VERTEX_POINT('',#202);
#202 = CARTESIAN_POINT('',(57.9625,-148.1875,0.));
#203 = VERTEX_POINT('',#204);
#204 = CARTESIAN_POINT('',(57.4625,-148.6875,0.));
#205 = CIRCLE('',#206,0.500001333575);
#206 = AXIS2_PLACEMENT_3D('',#207,#208,#209);
#207 = CARTESIAN_POINT('',(57.962501333573,-148.6875013335,0.));
#208 = DIRECTION('',(0.,0.,1.));
#209 = DIRECTION('',(-2.667139176832E-06,0.999999999996,0.));
#210 = ORIENTED_EDGE('',*,*,#211,.F.);
#211 = EDGE_CURVE('',#212,#201,#214,.T.);
#212 = VERTEX_POINT('',#213);
#213 = CARTESIAN_POINT('',(73.35,-148.1875,0.));
#214 = LINE('',#215,#216);
#215 = CARTESIAN_POINT('',(73.35,-148.1875,0.));
#216 = VECTOR('',#217,1.);
#217 = DIRECTION('',(-1.,0.,0.));
#218 = ORIENTED_EDGE('',*,*,#219,.F.);
#219 = EDGE_CURVE('',#220,#212,#222,.T.);
#220 = VERTEX_POINT('',#221);
#221 = CARTESIAN_POINT('',(73.85,-148.6875,0.));
#222 = CIRCLE('',#223,0.500001333575);
#223 = AXIS2_PLACEMENT_3D('',#224,#225,#226);
#224 = CARTESIAN_POINT('',(73.349998666427,-148.6875013335,0.));
#225 = DIRECTION('',(0.,0.,1.));
#226 = DIRECTION('',(0.999999999996,2.667139134199E-06,-0.));
#227 = ORIENTED_EDGE('',*,*,#228,.F.);
#228 = EDGE_CURVE('',#229,#220,#231,.T.);
#229 = VERTEX_POINT('',#230);
#230 = CARTESIAN_POINT('',(73.85,-161.6875,0.));
#231 = LINE('',#232,#233);
#232 = CARTESIAN_POINT('',(73.85,-161.6875,0.));
#233 = VECTOR('',#234,1.);
#234 = DIRECTION('',(0.,1.,0.));
#235 = ORIENTED_EDGE('',*,*,#236,.F.);
#236 = EDGE_CURVE('',#237,#229,#239,.T.);
#237 = VERTEX_POINT('',#238);
#238 = CARTESIAN_POINT('',(73.35,-162.1875,0.));
#239 = CIRCLE('',#240,0.500001333575);
#240 = AXIS2_PLACEMENT_3D('',#241,#242,#243);
#241 = CARTESIAN_POINT('',(73.349998666427,-161.6874986664,0.));
#242 = DIRECTION('',(0.,0.,1.));
#243 = DIRECTION('',(2.667139134199E-06,-0.999999999996,0.));
#244 = ORIENTED_EDGE('',*,*,#245,.F.);
#245 = EDGE_CURVE('',#246,#237,#248,.T.);
#246 = VERTEX_POINT('',#247);
#247 = CARTESIAN_POINT('',(57.9625,-162.1875,0.));
#248 = LINE('',#249,#250);
#249 = CARTESIAN_POINT('',(57.9625,-162.1875,0.));
#250 = VECTOR('',#251,1.);
#251 = DIRECTION('',(1.,0.,0.));
#252 = ORIENTED_EDGE('',*,*,#253,.F.);
#253 = EDGE_CURVE('',#254,#246,#256,.T.);
#254 = VERTEX_POINT('',#255);
#255 = CARTESIAN_POINT('',(57.4625,-161.6875,0.));
#256 = CIRCLE('',#257,0.500001333575);
#257 = AXIS2_PLACEMENT_3D('',#258,#259,#260);
#258 = CARTESIAN_POINT('',(57.962501333573,-161.6874986664,0.));
#259 = DIRECTION('',(0.,0.,1.));
#260 = DIRECTION('',(-0.999999999996,-2.667139134199E-06,0.));
#261 = ORIENTED_EDGE('',*,*,#262,.F.);
#262 = EDGE_CURVE('',#203,#254,#263,.T.);
#263 = LINE('',#264,#265);
#264 = CARTESIAN_POINT('',(57.4625,-148.6875,0.));
#265 = VECTOR('',#266,1.);
#266 = DIRECTION('',(0.,-1.,0.));
#267 = FACE_BOUND('',#268,.F.);
#268 = EDGE_LOOP('',(#269,#280,#288,#297,#305,#314,#322,#331));
#269 = ORIENTED_EDGE('',*,*,#270,.F.);
#270 = EDGE_CURVE('',#271,#273,#275,.T.);
#271 = VERTEX_POINT('',#272);
#272 = CARTESIAN_POINT('',(81.8375,-148.1875,0.));
#273 = VERTEX_POINT('',#274);
#274 = CARTESIAN_POINT('',(81.3375,-148.6875,0.));
#275 = CIRCLE('',#276,0.500001333575);
#276 = AXIS2_PLACEMENT_3D('',#277,#278,#279);
#277 = CARTESIAN_POINT('',(81.837501333573,-148.6875013335,0.));
#278 = DIRECTION('',(0.,0.,1.));
#279 = DIRECTION('',(-2.667139134199E-06,0.999999999996,0.));
#280 = ORIENTED_EDGE('',*,*,#281,.F.);
#281 = EDGE_CURVE('',#282,#271,#284,.T.);
#282 = VERTEX_POINT('',#283);
#283 = CARTESIAN_POINT('',(97.225,-148.1875,0.));
#284 = LINE('',#285,#286);
#285 = CARTESIAN_POINT('',(97.225,-148.1875,0.));
#286 = VECTOR('',#287,1.);
#287 = DIRECTION('',(-1.,0.,0.));
#288 = ORIENTED_EDGE('',*,*,#289,.F.);
#289 = EDGE_CURVE('',#290,#282,#292,.T.);
#290 = VERTEX_POINT('',#291);
#291 = CARTESIAN_POINT('',(97.725,-148.6875,0.));
#292 = CIRCLE('',#293,0.500001333575);
#293 = AXIS2_PLACEMENT_3D('',#294,#295,#296);
#294 = CARTESIAN_POINT('',(97.224998666427,-148.6875013335,0.));
#295 = DIRECTION('',(0.,0.,1.));
#296 = DIRECTION('',(0.999999999996,2.667139134199E-06,-0.));
#297 = ORIENTED_EDGE('',*,*,#298,.F.);
#298 = EDGE_CURVE('',#299,#290,#301,.T.);
#299 = VERTEX_POINT('',#300);
#300 = CARTESIAN_POINT('',(97.725,-161.6875,0.));
#301 = LINE('',#302,#303);
#302 = CARTESIAN_POINT('',(97.725,-161.6875,0.));
#303 = VECTOR('',#304,1.);
#304 = DIRECTION('',(0.,1.,0.));
#305 = ORIENTED_EDGE('',*,*,#306,.F.);
#306 = EDGE_CURVE('',#307,#299,#309,.T.);
#307 = VERTEX_POINT('',#308);
#308 = CARTESIAN_POINT('',(97.225,-162.1875,0.));
#309 = CIRCLE('',#310,0.500001333575);
#310 = AXIS2_PLACEMENT_3D('',#311,#312,#313);
#311 = CARTESIAN_POINT('',(97.224998666427,-161.6874986664,0.));
#312 = DIRECTION('',(0.,0.,1.));
#313 = DIRECTION('',(2.667139134199E-06,-0.999999999996,0.));
#314 = ORIENTED_EDGE('',*,*,#315,.F.);
#315 = EDGE_CURVE('',#316,#307,#318,.T.);
#316 = VERTEX_POINT('',#317);
#317 = CARTESIAN_POINT('',(81.8375,-162.1875,0.));
#318 = LINE('',#319,#320);
#319 = CARTESIAN_POINT('',(81.8375,-162.1875,0.));
#320 = VECTOR('',#321,1.);
#321 = DIRECTION('',(1.,0.,0.));
#322 = ORIENTED_EDGE('',*,*,#323,.F.);
#323 = EDGE_CURVE('',#324,#316,#326,.T.);
#324 = VERTEX_POINT('',#325);
#325 = CARTESIAN_POINT('',(81.3375,-161.6875,0.));
#326 = CIRCLE('',#327,0.500001333575);
#327 = AXIS2_PLACEMENT_3D('',#328,#329,#330);
#328 = CARTESIAN_POINT('',(81.837501333573,-161.6874986664,0.));
#329 = DIRECTION('',(0.,0.,1.));
#330 = DIRECTION('',(-0.999999999996,-2.667139134199E-06,0.));
#331 = ORIENTED_EDGE('',*,*,#332,.F.);
#332 = EDGE_CURVE('',#273,#324,#333,.T.);
#333 = LINE('',#334,#335);
#334 = CARTESIAN_POINT('',(81.3375,-148.6875,0.));
#335 = VECTOR('',#336,1.);
#336 = DIRECTION('',(0.,-1.,0.));
#337 = FACE_BOUND('',#338,.F.);
#338 = EDGE_LOOP('',(#339,#350,#358,#367,#375,#384,#392,#401));
#339 = ORIENTED_EDGE('',*,*,#340,.F.);
#340 = EDGE_CURVE('',#341,#343,#345,.T.);
#341 = VERTEX_POINT('',#342);
#342 = CARTESIAN_POINT('',(105.7125,-148.1875,0.));
#343 = VERTEX_POINT('',#344);
#344 = CARTESIAN_POINT('',(105.2125,-148.6875,0.));
#345 = CIRCLE('',#346,0.500001333575);
#346 = AXIS2_PLACEMENT_3D('',#347,#348,#349);
#347 = CARTESIAN_POINT('',(105.71250133357,-148.6875013335,0.));
#348 = DIRECTION('',(0.,0.,1.));
#349 = DIRECTION('',(-2.667139134199E-06,0.999999999996,0.));
#350 = ORIENTED_EDGE('',*,*,#351,.F.);
#351 = EDGE_CURVE('',#352,#341,#354,.T.);
#352 = VERTEX_POINT('',#353);
#353 = CARTESIAN_POINT('',(121.1,-148.1875,0.));
#354 = LINE('',#355,#356);
#355 = CARTESIAN_POINT('',(121.1,-148.1875,0.));
#356 = VECTOR('',#357,1.);
#357 = DIRECTION('',(-1.,0.,0.));
#358 = ORIENTED_EDGE('',*,*,#359,.F.);
#359 = EDGE_CURVE('',#360,#352,#362,.T.);
#360 = VERTEX_POINT('',#361);
#361 = CARTESIAN_POINT('',(121.6,-148.6875,0.));
#362 = CIRCLE('',#363,0.500001333575);
#363 = AXIS2_PLACEMENT_3D('',#364,#365,#366);
#364 = CARTESIAN_POINT('',(121.09999866642,-148.6875013335,0.));
#365 = DIRECTION('',(0.,0.,1.));
#366 = DIRECTION('',(0.999999999996,2.667139134199E-06,-0.));
#367 = ORIENTED_EDGE('',*,*,#368,.F.);
#368 = EDGE_CURVE('',#369,#360,#371,.T.);
#369 = VERTEX_POINT('',#370);
#370 = CARTESIAN_POINT('',(121.6,-161.6875,0.));
#371 = LINE('',#372,#373);
#372 = CARTESIAN_POINT('',(121.6,-161.6875,0.));
#373 = VECTOR('',#374,1.);
#374 = DIRECTION('',(0.,1.,0.));
#375 = ORIENTED_EDGE('',*,*,#376,.F.);
#376 = EDGE_CURVE('',#377,#369,#379,.T.);
#377 = VERTEX_POINT('',#378);
#378 = CARTESIAN_POINT('',(121.1,-162.1875,0.));
#379 = CIRCLE('',#380,0.500001333575);
#380 = AXIS2_PLACEMENT_3D('',#381,#382,#383);
#381 = CARTESIAN_POINT('',(121.09999866642,-161.6874986664,0.));
#382 = DIRECTION('',(0.,0.,1.));
#383 = DIRECTION('',(2.667139134199E-06,-0.999999999996,0.));
#384 = ORIENTED_EDGE('',*,*,#385,.F.);
#385 = EDGE_CURVE('',#386,#377,#388,.T.);
#386 = VERTEX_POINT('',#387);
#387 = CARTESIAN_POINT('',(105.7125,-162.1875,0.));
#388 = LINE('',#389,#390);
#389 = CARTESIAN_POINT('',(105.7125,-162.1875,0.));
#390 = VECTOR('',#391,1.);
#391 = DIRECTION('',(1.,0.,0.));
#392 = ORIENTED_EDGE('',*,*,#393,.F.);
#393 = EDGE_CURVE('',#394,#386,#396,.T.);
#394 = VERTEX_POINT('',#395);
#395 = CARTESIAN_POINT('',(105.2125,-161.6875,0.));
#396 = CIRCLE('',#397,0.500001333575);
#397 = AXIS2_PLACEMENT_3D('',#398,#399,#400);
#398 = CARTESIAN_POINT('',(105.71250133357,-161.6874986664,0.));
#399 = DIRECTION('',(0.,0.,1.));
#400 = DIRECTION('',(-0.999999999996,-2.667139134199E-06,0.));
#401 = ORIENTED_EDGE('',*,*,#402,.F.);
#402 = EDGE_CURVE('',#343,#394,#403,.T.);
#403 = LINE('',#404,#405);
#404 = CARTESIAN_POINT('',(105.2125,-148.6875,0.));
#405 = VECTOR('',#406,1.);
#406 = DIRECTION('',(0.,-1.,0.));
#407 = FACE_BOUND('',#408,.F.);
#408 = EDGE_LOOP('',(#409));
#409 = ORIENTED_EDGE('',*,*,#410,.T.);
#410 = EDGE_CURVE('',#411,#411,#413,.T.);
#411 = VERTEX_POINT('',#412);
#412 = CARTESIAN_POINT('',(128.925,-168.725,0.));
#413 = CIRCLE('',#414,1.6);
#414 = AXIS2_PLACEMENT_3D('',#415,#416,#417);
#415 = CARTESIAN_POINT('',(128.925,-167.125,0.));
#416 = DIRECTION('',(-0.,0.,-1.));
#417 = DIRECTION('',(-0.,-1.,0.));
#418 = FACE_BOUND('',#419,.F.);
#419 = EDGE_LOOP('',(#420));
#420 = ORIENTED_EDGE('',*,*,#421,.T.);
#421 = EDGE_CURVE('',#422,#422,#424,.T.);
#422 = VERTEX_POINT('',#423);
#423 = CARTESIAN_POINT('',(205.325,-168.725,0.));
#424 = CIRCLE('',#425,1.6);
#425 = AXIS2_PLACEMENT_3D('',#426,#427,#428);
#426 = CARTESIAN_POINT('',(205.325,-167.125,0.));
#427 = DIRECTION('',(-0.,0.,-1.));
#428 = DIRECTION('',(-0.,-1.,0.));
#429 = FACE_BOUND('',#430,.F.);
#430 = EDGE_LOOP('',(#431,#442,#450,#459,#467,#475,#484,#492,#501,#509,
    #518));
#431 = ORIENTED_EDGE('',*,*,#432,.F.);
#432 = EDGE_CURVE('',#433,#435,#437,.T.);
#433 = VERTEX_POINT('',#434);
#434 = CARTESIAN_POINT('',(130.6995,-147.1875,0.));
#435 = VERTEX_POINT('',#436);
#436 = CARTESIAN_POINT('',(130.1995,-147.6875,0.));
#437 = CIRCLE('',#438,0.500001333575);
#438 = AXIS2_PLACEMENT_3D('',#439,#440,#441);
#439 = CARTESIAN_POINT('',(130.69950133357,-147.6875013335,0.));
#440 = DIRECTION('',(0.,0.,1.));
#441 = DIRECTION('',(-2.667139134199E-06,0.999999999996,0.));
#442 = ORIENTED_EDGE('',*,*,#443,.F.);
#443 = EDGE_CURVE('',#444,#433,#446,.T.);
#444 = VERTEX_POINT('',#445);
#445 = CARTESIAN_POINT('',(141.625,-147.1875,0.));
#446 = LINE('',#447,#448);
#447 = CARTESIAN_POINT('',(141.625,-147.1875,0.));
#448 = VECTOR('',#449,1.);
#449 = DIRECTION('',(-1.,0.,0.));
#450 = ORIENTED_EDGE('',*,*,#451,.F.);
#451 = EDGE_CURVE('',#452,#444,#454,.T.);
#452 = VERTEX_POINT('',#453);
#453 = CARTESIAN_POINT('',(142.125,-147.6875,0.));
#454 = CIRCLE('',#455,0.500001333575);
#455 = AXIS2_PLACEMENT_3D('',#456,#457,#458);
#456 = CARTESIAN_POINT('',(141.62499866642,-147.6875013335,0.));
#457 = DIRECTION('',(0.,0.,1.));
#458 = DIRECTION('',(0.999999999996,2.667139134199E-06,-0.));
#459 = ORIENTED_EDGE('',*,*,#460,.F.);
#460 = EDGE_CURVE('',#461,#452,#463,.T.);
#461 = VERTEX_POINT('',#462);
#462 = CARTESIAN_POINT('',(142.125,-148.1825,0.));
#463 = LINE('',#464,#465);
#464 = CARTESIAN_POINT('',(142.125,-148.1825,0.));
#465 = VECTOR('',#466,1.);
#466 = DIRECTION('',(0.,1.,0.));
#467 = ORIENTED_EDGE('',*,*,#468,.F.);
#468 = EDGE_CURVE('',#469,#461,#471,.T.);
#469 = VERTEX_POINT('',#470);
#470 = CARTESIAN_POINT('',(152.1375,-148.1875,0.));
#471 = LINE('',#472,#473);
#472 = CARTESIAN_POINT('',(152.1375,-148.1875,0.));
#473 = VECTOR('',#474,1.);
#474 = DIRECTION('',(-0.999999875312,4.99375718008E-04,0.));
#475 = ORIENTED_EDGE('',*,*,#476,.F.);
#476 = EDGE_CURVE('',#477,#469,#479,.T.);
#477 = VERTEX_POINT('',#478);
#478 = CARTESIAN_POINT('',(152.6375,-148.6875,0.));
#479 = CIRCLE('',#480,0.500001333575);
#480 = AXIS2_PLACEMENT_3D('',#481,#482,#483);
#481 = CARTESIAN_POINT('',(152.13749866642,-148.6875013335,0.));
#482 = DIRECTION('',(0.,0.,1.));
#483 = DIRECTION('',(0.999999999996,2.667139134199E-06,-0.));
#484 = ORIENTED_EDGE('',*,*,#485,.F.);
#485 = EDGE_CURVE('',#486,#477,#488,.T.);
#486 = VERTEX_POINT('',#487);
#487 = CARTESIAN_POINT('',(152.6375,-161.6875,0.));
#488 = LINE('',#489,#490);
#489 = CARTESIAN_POINT('',(152.6375,-161.6875,0.));
#490 = VECTOR('',#491,1.);
#491 = DIRECTION('',(0.,1.,0.));
#492 = ORIENTED_EDGE('',*,*,#493,.F.);
#493 = EDGE_CURVE('',#494,#486,#496,.T.);
#494 = VERTEX_POINT('',#495);
#495 = CARTESIAN_POINT('',(152.1375,-162.1875,0.));
#496 = CIRCLE('',#497,0.500001333575);
#497 = AXIS2_PLACEMENT_3D('',#498,#499,#500);
#498 = CARTESIAN_POINT('',(152.13749866642,-161.6874986664,0.));
#499 = DIRECTION('',(0.,0.,1.));
#500 = DIRECTION('',(2.667139134199E-06,-0.999999999996,0.));
#501 = ORIENTED_EDGE('',*,*,#502,.F.);
#502 = EDGE_CURVE('',#503,#494,#505,.T.);
#503 = VERTEX_POINT('',#504);
#504 = CARTESIAN_POINT('',(130.6995,-162.1875,0.));
#505 = LINE('',#506,#507);
#506 = CARTESIAN_POINT('',(130.6995,-162.1875,0.));
#507 = VECTOR('',#508,1.);
#508 = DIRECTION('',(1.,0.,0.));
#509 = ORIENTED_EDGE('',*,*,#510,.F.);
#510 = EDGE_CURVE('',#511,#503,#513,.T.);
#511 = VERTEX_POINT('',#512);
#512 = CARTESIAN_POINT('',(130.1995,-161.6875,0.));
#513 = CIRCLE('',#514,0.500001333575);
#514 = AXIS2_PLACEMENT_3D('',#515,#516,#517);
#515 = CARTESIAN_POINT('',(130.69950133357,-161.6874986664,0.));
#516 = DIRECTION('',(0.,0.,1.));
#517 = DIRECTION('',(-0.999999999996,-2.667139134199E-06,0.));
#518 = ORIENTED_EDGE('',*,*,#519,.F.);
#519 = EDGE_CURVE('',#435,#511,#520,.T.);
#520 = LINE('',#521,#522);
#521 = CARTESIAN_POINT('',(130.1995,-147.6875,0.));
#522 = VECTOR('',#523,1.);
#523 = DIRECTION('',(0.,-1.,0.));
#524 = FACE_BOUND('',#525,.F.);
#525 = EDGE_LOOP('',(#526,#537,#545,#554,#562,#571,#579,#588));
#526 = ORIENTED_EDGE('',*,*,#527,.F.);
#527 = EDGE_CURVE('',#528,#530,#532,.T.);
#528 = VERTEX_POINT('',#529);
#529 = CARTESIAN_POINT('',(154.5755,-147.1875,0.));
#530 = VERTEX_POINT('',#531);
#531 = CARTESIAN_POINT('',(154.0755,-147.6875,0.));
#532 = CIRCLE('',#533,0.500001333575);
#533 = AXIS2_PLACEMENT_3D('',#534,#535,#536);
#534 = CARTESIAN_POINT('',(154.57550133357,-147.6875013335,0.));
#535 = DIRECTION('',(0.,0.,1.));
#536 = DIRECTION('',(-2.667139191043E-06,0.999999999996,0.));
#537 = ORIENTED_EDGE('',*,*,#538,.F.);
#538 = EDGE_CURVE('',#539,#528,#541,.T.);
#539 = VERTEX_POINT('',#540);
#540 = CARTESIAN_POINT('',(160.5755,-147.1875,0.));
#541 = LINE('',#542,#543);
#542 = CARTESIAN_POINT('',(160.5755,-147.1875,0.));
#543 = VECTOR('',#544,1.);
#544 = DIRECTION('',(-1.,0.,0.));
#545 = ORIENTED_EDGE('',*,*,#546,.F.);
#546 = EDGE_CURVE('',#547,#539,#549,.T.);
#547 = VERTEX_POINT('',#548);
#548 = CARTESIAN_POINT('',(161.0755,-147.6875,0.));
#549 = CIRCLE('',#550,0.500001333575);
#550 = AXIS2_PLACEMENT_3D('',#551,#552,#553);
#551 = CARTESIAN_POINT('',(160.57549866642,-147.6875013335,0.));
#552 = DIRECTION('',(0.,0.,1.));
#553 = DIRECTION('',(0.999999999996,2.667139134199E-06,-0.));
#554 = ORIENTED_EDGE('',*,*,#555,.F.);
#555 = EDGE_CURVE('',#556,#547,#558,.T.);
#556 = VERTEX_POINT('',#557);
#557 = CARTESIAN_POINT('',(161.0755,-161.6875,0.));
#558 = LINE('',#559,#560);
#559 = CARTESIAN_POINT('',(161.0755,-161.6875,0.));
#560 = VECTOR('',#561,1.);
#561 = DIRECTION('',(0.,1.,0.));
#562 = ORIENTED_EDGE('',*,*,#563,.F.);
#563 = EDGE_CURVE('',#564,#556,#566,.T.);
#564 = VERTEX_POINT('',#565);
#565 = CARTESIAN_POINT('',(160.5755,-162.1875,0.));
#566 = CIRCLE('',#567,0.500001333575);
#567 = AXIS2_PLACEMENT_3D('',#568,#569,#570);
#568 = CARTESIAN_POINT('',(160.57549866642,-161.6874986664,0.));
#569 = DIRECTION('',(0.,0.,1.));
#570 = DIRECTION('',(2.667139191043E-06,-0.999999999996,0.));
#571 = ORIENTED_EDGE('',*,*,#572,.F.);
#572 = EDGE_CURVE('',#573,#564,#575,.T.);
#573 = VERTEX_POINT('',#574);
#574 = CARTESIAN_POINT('',(154.5755,-162.1875,0.));
#575 = LINE('',#576,#577);
#576 = CARTESIAN_POINT('',(154.5755,-162.1875,0.));
#577 = VECTOR('',#578,1.);
#578 = DIRECTION('',(1.,0.,0.));
#579 = ORIENTED_EDGE('',*,*,#580,.F.);
#580 = EDGE_CURVE('',#581,#573,#583,.T.);
#581 = VERTEX_POINT('',#582);
#582 = CARTESIAN_POINT('',(154.0755,-161.6875,0.));
#583 = CIRCLE('',#584,0.500001333575);
#584 = AXIS2_PLACEMENT_3D('',#585,#586,#587);
#585 = CARTESIAN_POINT('',(154.57550133357,-161.6874986664,0.));
#586 = DIRECTION('',(0.,0.,1.));
#587 = DIRECTION('',(-0.999999999996,-2.667139134199E-06,0.));
#588 = ORIENTED_EDGE('',*,*,#589,.F.);
#589 = EDGE_CURVE('',#530,#581,#590,.T.);
#590 = LINE('',#591,#592);
#591 = CARTESIAN_POINT('',(154.0755,-147.6875,0.));
#592 = VECTOR('',#593,1.);
#593 = DIRECTION('',(0.,-1.,0.));
#594 = FACE_BOUND('',#595,.F.);
#595 = EDGE_LOOP('',(#596,#607,#615,#624,#632,#641,#649,#658,#666,#675,
    #683));
#596 = ORIENTED_EDGE('',*,*,#597,.F.);
#597 = EDGE_CURVE('',#598,#600,#602,.T.);
#598 = VERTEX_POINT('',#599);
#599 = CARTESIAN_POINT('',(202.3245,-147.1875,0.));
#600 = VERTEX_POINT('',#601);
#601 = CARTESIAN_POINT('',(201.8245,-147.6875,0.));
#602 = CIRCLE('',#603,0.500001333575);
#603 = AXIS2_PLACEMENT_3D('',#604,#605,#606);
#604 = CARTESIAN_POINT('',(202.32450133357,-147.6875013335,0.));
#605 = DIRECTION('',(0.,0.,1.));
#606 = DIRECTION('',(-2.667139134199E-06,0.999999999996,0.));
#607 = ORIENTED_EDGE('',*,*,#608,.F.);
#608 = EDGE_CURVE('',#609,#598,#611,.T.);
#609 = VERTEX_POINT('',#610);
#610 = CARTESIAN_POINT('',(208.3245,-147.1875,0.));
#611 = LINE('',#612,#613);
#612 = CARTESIAN_POINT('',(208.3245,-147.1875,0.));
#613 = VECTOR('',#614,1.);
#614 = DIRECTION('',(-1.,0.,0.));
#615 = ORIENTED_EDGE('',*,*,#616,.F.);
#616 = EDGE_CURVE('',#617,#609,#619,.T.);
#617 = VERTEX_POINT('',#618);
#618 = CARTESIAN_POINT('',(208.8245,-147.6875,0.));
#619 = CIRCLE('',#620,0.500001333575);
#620 = AXIS2_PLACEMENT_3D('',#621,#622,#623);
#621 = CARTESIAN_POINT('',(208.32449866642,-147.6875013335,0.));
#622 = DIRECTION('',(0.,0.,1.));
#623 = DIRECTION('',(0.999999999996,2.667139134199E-06,-0.));
#624 = ORIENTED_EDGE('',*,*,#625,.F.);
#625 = EDGE_CURVE('',#626,#617,#628,.T.);
#626 = VERTEX_POINT('',#627);
#627 = CARTESIAN_POINT('',(208.8245,-161.6875,0.));
#628 = LINE('',#629,#630);
#629 = CARTESIAN_POINT('',(208.8245,-161.6875,0.));
#630 = VECTOR('',#631,1.);
#631 = DIRECTION('',(0.,1.,0.));
#632 = ORIENTED_EDGE('',*,*,#633,.F.);
#633 = EDGE_CURVE('',#634,#626,#636,.T.);
#634 = VERTEX_POINT('',#635);
#635 = CARTESIAN_POINT('',(208.3245,-162.1875,0.));
#636 = CIRCLE('',#637,0.500001333575);
#637 = AXIS2_PLACEMENT_3D('',#638,#639,#640);
#638 = CARTESIAN_POINT('',(208.32449866642,-161.6874986664,0.));
#639 = DIRECTION('',(0.,0.,1.));
#640 = DIRECTION('',(2.667139134199E-06,-0.999999999996,0.));
#641 = ORIENTED_EDGE('',*,*,#642,.F.);
#642 = EDGE_CURVE('',#643,#634,#645,.T.);
#643 = VERTEX_POINT('',#644);
#644 = CARTESIAN_POINT('',(172.5625,-162.1875,0.));
#645 = LINE('',#646,#647);
#646 = CARTESIAN_POINT('',(172.5625,-162.1875,0.));
#647 = VECTOR('',#648,1.);
#648 = DIRECTION('',(1.,0.,0.));
#649 = ORIENTED_EDGE('',*,*,#650,.F.);
#650 = EDGE_CURVE('',#651,#643,#653,.T.);
#651 = VERTEX_POINT('',#652);
#652 = CARTESIAN_POINT('',(172.0625,-161.6875,0.));
#653 = CIRCLE('',#654,0.500001333575);
#654 = AXIS2_PLACEMENT_3D('',#655,#656,#657);
#655 = CARTESIAN_POINT('',(172.56250133357,-161.6874986664,0.));
#656 = DIRECTION('',(0.,0.,1.));
#657 = DIRECTION('',(-0.999999999996,-2.667139134199E-06,0.));
#658 = ORIENTED_EDGE('',*,*,#659,.F.);
#659 = EDGE_CURVE('',#660,#651,#662,.T.);
#660 = VERTEX_POINT('',#661);
#661 = CARTESIAN_POINT('',(172.0625,-148.6875,0.));
#662 = LINE('',#663,#664);
#663 = CARTESIAN_POINT('',(172.0625,-148.6875,0.));
#664 = VECTOR('',#665,1.);
#665 = DIRECTION('',(0.,-1.,0.));
#666 = ORIENTED_EDGE('',*,*,#667,.F.);
#667 = EDGE_CURVE('',#668,#660,#670,.T.);
#668 = VERTEX_POINT('',#669);
#669 = CARTESIAN_POINT('',(172.5625,-148.1875,0.));
#670 = CIRCLE('',#671,0.500001333575);
#671 = AXIS2_PLACEMENT_3D('',#672,#673,#674);
#672 = CARTESIAN_POINT('',(172.56250133357,-148.6875013335,0.));
#673 = DIRECTION('',(0.,0.,1.));
#674 = DIRECTION('',(-2.667139134199E-06,0.999999999996,0.));
#675 = ORIENTED_EDGE('',*,*,#676,.F.);
#676 = EDGE_CURVE('',#677,#668,#679,.T.);
#677 = VERTEX_POINT('',#678);
#678 = CARTESIAN_POINT('',(201.8245,-148.1825,0.));
#679 = LINE('',#680,#681);
#680 = CARTESIAN_POINT('',(201.8245,-148.1825,0.));
#681 = VECTOR('',#682,1.);
#682 = DIRECTION('',(-0.999999985402,-1.708700679039E-04,0.));
#683 = ORIENTED_EDGE('',*,*,#684,.F.);
#684 = EDGE_CURVE('',#600,#677,#685,.T.);
#685 = LINE('',#686,#687);
#686 = CARTESIAN_POINT('',(201.8245,-147.6875,0.));
#687 = VECTOR('',#688,1.);
#688 = DIRECTION('',(0.,-1.,0.));
#689 = FACE_BOUND('',#690,.F.);
#690 = EDGE_LOOP('',(#691,#702,#710,#719,#727,#736,#744,#752,#761,#769,
    #778,#786,#794,#802,#810,#819,#827,#836,#844,#852,#861));
#691 = ORIENTED_EDGE('',*,*,#692,.F.);
#692 = EDGE_CURVE('',#693,#695,#697,.T.);
#693 = VERTEX_POINT('',#694);
#694 = CARTESIAN_POINT('',(57.9625,-129.0875,0.));
#695 = VERTEX_POINT('',#696);
#696 = CARTESIAN_POINT('',(57.4625,-129.5875,0.));
#697 = CIRCLE('',#698,0.500001333575);
#698 = AXIS2_PLACEMENT_3D('',#699,#700,#701);
#699 = CARTESIAN_POINT('',(57.962501333573,-129.5875013335,0.));
#700 = DIRECTION('',(0.,0.,1.));
#701 = DIRECTION('',(-2.667139176832E-06,0.999999999996,0.));
#702 = ORIENTED_EDGE('',*,*,#703,.F.);
#703 = EDGE_CURVE('',#704,#693,#706,.T.);
#704 = VERTEX_POINT('',#705);
#705 = CARTESIAN_POINT('',(92.45,-129.0875,0.));
#706 = LINE('',#707,#708);
#707 = CARTESIAN_POINT('',(92.45,-129.0875,0.));
#708 = VECTOR('',#709,1.);
#709 = DIRECTION('',(-1.,0.,0.));
#710 = ORIENTED_EDGE('',*,*,#711,.F.);
#711 = EDGE_CURVE('',#712,#704,#714,.T.);
#712 = VERTEX_POINT('',#713);
#713 = CARTESIAN_POINT('',(92.95,-129.5875,0.));
#714 = CIRCLE('',#715,0.500001333575);
#715 = AXIS2_PLACEMENT_3D('',#716,#717,#718);
#716 = CARTESIAN_POINT('',(92.449998666427,-129.5875013335,0.));
#717 = DIRECTION('',(0.,0.,1.));
#718 = DIRECTION('',(0.999999999996,2.667139247886E-06,-0.));
#719 = ORIENTED_EDGE('',*,*,#720,.F.);
#720 = EDGE_CURVE('',#721,#712,#723,.T.);
#721 = VERTEX_POINT('',#722);
#722 = CARTESIAN_POINT('',(92.95,-142.5875,0.));
#723 = LINE('',#724,#725);
#724 = CARTESIAN_POINT('',(92.95,-142.5875,0.));
#725 = VECTOR('',#726,1.);
#726 = DIRECTION('',(0.,1.,0.));
#727 = ORIENTED_EDGE('',*,*,#728,.F.);
#728 = EDGE_CURVE('',#729,#721,#731,.T.);
#729 = VERTEX_POINT('',#730);
#730 = CARTESIAN_POINT('',(92.45,-143.0875,0.));
#731 = CIRCLE('',#732,0.500001333575);
#732 = AXIS2_PLACEMENT_3D('',#733,#734,#735);
#733 = CARTESIAN_POINT('',(92.449998666427,-142.5874986664,0.));
#734 = DIRECTION('',(0.,0.,1.));
#735 = DIRECTION('',(2.667139191042E-06,-0.999999999996,0.));
#736 = ORIENTED_EDGE('',*,*,#737,.F.);
#737 = EDGE_CURVE('',#738,#729,#740,.T.);
#738 = VERTEX_POINT('',#739);
#739 = CARTESIAN_POINT('',(89.45,-143.0925,0.));
#740 = LINE('',#741,#742);
#741 = CARTESIAN_POINT('',(89.45,-143.0925,0.));
#742 = VECTOR('',#743,1.);
#743 = DIRECTION('',(0.999998611114,1.666664351855E-03,0.));
#744 = ORIENTED_EDGE('',*,*,#745,.F.);
#745 = EDGE_CURVE('',#746,#738,#748,.T.);
#746 = VERTEX_POINT('',#747);
#747 = CARTESIAN_POINT('',(89.4505,-143.5875,0.));
#748 = LINE('',#749,#750);
#749 = CARTESIAN_POINT('',(89.4505,-143.5875,0.));
#750 = VECTOR('',#751,1.);
#751 = DIRECTION('',(-1.010100494801E-03,0.999999489848,0.));
#752 = ORIENTED_EDGE('',*,*,#753,.F.);
#753 = EDGE_CURVE('',#754,#746,#756,.T.);
#754 = VERTEX_POINT('',#755);
#755 = CARTESIAN_POINT('',(88.9505,-144.0875,0.));
#756 = CIRCLE('',#757,0.500001333575);
#757 = AXIS2_PLACEMENT_3D('',#758,#759,#760);
#758 = CARTESIAN_POINT('',(88.950498666427,-143.5874986664,0.));
#759 = DIRECTION('',(0.,0.,1.));
#760 = DIRECTION('',(2.667139219464E-06,-0.999999999996,0.));
#761 = ORIENTED_EDGE('',*,*,#762,.F.);
#762 = EDGE_CURVE('',#763,#754,#765,.T.);
#763 = VERTEX_POINT('',#764);
#764 = CARTESIAN_POINT('',(82.9505,-144.0875,0.));
#765 = LINE('',#766,#767);
#766 = CARTESIAN_POINT('',(82.9505,-144.0875,0.));
#767 = VECTOR('',#768,1.);
#768 = DIRECTION('',(1.,0.,0.));
#769 = ORIENTED_EDGE('',*,*,#770,.F.);
#770 = EDGE_CURVE('',#771,#763,#773,.T.);
#771 = VERTEX_POINT('',#772);
#772 = CARTESIAN_POINT('',(82.4505,-143.5875,0.));
#773 = CIRCLE('',#774,0.500001333575);
#774 = AXIS2_PLACEMENT_3D('',#775,#776,#777);
#775 = CARTESIAN_POINT('',(82.950501333573,-143.5874986664,0.));
#776 = DIRECTION('',(0.,0.,1.));
#777 = DIRECTION('',(-0.999999999996,-2.667139191043E-06,0.));
#778 = ORIENTED_EDGE('',*,*,#779,.F.);
#779 = EDGE_CURVE('',#780,#771,#782,.T.);
#780 = VERTEX_POINT('',#781);
#781 = CARTESIAN_POINT('',(82.45,-143.5875,0.));
#782 = LINE('',#783,#784);
#783 = CARTESIAN_POINT('',(82.45,-143.5875,0.));
#784 = VECTOR('',#785,1.);
#785 = DIRECTION('',(1.,0.,0.));
#786 = ORIENTED_EDGE('',*,*,#787,.F.);
#787 = EDGE_CURVE('',#788,#780,#790,.T.);
#788 = VERTEX_POINT('',#789);
#789 = CARTESIAN_POINT('',(82.45,-143.0925,0.));
#790 = LINE('',#791,#792);
#791 = CARTESIAN_POINT('',(82.45,-143.0925,0.));
#792 = VECTOR('',#793,1.);
#793 = DIRECTION('',(0.,-1.,0.));
#794 = ORIENTED_EDGE('',*,*,#795,.F.);
#795 = EDGE_CURVE('',#796,#788,#798,.T.);
#796 = VERTEX_POINT('',#797);
#797 = CARTESIAN_POINT('',(65.57,-143.0925,0.));
#798 = LINE('',#799,#800);
#799 = CARTESIAN_POINT('',(65.57,-143.0925,0.));
#800 = VECTOR('',#801,1.);
#801 = DIRECTION('',(1.,0.,0.));
#802 = ORIENTED_EDGE('',*,*,#803,.F.);
#803 = EDGE_CURVE('',#804,#796,#806,.T.);
#804 = VERTEX_POINT('',#805);
#805 = CARTESIAN_POINT('',(65.5745,-143.5875,0.));
#806 = LINE('',#807,#808);
#807 = CARTESIAN_POINT('',(65.5745,-143.5875,0.));
#808 = VECTOR('',#809,1.);
#809 = DIRECTION('',(-9.090533456806E-03,0.999958680247,0.));
#810 = ORIENTED_EDGE('',*,*,#811,.F.);
#811 = EDGE_CURVE('',#812,#804,#814,.T.);
#812 = VERTEX_POINT('',#813);
#813 = CARTESIAN_POINT('',(65.0745,-144.0875,0.));
#814 = CIRCLE('',#815,0.500001333575);
#815 = AXIS2_PLACEMENT_3D('',#816,#817,#818);
#816 = CARTESIAN_POINT('',(65.074498666427,-143.5874986664,0.));
#817 = DIRECTION('',(0.,0.,1.));
#818 = DIRECTION('',(2.667139134199E-06,-0.999999999996,0.));
#819 = ORIENTED_EDGE('',*,*,#820,.F.);
#820 = EDGE_CURVE('',#821,#812,#823,.T.);
#821 = VERTEX_POINT('',#822);
#822 = CARTESIAN_POINT('',(59.0745,-144.0875,0.));
#823 = LINE('',#824,#825);
#824 = CARTESIAN_POINT('',(59.0745,-144.0875,0.));
#825 = VECTOR('',#826,1.);
#826 = DIRECTION('',(1.,0.,0.));
#827 = ORIENTED_EDGE('',*,*,#828,.F.);
#828 = EDGE_CURVE('',#829,#821,#831,.T.);
#829 = VERTEX_POINT('',#830);
#830 = CARTESIAN_POINT('',(58.5745,-143.5875,0.));
#831 = CIRCLE('',#832,0.500001333575);
#832 = AXIS2_PLACEMENT_3D('',#833,#834,#835);
#833 = CARTESIAN_POINT('',(59.074501333573,-143.5874986664,0.));
#834 = DIRECTION('',(0.,0.,1.));
#835 = DIRECTION('',(-0.999999999996,-2.667139191042E-06,0.));
#836 = ORIENTED_EDGE('',*,*,#837,.F.);
#837 = EDGE_CURVE('',#838,#829,#840,.T.);
#838 = VERTEX_POINT('',#839);
#839 = CARTESIAN_POINT('',(58.5745,-143.0925,0.));
#840 = LINE('',#841,#842);
#841 = CARTESIAN_POINT('',(58.5745,-143.0925,0.));
#842 = VECTOR('',#843,1.);
#843 = DIRECTION('',(0.,-1.,0.));
#844 = ORIENTED_EDGE('',*,*,#845,.F.);
#845 = EDGE_CURVE('',#846,#838,#848,.T.);
#846 = VERTEX_POINT('',#847);
#847 = CARTESIAN_POINT('',(57.9625,-143.0875,0.));
#848 = LINE('',#849,#850);
#849 = CARTESIAN_POINT('',(57.9625,-143.0875,0.));
#850 = VECTOR('',#851,1.);
#851 = DIRECTION('',(0.999966627755,-8.169661991452E-03,0.));
#852 = ORIENTED_EDGE('',*,*,#853,.F.);
#853 = EDGE_CURVE('',#854,#846,#856,.T.);
#854 = VERTEX_POINT('',#855);
#855 = CARTESIAN_POINT('',(57.4625,-142.5875,0.));
#856 = CIRCLE('',#857,0.500001333575);
#857 = AXIS2_PLACEMENT_3D('',#858,#859,#860);
#858 = CARTESIAN_POINT('',(57.962501333573,-142.5874986664,0.));
#859 = DIRECTION('',(0.,0.,1.));
#860 = DIRECTION('',(-0.999999999996,-2.667139191042E-06,0.));
#861 = ORIENTED_EDGE('',*,*,#862,.F.);
#862 = EDGE_CURVE('',#695,#854,#863,.T.);
#863 = LINE('',#864,#865);
#864 = CARTESIAN_POINT('',(57.4625,-129.5875,0.));
#865 = VECTOR('',#866,1.);
#866 = DIRECTION('',(0.,-1.,0.));
#867 = FACE_BOUND('',#868,.F.);
#868 = EDGE_LOOP('',(#869,#880,#888,#897,#905,#914,#922,#931));
#869 = ORIENTED_EDGE('',*,*,#870,.F.);
#870 = EDGE_CURVE('',#871,#873,#875,.T.);
#871 = VERTEX_POINT('',#872);
#872 = CARTESIAN_POINT('',(98.55,-129.0875,0.));
#873 = VERTEX_POINT('',#874);
#874 = CARTESIAN_POINT('',(98.05,-129.5875,0.));
#875 = CIRCLE('',#876,0.500001333575);
#876 = AXIS2_PLACEMENT_3D('',#877,#878,#879);
#877 = CARTESIAN_POINT('',(98.550001333573,-129.5875013335,0.));
#878 = DIRECTION('',(0.,0.,1.));
#879 = DIRECTION('',(-2.667139191042E-06,0.999999999996,0.));
#880 = ORIENTED_EDGE('',*,*,#881,.F.);
#881 = EDGE_CURVE('',#882,#871,#884,.T.);
#882 = VERTEX_POINT('',#883);
#883 = CARTESIAN_POINT('',(111.55,-129.0875,0.));
#884 = LINE('',#885,#886);
#885 = CARTESIAN_POINT('',(111.55,-129.0875,0.));
#886 = VECTOR('',#887,1.);
#887 = DIRECTION('',(-1.,0.,0.));
#888 = ORIENTED_EDGE('',*,*,#889,.F.);
#889 = EDGE_CURVE('',#890,#882,#892,.T.);
#890 = VERTEX_POINT('',#891);
#891 = CARTESIAN_POINT('',(112.05,-129.5875,0.));
#892 = CIRCLE('',#893,0.500001333575);
#893 = AXIS2_PLACEMENT_3D('',#894,#895,#896);
#894 = CARTESIAN_POINT('',(111.54999866642,-129.5875013335,0.));
#895 = DIRECTION('',(0.,0.,1.));
#896 = DIRECTION('',(0.999999999996,2.667139191043E-06,-0.));
#897 = ORIENTED_EDGE('',*,*,#898,.F.);
#898 = EDGE_CURVE('',#899,#890,#901,.T.);
#899 = VERTEX_POINT('',#900);
#900 = CARTESIAN_POINT('',(112.05,-142.5875,0.));
#901 = LINE('',#902,#903);
#902 = CARTESIAN_POINT('',(112.05,-142.5875,0.));
#903 = VECTOR('',#904,1.);
#904 = DIRECTION('',(0.,1.,0.));
#905 = ORIENTED_EDGE('',*,*,#906,.F.);
#906 = EDGE_CURVE('',#907,#899,#909,.T.);
#907 = VERTEX_POINT('',#908);
#908 = CARTESIAN_POINT('',(111.55,-143.0875,0.));
#909 = CIRCLE('',#910,0.500001333575);
#910 = AXIS2_PLACEMENT_3D('',#911,#912,#913);
#911 = CARTESIAN_POINT('',(111.54999866642,-142.5874986664,0.));
#912 = DIRECTION('',(0.,0.,1.));
#913 = DIRECTION('',(2.667139134199E-06,-0.999999999996,0.));
#914 = ORIENTED_EDGE('',*,*,#915,.F.);
#915 = EDGE_CURVE('',#916,#907,#918,.T.);
#916 = VERTEX_POINT('',#917);
#917 = CARTESIAN_POINT('',(98.55,-143.0875,0.));
#918 = LINE('',#919,#920);
#919 = CARTESIAN_POINT('',(98.55,-143.0875,0.));
#920 = VECTOR('',#921,1.);
#921 = DIRECTION('',(1.,0.,0.));
#922 = ORIENTED_EDGE('',*,*,#923,.F.);
#923 = EDGE_CURVE('',#924,#916,#926,.T.);
#924 = VERTEX_POINT('',#925);
#925 = CARTESIAN_POINT('',(98.05,-142.5875,0.));
#926 = CIRCLE('',#927,0.500001333575);
#927 = AXIS2_PLACEMENT_3D('',#928,#929,#930);
#928 = CARTESIAN_POINT('',(98.550001333573,-142.5874986664,0.));
#929 = DIRECTION('',(0.,0.,1.));
#930 = DIRECTION('',(-0.999999999996,-2.667139247886E-06,0.));
#931 = ORIENTED_EDGE('',*,*,#932,.F.);
#932 = EDGE_CURVE('',#873,#924,#933,.T.);
#933 = LINE('',#934,#935);
#934 = CARTESIAN_POINT('',(98.05,-129.5875,0.));
#935 = VECTOR('',#936,1.);
#936 = DIRECTION('',(0.,-1.,0.));
#937 = FACE_BOUND('',#938,.F.);
#938 = EDGE_LOOP('',(#939,#950,#958,#967,#975,#984,#992,#1001));
#939 = ORIENTED_EDGE('',*,*,#940,.F.);
#940 = EDGE_CURVE('',#941,#943,#945,.T.);
#941 = VERTEX_POINT('',#942);
#942 = CARTESIAN_POINT('',(117.65,-129.0875,0.));
#943 = VERTEX_POINT('',#944);
#944 = CARTESIAN_POINT('',(117.15,-129.5875,0.));
#945 = CIRCLE('',#946,0.500001333575);
#946 = AXIS2_PLACEMENT_3D('',#947,#948,#949);
#947 = CARTESIAN_POINT('',(117.65000133357,-129.5875013335,0.));
#948 = DIRECTION('',(0.,0.,1.));
#949 = DIRECTION('',(-2.667139134199E-06,0.999999999996,0.));
#950 = ORIENTED_EDGE('',*,*,#951,.F.);
#951 = EDGE_CURVE('',#952,#941,#954,.T.);
#952 = VERTEX_POINT('',#953);
#953 = CARTESIAN_POINT('',(130.65,-129.0875,0.));
#954 = LINE('',#955,#956);
#955 = CARTESIAN_POINT('',(130.65,-129.0875,0.));
#956 = VECTOR('',#957,1.);
#957 = DIRECTION('',(-1.,0.,0.));
#958 = ORIENTED_EDGE('',*,*,#959,.F.);
#959 = EDGE_CURVE('',#960,#952,#962,.T.);
#960 = VERTEX_POINT('',#961);
#961 = CARTESIAN_POINT('',(131.15,-129.5875,0.));
#962 = CIRCLE('',#963,0.500001333575);
#963 = AXIS2_PLACEMENT_3D('',#964,#965,#966);
#964 = CARTESIAN_POINT('',(130.64999866642,-129.5875013335,0.));
#965 = DIRECTION('',(0.,0.,1.));
#966 = DIRECTION('',(0.999999999996,2.667139191042E-06,-0.));
#967 = ORIENTED_EDGE('',*,*,#968,.F.);
#968 = EDGE_CURVE('',#969,#960,#971,.T.);
#969 = VERTEX_POINT('',#970);
#970 = CARTESIAN_POINT('',(131.15,-142.5875,0.));
#971 = LINE('',#972,#973);
#972 = CARTESIAN_POINT('',(131.15,-142.5875,0.));
#973 = VECTOR('',#974,1.);
#974 = DIRECTION('',(0.,1.,0.));
#975 = ORIENTED_EDGE('',*,*,#976,.F.);
#976 = EDGE_CURVE('',#977,#969,#979,.T.);
#977 = VERTEX_POINT('',#978);
#978 = CARTESIAN_POINT('',(130.65,-143.0875,0.));
#979 = CIRCLE('',#980,0.500001333575);
#980 = AXIS2_PLACEMENT_3D('',#981,#982,#983);
#981 = CARTESIAN_POINT('',(130.64999866642,-142.5874986664,0.));
#982 = DIRECTION('',(0.,0.,1.));
#983 = DIRECTION('',(2.667139191042E-06,-0.999999999996,0.));
#984 = ORIENTED_EDGE('',*,*,#985,.F.);
#985 = EDGE_CURVE('',#986,#977,#988,.T.);
#986 = VERTEX_POINT('',#987);
#987 = CARTESIAN_POINT('',(117.65,-143.0875,0.));
#988 = LINE('',#989,#990);
#989 = CARTESIAN_POINT('',(117.65,-143.0875,0.));
#990 = VECTOR('',#991,1.);
#991 = DIRECTION('',(1.,0.,0.));
#992 = ORIENTED_EDGE('',*,*,#993,.F.);
#993 = EDGE_CURVE('',#994,#986,#996,.T.);
#994 = VERTEX_POINT('',#995);
#995 = CARTESIAN_POINT('',(117.15,-142.5875,0.));
#996 = CIRCLE('',#997,0.500001333575);
#997 = AXIS2_PLACEMENT_3D('',#998,#999,#1000);
#998 = CARTESIAN_POINT('',(117.65000133357,-142.5874986664,0.));
#999 = DIRECTION('',(0.,0.,1.));
#1000 = DIRECTION('',(-0.999999999996,-2.667139191043E-06,0.));
#1001 = ORIENTED_EDGE('',*,*,#1002,.F.);
#1002 = EDGE_CURVE('',#943,#994,#1003,.T.);
#1003 = LINE('',#1004,#1005);
#1004 = CARTESIAN_POINT('',(117.15,-129.5875,0.));
#1005 = VECTOR('',#1006,1.);
#1006 = DIRECTION('',(0.,-1.,0.));
#1007 = FACE_BOUND('',#1008,.F.);
#1008 = EDGE_LOOP('',(#1009,#1020,#1028,#1037,#1045,#1054,#1062,#1071));
#1009 = ORIENTED_EDGE('',*,*,#1010,.F.);
#1010 = EDGE_CURVE('',#1011,#1013,#1015,.T.);
#1011 = VERTEX_POINT('',#1012);
#1012 = CARTESIAN_POINT('',(136.75,-129.0875,0.));
#1013 = VERTEX_POINT('',#1014);
#1014 = CARTESIAN_POINT('',(136.25,-129.5875,0.));
#1015 = CIRCLE('',#1016,0.500001333575);
#1016 = AXIS2_PLACEMENT_3D('',#1017,#1018,#1019);
#1017 = CARTESIAN_POINT('',(136.75000133357,-129.5875013335,0.));
#1018 = DIRECTION('',(0.,0.,1.));
#1019 = DIRECTION('',(-2.667139134199E-06,0.999999999996,0.));
#1020 = ORIENTED_EDGE('',*,*,#1021,.F.);
#1021 = EDGE_CURVE('',#1022,#1011,#1024,.T.);
#1022 = VERTEX_POINT('',#1023);
#1023 = CARTESIAN_POINT('',(149.75,-129.0875,0.));
#1024 = LINE('',#1025,#1026);
#1025 = CARTESIAN_POINT('',(149.75,-129.0875,0.));
#1026 = VECTOR('',#1027,1.);
#1027 = DIRECTION('',(-1.,0.,0.));
#1028 = ORIENTED_EDGE('',*,*,#1029,.F.);
#1029 = EDGE_CURVE('',#1030,#1022,#1032,.T.);
#1030 = VERTEX_POINT('',#1031);
#1031 = CARTESIAN_POINT('',(150.25,-129.5875,0.));
#1032 = CIRCLE('',#1033,0.500001333575);
#1033 = AXIS2_PLACEMENT_3D('',#1034,#1035,#1036);
#1034 = CARTESIAN_POINT('',(149.74999866642,-129.5875013335,0.));
#1035 = DIRECTION('',(0.,0.,1.));
#1036 = DIRECTION('',(0.999999999996,2.667139191043E-06,-0.));
#1037 = ORIENTED_EDGE('',*,*,#1038,.F.);
#1038 = EDGE_CURVE('',#1039,#1030,#1041,.T.);
#1039 = VERTEX_POINT('',#1040);
#1040 = CARTESIAN_POINT('',(150.25,-142.5875,0.));
#1041 = LINE('',#1042,#1043);
#1042 = CARTESIAN_POINT('',(150.25,-142.5875,0.));
#1043 = VECTOR('',#1044,1.);
#1044 = DIRECTION('',(0.,1.,0.));
#1045 = ORIENTED_EDGE('',*,*,#1046,.F.);
#1046 = EDGE_CURVE('',#1047,#1039,#1049,.T.);
#1047 = VERTEX_POINT('',#1048);
#1048 = CARTESIAN_POINT('',(149.75,-143.0875,0.));
#1049 = CIRCLE('',#1050,0.500001333575);
#1050 = AXIS2_PLACEMENT_3D('',#1051,#1052,#1053);
#1051 = CARTESIAN_POINT('',(149.74999866642,-142.5874986664,0.));
#1052 = DIRECTION('',(0.,0.,1.));
#1053 = DIRECTION('',(2.667139134199E-06,-0.999999999996,0.));
#1054 = ORIENTED_EDGE('',*,*,#1055,.F.);
#1055 = EDGE_CURVE('',#1056,#1047,#1058,.T.);
#1056 = VERTEX_POINT('',#1057);
#1057 = CARTESIAN_POINT('',(136.75,-143.0875,0.));
#1058 = LINE('',#1059,#1060);
#1059 = CARTESIAN_POINT('',(136.75,-143.0875,0.));
#1060 = VECTOR('',#1061,1.);
#1061 = DIRECTION('',(1.,0.,0.));
#1062 = ORIENTED_EDGE('',*,*,#1063,.F.);
#1063 = EDGE_CURVE('',#1064,#1056,#1066,.T.);
#1064 = VERTEX_POINT('',#1065);
#1065 = CARTESIAN_POINT('',(136.25,-142.5875,0.));
#1066 = CIRCLE('',#1067,0.500001333575);
#1067 = AXIS2_PLACEMENT_3D('',#1068,#1069,#1070);
#1068 = CARTESIAN_POINT('',(136.75000133357,-142.5874986664,0.));
#1069 = DIRECTION('',(0.,0.,1.));
#1070 = DIRECTION('',(-0.999999999996,-2.667139191043E-06,0.));
#1071 = ORIENTED_EDGE('',*,*,#1072,.F.);
#1072 = EDGE_CURVE('',#1013,#1064,#1073,.T.);
#1073 = LINE('',#1074,#1075);
#1074 = CARTESIAN_POINT('',(136.25,-129.5875,0.));
#1075 = VECTOR('',#1076,1.);
#1076 = DIRECTION('',(0.,-1.,0.));
#1077 = FACE_BOUND('',#1078,.F.);
#1078 = EDGE_LOOP('',(#1079,#1090,#1098,#1107,#1115,#1124,#1132,#1141));
#1079 = ORIENTED_EDGE('',*,*,#1080,.F.);
#1080 = EDGE_CURVE('',#1081,#1083,#1085,.T.);
#1081 = VERTEX_POINT('',#1082);
#1082 = CARTESIAN_POINT('',(155.85,-129.0875,0.));
#1083 = VERTEX_POINT('',#1084);
#1084 = CARTESIAN_POINT('',(155.35,-129.5875,0.));
#1085 = CIRCLE('',#1086,0.500001333575);
#1086 = AXIS2_PLACEMENT_3D('',#1087,#1088,#1089);
#1087 = CARTESIAN_POINT('',(155.85000133357,-129.5875013335,0.));
#1088 = DIRECTION('',(0.,0.,1.));
#1089 = DIRECTION('',(-2.667139191042E-06,0.999999999996,0.));
#1090 = ORIENTED_EDGE('',*,*,#1091,.F.);
#1091 = EDGE_CURVE('',#1092,#1081,#1094,.T.);
#1092 = VERTEX_POINT('',#1093);
#1093 = CARTESIAN_POINT('',(168.85,-129.0875,0.));
#1094 = LINE('',#1095,#1096);
#1095 = CARTESIAN_POINT('',(168.85,-129.0875,0.));
#1096 = VECTOR('',#1097,1.);
#1097 = DIRECTION('',(-1.,0.,0.));
#1098 = ORIENTED_EDGE('',*,*,#1099,.F.);
#1099 = EDGE_CURVE('',#1100,#1092,#1102,.T.);
#1100 = VERTEX_POINT('',#1101);
#1101 = CARTESIAN_POINT('',(169.35,-129.5875,0.));
#1102 = CIRCLE('',#1103,0.500001333575);
#1103 = AXIS2_PLACEMENT_3D('',#1104,#1105,#1106);
#1104 = CARTESIAN_POINT('',(168.84999866642,-129.5875013335,0.));
#1105 = DIRECTION('',(0.,0.,1.));
#1106 = DIRECTION('',(0.999999999996,2.667139191042E-06,-0.));
#1107 = ORIENTED_EDGE('',*,*,#1108,.F.);
#1108 = EDGE_CURVE('',#1109,#1100,#1111,.T.);
#1109 = VERTEX_POINT('',#1110);
#1110 = CARTESIAN_POINT('',(169.35,-142.5875,0.));
#1111 = LINE('',#1112,#1113);
#1112 = CARTESIAN_POINT('',(169.35,-142.5875,0.));
#1113 = VECTOR('',#1114,1.);
#1114 = DIRECTION('',(0.,1.,0.));
#1115 = ORIENTED_EDGE('',*,*,#1116,.F.);
#1116 = EDGE_CURVE('',#1117,#1109,#1119,.T.);
#1117 = VERTEX_POINT('',#1118);
#1118 = CARTESIAN_POINT('',(168.85,-143.0875,0.));
#1119 = CIRCLE('',#1120,0.500001333575);
#1120 = AXIS2_PLACEMENT_3D('',#1121,#1122,#1123);
#1121 = CARTESIAN_POINT('',(168.84999866642,-142.5874986664,0.));
#1122 = DIRECTION('',(0.,0.,1.));
#1123 = DIRECTION('',(2.667139191042E-06,-0.999999999996,0.));
#1124 = ORIENTED_EDGE('',*,*,#1125,.F.);
#1125 = EDGE_CURVE('',#1126,#1117,#1128,.T.);
#1126 = VERTEX_POINT('',#1127);
#1127 = CARTESIAN_POINT('',(155.85,-143.0875,0.));
#1128 = LINE('',#1129,#1130);
#1129 = CARTESIAN_POINT('',(155.85,-143.0875,0.));
#1130 = VECTOR('',#1131,1.);
#1131 = DIRECTION('',(1.,0.,0.));
#1132 = ORIENTED_EDGE('',*,*,#1133,.F.);
#1133 = EDGE_CURVE('',#1134,#1126,#1136,.T.);
#1134 = VERTEX_POINT('',#1135);
#1135 = CARTESIAN_POINT('',(155.35,-142.5875,0.));
#1136 = CIRCLE('',#1137,0.500001333575);
#1137 = AXIS2_PLACEMENT_3D('',#1138,#1139,#1140);
#1138 = CARTESIAN_POINT('',(155.85000133357,-142.5874986664,0.));
#1139 = DIRECTION('',(0.,0.,1.));
#1140 = DIRECTION('',(-0.999999999996,-2.667139191042E-06,0.));
#1141 = ORIENTED_EDGE('',*,*,#1142,.F.);
#1142 = EDGE_CURVE('',#1083,#1134,#1143,.T.);
#1143 = LINE('',#1144,#1145);
#1144 = CARTESIAN_POINT('',(155.35,-129.5875,0.));
#1145 = VECTOR('',#1146,1.);
#1146 = DIRECTION('',(0.,-1.,0.));
#1147 = FACE_BOUND('',#1148,.F.);
#1148 = EDGE_LOOP('',(#1149,#1160,#1168,#1177,#1185,#1194,#1202,#1211));
#1149 = ORIENTED_EDGE('',*,*,#1150,.F.);
#1150 = EDGE_CURVE('',#1151,#1153,#1155,.T.);
#1151 = VERTEX_POINT('',#1152);
#1152 = CARTESIAN_POINT('',(174.95,-129.0875,0.));
#1153 = VERTEX_POINT('',#1154);
#1154 = CARTESIAN_POINT('',(174.45,-129.5875,0.));
#1155 = CIRCLE('',#1156,0.500001333575);
#1156 = AXIS2_PLACEMENT_3D('',#1157,#1158,#1159);
#1157 = CARTESIAN_POINT('',(174.95000133357,-129.5875013335,0.));
#1158 = DIRECTION('',(0.,0.,1.));
#1159 = DIRECTION('',(-2.667139247886E-06,0.999999999996,0.));
#1160 = ORIENTED_EDGE('',*,*,#1161,.F.);
#1161 = EDGE_CURVE('',#1162,#1151,#1164,.T.);
#1162 = VERTEX_POINT('',#1163);
#1163 = CARTESIAN_POINT('',(187.95,-129.0875,0.));
#1164 = LINE('',#1165,#1166);
#1165 = CARTESIAN_POINT('',(187.95,-129.0875,0.));
#1166 = VECTOR('',#1167,1.);
#1167 = DIRECTION('',(-1.,0.,0.));
#1168 = ORIENTED_EDGE('',*,*,#1169,.F.);
#1169 = EDGE_CURVE('',#1170,#1162,#1172,.T.);
#1170 = VERTEX_POINT('',#1171);
#1171 = CARTESIAN_POINT('',(188.45,-129.5875,0.));
#1172 = CIRCLE('',#1173,0.500001333575);
#1173 = AXIS2_PLACEMENT_3D('',#1174,#1175,#1176);
#1174 = CARTESIAN_POINT('',(187.94999866642,-129.5875013335,0.));
#1175 = DIRECTION('',(0.,0.,1.));
#1176 = DIRECTION('',(0.999999999996,2.667139191043E-06,-0.));
#1177 = ORIENTED_EDGE('',*,*,#1178,.F.);
#1178 = EDGE_CURVE('',#1179,#1170,#1181,.T.);
#1179 = VERTEX_POINT('',#1180);
#1180 = CARTESIAN_POINT('',(188.45,-142.5875,0.));
#1181 = LINE('',#1182,#1183);
#1182 = CARTESIAN_POINT('',(188.45,-142.5875,0.));
#1183 = VECTOR('',#1184,1.);
#1184 = DIRECTION('',(0.,1.,0.));
#1185 = ORIENTED_EDGE('',*,*,#1186,.F.);
#1186 = EDGE_CURVE('',#1187,#1179,#1189,.T.);
#1187 = VERTEX_POINT('',#1188);
#1188 = CARTESIAN_POINT('',(187.95,-143.0875,0.));
#1189 = CIRCLE('',#1190,0.500001333575);
#1190 = AXIS2_PLACEMENT_3D('',#1191,#1192,#1193);
#1191 = CARTESIAN_POINT('',(187.94999866642,-142.5874986664,0.));
#1192 = DIRECTION('',(0.,0.,1.));
#1193 = DIRECTION('',(2.667139134199E-06,-0.999999999996,0.));
#1194 = ORIENTED_EDGE('',*,*,#1195,.F.);
#1195 = EDGE_CURVE('',#1196,#1187,#1198,.T.);
#1196 = VERTEX_POINT('',#1197);
#1197 = CARTESIAN_POINT('',(174.95,-143.0875,0.));
#1198 = LINE('',#1199,#1200);
#1199 = CARTESIAN_POINT('',(174.95,-143.0875,0.));
#1200 = VECTOR('',#1201,1.);
#1201 = DIRECTION('',(1.,0.,0.));
#1202 = ORIENTED_EDGE('',*,*,#1203,.F.);
#1203 = EDGE_CURVE('',#1204,#1196,#1206,.T.);
#1204 = VERTEX_POINT('',#1205);
#1205 = CARTESIAN_POINT('',(174.45,-142.5875,0.));
#1206 = CIRCLE('',#1207,0.500001333575);
#1207 = AXIS2_PLACEMENT_3D('',#1208,#1209,#1210);
#1208 = CARTESIAN_POINT('',(174.95000133357,-142.5874986664,0.));
#1209 = DIRECTION('',(0.,0.,1.));
#1210 = DIRECTION('',(-0.999999999996,-2.667139247886E-06,0.));
#1211 = ORIENTED_EDGE('',*,*,#1212,.F.);
#1212 = EDGE_CURVE('',#1153,#1204,#1213,.T.);
#1213 = LINE('',#1214,#1215);
#1214 = CARTESIAN_POINT('',(174.45,-129.5875,0.));
#1215 = VECTOR('',#1216,1.);
#1216 = DIRECTION('',(0.,-1.,0.));
#1217 = FACE_BOUND('',#1218,.F.);
#1218 = EDGE_LOOP('',(#1219,#1230,#1238,#1247,#1255,#1264,#1272,#1281));
#1219 = ORIENTED_EDGE('',*,*,#1220,.F.);
#1220 = EDGE_CURVE('',#1221,#1223,#1225,.T.);
#1221 = VERTEX_POINT('',#1222);
#1222 = CARTESIAN_POINT('',(194.05,-129.0875,0.));
#1223 = VERTEX_POINT('',#1224);
#1224 = CARTESIAN_POINT('',(193.55,-129.5875,0.));
#1225 = CIRCLE('',#1226,0.500001333575);
#1226 = AXIS2_PLACEMENT_3D('',#1227,#1228,#1229);
#1227 = CARTESIAN_POINT('',(194.05000133357,-129.5875013335,0.));
#1228 = DIRECTION('',(0.,0.,1.));
#1229 = DIRECTION('',(-2.667139134199E-06,0.999999999996,0.));
#1230 = ORIENTED_EDGE('',*,*,#1231,.F.);
#1231 = EDGE_CURVE('',#1232,#1221,#1234,.T.);
#1232 = VERTEX_POINT('',#1233);
#1233 = CARTESIAN_POINT('',(207.05,-129.0875,0.));
#1234 = LINE('',#1235,#1236);
#1235 = CARTESIAN_POINT('',(207.05,-129.0875,0.));
#1236 = VECTOR('',#1237,1.);
#1237 = DIRECTION('',(-1.,0.,0.));
#1238 = ORIENTED_EDGE('',*,*,#1239,.F.);
#1239 = EDGE_CURVE('',#1240,#1232,#1242,.T.);
#1240 = VERTEX_POINT('',#1241);
#1241 = CARTESIAN_POINT('',(207.55,-129.5875,0.));
#1242 = CIRCLE('',#1243,0.500001333575);
#1243 = AXIS2_PLACEMENT_3D('',#1244,#1245,#1246);
#1244 = CARTESIAN_POINT('',(207.04999866642,-129.5875013335,0.));
#1245 = DIRECTION('',(0.,0.,1.));
#1246 = DIRECTION('',(0.999999999996,2.667139247886E-06,-0.));
#1247 = ORIENTED_EDGE('',*,*,#1248,.F.);
#1248 = EDGE_CURVE('',#1249,#1240,#1251,.T.);
#1249 = VERTEX_POINT('',#1250);
#1250 = CARTESIAN_POINT('',(207.55,-142.5875,0.));
#1251 = LINE('',#1252,#1253);
#1252 = CARTESIAN_POINT('',(207.55,-142.5875,0.));
#1253 = VECTOR('',#1254,1.);
#1254 = DIRECTION('',(0.,1.,0.));
#1255 = ORIENTED_EDGE('',*,*,#1256,.F.);
#1256 = EDGE_CURVE('',#1257,#1249,#1259,.T.);
#1257 = VERTEX_POINT('',#1258);
#1258 = CARTESIAN_POINT('',(207.05,-143.0875,0.));
#1259 = CIRCLE('',#1260,0.500001333575);
#1260 = AXIS2_PLACEMENT_3D('',#1261,#1262,#1263);
#1261 = CARTESIAN_POINT('',(207.04999866642,-142.5874986664,0.));
#1262 = DIRECTION('',(0.,0.,1.));
#1263 = DIRECTION('',(2.667139247886E-06,-0.999999999996,0.));
#1264 = ORIENTED_EDGE('',*,*,#1265,.F.);
#1265 = EDGE_CURVE('',#1266,#1257,#1268,.T.);
#1266 = VERTEX_POINT('',#1267);
#1267 = CARTESIAN_POINT('',(194.05,-143.0875,0.));
#1268 = LINE('',#1269,#1270);
#1269 = CARTESIAN_POINT('',(194.05,-143.0875,0.));
#1270 = VECTOR('',#1271,1.);
#1271 = DIRECTION('',(1.,0.,0.));
#1272 = ORIENTED_EDGE('',*,*,#1273,.F.);
#1273 = EDGE_CURVE('',#1274,#1266,#1276,.T.);
#1274 = VERTEX_POINT('',#1275);
#1275 = CARTESIAN_POINT('',(193.55,-142.5875,0.));
#1276 = CIRCLE('',#1277,0.500001333575);
#1277 = AXIS2_PLACEMENT_3D('',#1278,#1279,#1280);
#1278 = CARTESIAN_POINT('',(194.05000133357,-142.5874986664,0.));
#1279 = DIRECTION('',(0.,0.,1.));
#1280 = DIRECTION('',(-0.999999999996,-2.667139191043E-06,0.));
#1281 = ORIENTED_EDGE('',*,*,#1282,.F.);
#1282 = EDGE_CURVE('',#1223,#1274,#1283,.T.);
#1283 = LINE('',#1284,#1285);
#1284 = CARTESIAN_POINT('',(193.55,-129.5875,0.));
#1285 = VECTOR('',#1286,1.);
#1286 = DIRECTION('',(0.,-1.,0.));
#1287 = FACE_BOUND('',#1288,.F.);
#1288 = EDGE_LOOP('',(#1289));
#1289 = ORIENTED_EDGE('',*,*,#1290,.T.);
#1290 = EDGE_CURVE('',#1291,#1291,#1293,.T.);
#1291 = VERTEX_POINT('',#1292);
#1292 = CARTESIAN_POINT('',(281.725,-168.725,0.));
#1293 = CIRCLE('',#1294,1.6);
#1294 = AXIS2_PLACEMENT_3D('',#1295,#1296,#1297);
#1295 = CARTESIAN_POINT('',(281.725,-167.125,0.));
#1296 = DIRECTION('',(-0.,0.,-1.));
#1297 = DIRECTION('',(-0.,-1.,0.));
#1298 = FACE_BOUND('',#1299,.F.);
#1299 = EDGE_LOOP('',(#1300,#1311,#1319,#1328,#1336,#1345,#1353,#1362));
#1300 = ORIENTED_EDGE('',*,*,#1301,.F.);
#1301 = EDGE_CURVE('',#1302,#1304,#1306,.T.);
#1302 = VERTEX_POINT('',#1303);
#1303 = CARTESIAN_POINT('',(210.7625,-148.1875,0.));
#1304 = VERTEX_POINT('',#1305);
#1305 = CARTESIAN_POINT('',(210.2625,-148.6875,0.));
#1306 = CIRCLE('',#1307,0.500001333575);
#1307 = AXIS2_PLACEMENT_3D('',#1308,#1309,#1310);
#1308 = CARTESIAN_POINT('',(210.76250133357,-148.6875013335,0.));
#1309 = DIRECTION('',(0.,0.,1.));
#1310 = DIRECTION('',(-2.667139247886E-06,0.999999999996,0.));
#1311 = ORIENTED_EDGE('',*,*,#1312,.F.);
#1312 = EDGE_CURVE('',#1313,#1302,#1315,.T.);
#1313 = VERTEX_POINT('',#1314);
#1314 = CARTESIAN_POINT('',(223.7625,-148.1875,0.));
#1315 = LINE('',#1316,#1317);
#1316 = CARTESIAN_POINT('',(223.7625,-148.1875,0.));
#1317 = VECTOR('',#1318,1.);
#1318 = DIRECTION('',(-1.,0.,0.));
#1319 = ORIENTED_EDGE('',*,*,#1320,.F.);
#1320 = EDGE_CURVE('',#1321,#1313,#1323,.T.);
#1321 = VERTEX_POINT('',#1322);
#1322 = CARTESIAN_POINT('',(224.2625,-148.6875,0.));
#1323 = CIRCLE('',#1324,0.500001333575);
#1324 = AXIS2_PLACEMENT_3D('',#1325,#1326,#1327);
#1325 = CARTESIAN_POINT('',(223.76249866642,-148.6875013335,0.));
#1326 = DIRECTION('',(0.,0.,1.));
#1327 = DIRECTION('',(0.999999999996,2.667139134199E-06,-0.));
#1328 = ORIENTED_EDGE('',*,*,#1329,.F.);
#1329 = EDGE_CURVE('',#1330,#1321,#1332,.T.);
#1330 = VERTEX_POINT('',#1331);
#1331 = CARTESIAN_POINT('',(224.2625,-161.6875,0.));
#1332 = LINE('',#1333,#1334);
#1333 = CARTESIAN_POINT('',(224.2625,-161.6875,0.));
#1334 = VECTOR('',#1335,1.);
#1335 = DIRECTION('',(0.,1.,0.));
#1336 = ORIENTED_EDGE('',*,*,#1337,.F.);
#1337 = EDGE_CURVE('',#1338,#1330,#1340,.T.);
#1338 = VERTEX_POINT('',#1339);
#1339 = CARTESIAN_POINT('',(223.7625,-162.1875,0.));
#1340 = CIRCLE('',#1341,0.500001333575);
#1341 = AXIS2_PLACEMENT_3D('',#1342,#1343,#1344);
#1342 = CARTESIAN_POINT('',(223.76249866642,-161.6874986664,0.));
#1343 = DIRECTION('',(0.,0.,1.));
#1344 = DIRECTION('',(2.667139134199E-06,-0.999999999996,0.));
#1345 = ORIENTED_EDGE('',*,*,#1346,.F.);
#1346 = EDGE_CURVE('',#1347,#1338,#1349,.T.);
#1347 = VERTEX_POINT('',#1348);
#1348 = CARTESIAN_POINT('',(210.7625,-162.1875,0.));
#1349 = LINE('',#1350,#1351);
#1350 = CARTESIAN_POINT('',(210.7625,-162.1875,0.));
#1351 = VECTOR('',#1352,1.);
#1352 = DIRECTION('',(1.,0.,0.));
#1353 = ORIENTED_EDGE('',*,*,#1354,.F.);
#1354 = EDGE_CURVE('',#1355,#1347,#1357,.T.);
#1355 = VERTEX_POINT('',#1356);
#1356 = CARTESIAN_POINT('',(210.2625,-161.6875,0.));
#1357 = CIRCLE('',#1358,0.500001333575);
#1358 = AXIS2_PLACEMENT_3D('',#1359,#1360,#1361);
#1359 = CARTESIAN_POINT('',(210.76250133357,-161.6874986664,0.));
#1360 = DIRECTION('',(0.,0.,1.));
#1361 = DIRECTION('',(-0.999999999996,-2.667139191042E-06,0.));
#1362 = ORIENTED_EDGE('',*,*,#1363,.F.);
#1363 = EDGE_CURVE('',#1304,#1355,#1364,.T.);
#1364 = LINE('',#1365,#1366);
#1365 = CARTESIAN_POINT('',(210.2625,-148.6875,0.));
#1366 = VECTOR('',#1367,1.);
#1367 = DIRECTION('',(0.,-1.,0.));
#1368 = FACE_BOUND('',#1369,.F.);
#1369 = EDGE_LOOP('',(#1370,#1381,#1389,#1398,#1406,#1415,#1423,#1432));
#1370 = ORIENTED_EDGE('',*,*,#1371,.F.);
#1371 = EDGE_CURVE('',#1372,#1374,#1376,.T.);
#1372 = VERTEX_POINT('',#1373);
#1373 = CARTESIAN_POINT('',(226.2005,-147.1875,0.));
#1374 = VERTEX_POINT('',#1375);
#1375 = CARTESIAN_POINT('',(225.7005,-147.6875,0.));
#1376 = CIRCLE('',#1377,0.500001333575);
#1377 = AXIS2_PLACEMENT_3D('',#1378,#1379,#1380);
#1378 = CARTESIAN_POINT('',(226.20050133357,-147.6875013335,0.));
#1379 = DIRECTION('',(0.,0.,1.));
#1380 = DIRECTION('',(-2.667139191043E-06,0.999999999996,0.));
#1381 = ORIENTED_EDGE('',*,*,#1382,.F.);
#1382 = EDGE_CURVE('',#1383,#1372,#1385,.T.);
#1383 = VERTEX_POINT('',#1384);
#1384 = CARTESIAN_POINT('',(236.8375,-147.1875,0.));
#1385 = LINE('',#1386,#1387);
#1386 = CARTESIAN_POINT('',(236.8375,-147.1875,0.));
#1387 = VECTOR('',#1388,1.);
#1388 = DIRECTION('',(-1.,0.,0.));
#1389 = ORIENTED_EDGE('',*,*,#1390,.F.);
#1390 = EDGE_CURVE('',#1391,#1383,#1393,.T.);
#1391 = VERTEX_POINT('',#1392);
#1392 = CARTESIAN_POINT('',(237.3375,-147.6875,0.));
#1393 = CIRCLE('',#1394,0.500001333575);
#1394 = AXIS2_PLACEMENT_3D('',#1395,#1396,#1397);
#1395 = CARTESIAN_POINT('',(236.83749866642,-147.6875013335,0.));
#1396 = DIRECTION('',(0.,0.,1.));
#1397 = DIRECTION('',(0.999999999996,2.667139134199E-06,-0.));
#1398 = ORIENTED_EDGE('',*,*,#1399,.F.);
#1399 = EDGE_CURVE('',#1400,#1391,#1402,.T.);
#1400 = VERTEX_POINT('',#1401);
#1401 = CARTESIAN_POINT('',(237.3375,-161.6875,0.));
#1402 = LINE('',#1403,#1404);
#1403 = CARTESIAN_POINT('',(237.3375,-161.6875,0.));
#1404 = VECTOR('',#1405,1.);
#1405 = DIRECTION('',(0.,1.,0.));
#1406 = ORIENTED_EDGE('',*,*,#1407,.F.);
#1407 = EDGE_CURVE('',#1408,#1400,#1410,.T.);
#1408 = VERTEX_POINT('',#1409);
#1409 = CARTESIAN_POINT('',(236.8375,-162.1875,0.));
#1410 = CIRCLE('',#1411,0.500001333575);
#1411 = AXIS2_PLACEMENT_3D('',#1412,#1413,#1414);
#1412 = CARTESIAN_POINT('',(236.83749866642,-161.6874986664,0.));
#1413 = DIRECTION('',(0.,0.,1.));
#1414 = DIRECTION('',(2.667139191043E-06,-0.999999999996,0.));
#1415 = ORIENTED_EDGE('',*,*,#1416,.F.);
#1416 = EDGE_CURVE('',#1417,#1408,#1419,.T.);
#1417 = VERTEX_POINT('',#1418);
#1418 = CARTESIAN_POINT('',(226.2005,-162.1875,0.));
#1419 = LINE('',#1420,#1421);
#1420 = CARTESIAN_POINT('',(226.2005,-162.1875,0.));
#1421 = VECTOR('',#1422,1.);
#1422 = DIRECTION('',(1.,0.,0.));
#1423 = ORIENTED_EDGE('',*,*,#1424,.F.);
#1424 = EDGE_CURVE('',#1425,#1417,#1427,.T.);
#1425 = VERTEX_POINT('',#1426);
#1426 = CARTESIAN_POINT('',(225.7005,-161.6875,0.));
#1427 = CIRCLE('',#1428,0.500001333575);
#1428 = AXIS2_PLACEMENT_3D('',#1429,#1430,#1431);
#1429 = CARTESIAN_POINT('',(226.20050133357,-161.6874986664,0.));
#1430 = DIRECTION('',(0.,0.,1.));
#1431 = DIRECTION('',(-0.999999999996,-2.667139134199E-06,0.));
#1432 = ORIENTED_EDGE('',*,*,#1433,.F.);
#1433 = EDGE_CURVE('',#1374,#1425,#1434,.T.);
#1434 = LINE('',#1435,#1436);
#1435 = CARTESIAN_POINT('',(225.7005,-147.6875,0.));
#1436 = VECTOR('',#1437,1.);
#1437 = DIRECTION('',(0.,-1.,0.));
#1438 = FACE_BOUND('',#1439,.F.);
#1439 = EDGE_LOOP('',(#1440,#1451,#1459,#1468,#1476,#1484,#1493,#1501,
    #1510,#1518,#1527,#1535,#1544,#1552));
#1440 = ORIENTED_EDGE('',*,*,#1441,.F.);
#1441 = EDGE_CURVE('',#1442,#1444,#1446,.T.);
#1442 = VERTEX_POINT('',#1443);
#1443 = CARTESIAN_POINT('',(249.925,-147.1875,0.));
#1444 = VERTEX_POINT('',#1445);
#1445 = CARTESIAN_POINT('',(249.425,-147.6875,0.));
#1446 = CIRCLE('',#1447,0.500001333575);
#1447 = AXIS2_PLACEMENT_3D('',#1448,#1449,#1450);
#1448 = CARTESIAN_POINT('',(249.92500133357,-147.6875013335,0.));
#1449 = DIRECTION('',(0.,0.,1.));
#1450 = DIRECTION('',(-2.667139134199E-06,0.999999999996,0.));
#1451 = ORIENTED_EDGE('',*,*,#1452,.F.);
#1452 = EDGE_CURVE('',#1453,#1442,#1455,.T.);
#1453 = VERTEX_POINT('',#1454);
#1454 = CARTESIAN_POINT('',(255.925,-147.1875,0.));
#1455 = LINE('',#1456,#1457);
#1456 = CARTESIAN_POINT('',(255.925,-147.1875,0.));
#1457 = VECTOR('',#1458,1.);
#1458 = DIRECTION('',(-1.,0.,0.));
#1459 = ORIENTED_EDGE('',*,*,#1460,.F.);
#1460 = EDGE_CURVE('',#1461,#1453,#1463,.T.);
#1461 = VERTEX_POINT('',#1462);
#1462 = CARTESIAN_POINT('',(256.425,-147.6875,0.));
#1463 = CIRCLE('',#1464,0.500001333575);
#1464 = AXIS2_PLACEMENT_3D('',#1465,#1466,#1467);
#1465 = CARTESIAN_POINT('',(255.92499866642,-147.6875013335,0.));
#1466 = DIRECTION('',(0.,0.,1.));
#1467 = DIRECTION('',(0.999999999996,2.667139191042E-06,-0.));
#1468 = ORIENTED_EDGE('',*,*,#1469,.F.);
#1469 = EDGE_CURVE('',#1470,#1461,#1472,.T.);
#1470 = VERTEX_POINT('',#1471);
#1471 = CARTESIAN_POINT('',(256.425,-148.1875,0.));
#1472 = LINE('',#1473,#1474);
#1473 = CARTESIAN_POINT('',(256.425,-148.1875,0.));
#1474 = VECTOR('',#1475,1.);
#1475 = DIRECTION('',(0.,1.,0.));
#1476 = ORIENTED_EDGE('',*,*,#1477,.F.);
#1477 = EDGE_CURVE('',#1478,#1470,#1480,.T.);
#1478 = VERTEX_POINT('',#1479);
#1479 = CARTESIAN_POINT('',(261.9625,-148.1875,0.));
#1480 = LINE('',#1481,#1482);
#1481 = CARTESIAN_POINT('',(261.9625,-148.1875,0.));
#1482 = VECTOR('',#1483,1.);
#1483 = DIRECTION('',(-1.,0.,0.));
#1484 = ORIENTED_EDGE('',*,*,#1485,.F.);
#1485 = EDGE_CURVE('',#1486,#1478,#1488,.T.);
#1486 = VERTEX_POINT('',#1487);
#1487 = CARTESIAN_POINT('',(262.4625,-148.6875,0.));
#1488 = CIRCLE('',#1489,0.500001333575);
#1489 = AXIS2_PLACEMENT_3D('',#1490,#1491,#1492);
#1490 = CARTESIAN_POINT('',(261.96249866642,-148.6875013335,0.));
#1491 = DIRECTION('',(0.,0.,1.));
#1492 = DIRECTION('',(0.999999999996,2.667139020513E-06,-0.));
#1493 = ORIENTED_EDGE('',*,*,#1494,.F.);
#1494 = EDGE_CURVE('',#1495,#1486,#1497,.T.);
#1495 = VERTEX_POINT('',#1496);
#1496 = CARTESIAN_POINT('',(262.4625,-161.6875,0.));
#1497 = LINE('',#1498,#1499);
#1498 = CARTESIAN_POINT('',(262.4625,-161.6875,0.));
#1499 = VECTOR('',#1500,1.);
#1500 = DIRECTION('',(0.,1.,0.));
#1501 = ORIENTED_EDGE('',*,*,#1502,.F.);
#1502 = EDGE_CURVE('',#1503,#1495,#1505,.T.);
#1503 = VERTEX_POINT('',#1504);
#1504 = CARTESIAN_POINT('',(261.9625,-162.1875,0.));
#1505 = CIRCLE('',#1506,0.500001333575);
#1506 = AXIS2_PLACEMENT_3D('',#1507,#1508,#1509);
#1507 = CARTESIAN_POINT('',(261.96249866642,-161.6874986664,0.));
#1508 = DIRECTION('',(0.,0.,1.));
#1509 = DIRECTION('',(2.667139077356E-06,-0.999999999996,0.));
#1510 = ORIENTED_EDGE('',*,*,#1511,.F.);
#1511 = EDGE_CURVE('',#1512,#1503,#1514,.T.);
#1512 = VERTEX_POINT('',#1513);
#1513 = CARTESIAN_POINT('',(248.9625,-162.1875,0.));
#1514 = LINE('',#1515,#1516);
#1515 = CARTESIAN_POINT('',(248.9625,-162.1875,0.));
#1516 = VECTOR('',#1517,1.);
#1517 = DIRECTION('',(1.,0.,0.));
#1518 = ORIENTED_EDGE('',*,*,#1519,.F.);
#1519 = EDGE_CURVE('',#1520,#1512,#1522,.T.);
#1520 = VERTEX_POINT('',#1521);
#1521 = CARTESIAN_POINT('',(248.4625,-161.6875,0.));
#1522 = CIRCLE('',#1523,0.500001333575);
#1523 = AXIS2_PLACEMENT_3D('',#1524,#1525,#1526);
#1524 = CARTESIAN_POINT('',(248.96250133357,-161.6874986664,0.));
#1525 = DIRECTION('',(0.,0.,1.));
#1526 = DIRECTION('',(-0.999999999996,-2.667139134199E-06,0.));
#1527 = ORIENTED_EDGE('',*,*,#1528,.F.);
#1528 = EDGE_CURVE('',#1529,#1520,#1531,.T.);
#1529 = VERTEX_POINT('',#1530);
#1530 = CARTESIAN_POINT('',(248.4625,-148.6875,0.));
#1531 = LINE('',#1532,#1533);
#1532 = CARTESIAN_POINT('',(248.4625,-148.6875,0.));
#1533 = VECTOR('',#1534,1.);
#1534 = DIRECTION('',(0.,-1.,0.));
#1535 = ORIENTED_EDGE('',*,*,#1536,.F.);
#1536 = EDGE_CURVE('',#1537,#1529,#1539,.T.);
#1537 = VERTEX_POINT('',#1538);
#1538 = CARTESIAN_POINT('',(248.9625,-148.1875,0.));
#1539 = CIRCLE('',#1540,0.500001333575);
#1540 = AXIS2_PLACEMENT_3D('',#1541,#1542,#1543);
#1541 = CARTESIAN_POINT('',(248.96250133357,-148.6875013335,0.));
#1542 = DIRECTION('',(0.,0.,1.));
#1543 = DIRECTION('',(-2.667139191043E-06,0.999999999996,0.));
#1544 = ORIENTED_EDGE('',*,*,#1545,.F.);
#1545 = EDGE_CURVE('',#1546,#1537,#1548,.T.);
#1546 = VERTEX_POINT('',#1547);
#1547 = CARTESIAN_POINT('',(249.425,-148.1875,0.));
#1548 = LINE('',#1549,#1550);
#1549 = CARTESIAN_POINT('',(249.425,-148.1875,0.));
#1550 = VECTOR('',#1551,1.);
#1551 = DIRECTION('',(-1.,0.,0.));
#1552 = ORIENTED_EDGE('',*,*,#1553,.F.);
#1553 = EDGE_CURVE('',#1444,#1546,#1554,.T.);
#1554 = LINE('',#1555,#1556);
#1555 = CARTESIAN_POINT('',(249.425,-147.6875,0.));
#1556 = VECTOR('',#1557,1.);
#1557 = DIRECTION('',(0.,-1.,0.));
#1558 = FACE_BOUND('',#1559,.F.);
#1559 = EDGE_LOOP('',(#1560,#1571,#1579,#1588,#1596,#1605,#1613,#1622));
#1560 = ORIENTED_EDGE('',*,*,#1561,.F.);
#1561 = EDGE_CURVE('',#1562,#1564,#1566,.T.);
#1562 = VERTEX_POINT('',#1563);
#1563 = CARTESIAN_POINT('',(270.45,-148.1875,0.));
#1564 = VERTEX_POINT('',#1565);
#1565 = CARTESIAN_POINT('',(269.95,-148.6875,0.));
#1566 = CIRCLE('',#1567,0.500001333575);
#1567 = AXIS2_PLACEMENT_3D('',#1568,#1569,#1570);
#1568 = CARTESIAN_POINT('',(270.45000133357,-148.6875013335,0.));
#1569 = DIRECTION('',(0.,0.,1.));
#1570 = DIRECTION('',(-2.667139191042E-06,0.999999999996,0.));
#1571 = ORIENTED_EDGE('',*,*,#1572,.F.);
#1572 = EDGE_CURVE('',#1573,#1562,#1575,.T.);
#1573 = VERTEX_POINT('',#1574);
#1574 = CARTESIAN_POINT('',(285.8375,-148.1875,0.));
#1575 = LINE('',#1576,#1577);
#1576 = CARTESIAN_POINT('',(285.8375,-148.1875,0.));
#1577 = VECTOR('',#1578,1.);
#1578 = DIRECTION('',(-1.,0.,0.));
#1579 = ORIENTED_EDGE('',*,*,#1580,.F.);
#1580 = EDGE_CURVE('',#1581,#1573,#1583,.T.);
#1581 = VERTEX_POINT('',#1582);
#1582 = CARTESIAN_POINT('',(286.3375,-148.6875,0.));
#1583 = CIRCLE('',#1584,0.500001333575);
#1584 = AXIS2_PLACEMENT_3D('',#1585,#1586,#1587);
#1585 = CARTESIAN_POINT('',(285.83749866642,-148.6875013335,0.));
#1586 = DIRECTION('',(0.,0.,1.));
#1587 = DIRECTION('',(0.999999999996,2.667139020513E-06,-0.));
#1588 = ORIENTED_EDGE('',*,*,#1589,.F.);
#1589 = EDGE_CURVE('',#1590,#1581,#1592,.T.);
#1590 = VERTEX_POINT('',#1591);
#1591 = CARTESIAN_POINT('',(286.3375,-161.6875,0.));
#1592 = LINE('',#1593,#1594);
#1593 = CARTESIAN_POINT('',(286.3375,-161.6875,0.));
#1594 = VECTOR('',#1595,1.);
#1595 = DIRECTION('',(0.,1.,0.));
#1596 = ORIENTED_EDGE('',*,*,#1597,.F.);
#1597 = EDGE_CURVE('',#1598,#1590,#1600,.T.);
#1598 = VERTEX_POINT('',#1599);
#1599 = CARTESIAN_POINT('',(285.8375,-162.1875,0.));
#1600 = CIRCLE('',#1601,0.500001333575);
#1601 = AXIS2_PLACEMENT_3D('',#1602,#1603,#1604);
#1602 = CARTESIAN_POINT('',(285.83749866642,-161.6874986664,0.));
#1603 = DIRECTION('',(0.,0.,1.));
#1604 = DIRECTION('',(2.667139077356E-06,-0.999999999996,0.));
#1605 = ORIENTED_EDGE('',*,*,#1606,.F.);
#1606 = EDGE_CURVE('',#1607,#1598,#1609,.T.);
#1607 = VERTEX_POINT('',#1608);
#1608 = CARTESIAN_POINT('',(270.45,-162.1875,0.));
#1609 = LINE('',#1610,#1611);
#1610 = CARTESIAN_POINT('',(270.45,-162.1875,0.));
#1611 = VECTOR('',#1612,1.);
#1612 = DIRECTION('',(1.,0.,0.));
#1613 = ORIENTED_EDGE('',*,*,#1614,.F.);
#1614 = EDGE_CURVE('',#1615,#1607,#1617,.T.);
#1615 = VERTEX_POINT('',#1616);
#1616 = CARTESIAN_POINT('',(269.95,-161.6875,0.));
#1617 = CIRCLE('',#1618,0.500001333575);
#1618 = AXIS2_PLACEMENT_3D('',#1619,#1620,#1621);
#1619 = CARTESIAN_POINT('',(270.45000133357,-161.6874986664,0.));
#1620 = DIRECTION('',(0.,0.,1.));
#1621 = DIRECTION('',(-0.999999999996,-2.667139191042E-06,0.));
#1622 = ORIENTED_EDGE('',*,*,#1623,.F.);
#1623 = EDGE_CURVE('',#1564,#1615,#1624,.T.);
#1624 = LINE('',#1625,#1626);
#1625 = CARTESIAN_POINT('',(269.95,-148.6875,0.));
#1626 = VECTOR('',#1627,1.);
#1627 = DIRECTION('',(0.,-1.,0.));
#1628 = FACE_BOUND('',#1629,.F.);
#1629 = EDGE_LOOP('',(#1630));
#1630 = ORIENTED_EDGE('',*,*,#1631,.T.);
#1631 = EDGE_CURVE('',#1632,#1632,#1634,.T.);
#1632 = VERTEX_POINT('',#1633);
#1633 = CARTESIAN_POINT('',(360.5125,-168.725,0.));
#1634 = CIRCLE('',#1635,1.6);
#1635 = AXIS2_PLACEMENT_3D('',#1636,#1637,#1638);
#1636 = CARTESIAN_POINT('',(360.5125,-167.125,0.));
#1637 = DIRECTION('',(-0.,0.,-1.));
#1638 = DIRECTION('',(-3.552713678801E-14,-1.,0.));
#1639 = FACE_BOUND('',#1640,.F.);
#1640 = EDGE_LOOP('',(#1641,#1652,#1660,#1669,#1677,#1686,#1694,#1703));
#1641 = ORIENTED_EDGE('',*,*,#1642,.F.);
#1642 = EDGE_CURVE('',#1643,#1645,#1647,.T.);
#1643 = VERTEX_POINT('',#1644);
#1644 = CARTESIAN_POINT('',(303.875,-148.1875,0.));
#1645 = VERTEX_POINT('',#1646);
#1646 = CARTESIAN_POINT('',(303.375,-148.6875,0.));
#1647 = CIRCLE('',#1648,0.500001333575);
#1648 = AXIS2_PLACEMENT_3D('',#1649,#1650,#1651);
#1649 = CARTESIAN_POINT('',(303.87500133357,-148.6875013335,0.));
#1650 = DIRECTION('',(0.,0.,1.));
#1651 = DIRECTION('',(-2.667139304729E-06,0.999999999996,0.));
#1652 = ORIENTED_EDGE('',*,*,#1653,.F.);
#1653 = EDGE_CURVE('',#1654,#1643,#1656,.T.);
#1654 = VERTEX_POINT('',#1655);
#1655 = CARTESIAN_POINT('',(316.875,-148.1875,0.));
#1656 = LINE('',#1657,#1658);
#1657 = CARTESIAN_POINT('',(316.875,-148.1875,0.));
#1658 = VECTOR('',#1659,1.);
#1659 = DIRECTION('',(-1.,0.,0.));
#1660 = ORIENTED_EDGE('',*,*,#1661,.F.);
#1661 = EDGE_CURVE('',#1662,#1654,#1664,.T.);
#1662 = VERTEX_POINT('',#1663);
#1663 = CARTESIAN_POINT('',(317.375,-148.6875,0.));
#1664 = CIRCLE('',#1665,0.500001333575);
#1665 = AXIS2_PLACEMENT_3D('',#1666,#1667,#1668);
#1666 = CARTESIAN_POINT('',(316.87499866642,-148.6875013335,0.));
#1667 = DIRECTION('',(0.,0.,1.));
#1668 = DIRECTION('',(0.999999999996,2.667139191042E-06,-0.));
#1669 = ORIENTED_EDGE('',*,*,#1670,.F.);
#1670 = EDGE_CURVE('',#1671,#1662,#1673,.T.);
#1671 = VERTEX_POINT('',#1672);
#1672 = CARTESIAN_POINT('',(317.375,-161.6875,0.));
#1673 = LINE('',#1674,#1675);
#1674 = CARTESIAN_POINT('',(317.375,-161.6875,0.));
#1675 = VECTOR('',#1676,1.);
#1676 = DIRECTION('',(0.,1.,0.));
#1677 = ORIENTED_EDGE('',*,*,#1678,.F.);
#1678 = EDGE_CURVE('',#1679,#1671,#1681,.T.);
#1679 = VERTEX_POINT('',#1680);
#1680 = CARTESIAN_POINT('',(316.875,-162.1875,0.));
#1681 = CIRCLE('',#1682,0.500001333575);
#1682 = AXIS2_PLACEMENT_3D('',#1683,#1684,#1685);
#1683 = CARTESIAN_POINT('',(316.87499866642,-161.6874986664,0.));
#1684 = DIRECTION('',(0.,0.,1.));
#1685 = DIRECTION('',(2.667139304729E-06,-0.999999999996,0.));
#1686 = ORIENTED_EDGE('',*,*,#1687,.F.);
#1687 = EDGE_CURVE('',#1688,#1679,#1690,.T.);
#1688 = VERTEX_POINT('',#1689);
#1689 = CARTESIAN_POINT('',(303.875,-162.1875,0.));
#1690 = LINE('',#1691,#1692);
#1691 = CARTESIAN_POINT('',(303.875,-162.1875,0.));
#1692 = VECTOR('',#1693,1.);
#1693 = DIRECTION('',(1.,0.,0.));
#1694 = ORIENTED_EDGE('',*,*,#1695,.F.);
#1695 = EDGE_CURVE('',#1696,#1688,#1698,.T.);
#1696 = VERTEX_POINT('',#1697);
#1697 = CARTESIAN_POINT('',(303.375,-161.6875,0.));
#1698 = CIRCLE('',#1699,0.500001333575);
#1699 = AXIS2_PLACEMENT_3D('',#1700,#1701,#1702);
#1700 = CARTESIAN_POINT('',(303.87500133357,-161.6874986664,0.));
#1701 = DIRECTION('',(0.,0.,1.));
#1702 = DIRECTION('',(-0.999999999996,-2.667139191042E-06,0.));
#1703 = ORIENTED_EDGE('',*,*,#1704,.F.);
#1704 = EDGE_CURVE('',#1645,#1696,#1705,.T.);
#1705 = LINE('',#1706,#1707);
#1706 = CARTESIAN_POINT('',(303.375,-148.6875,0.));
#1707 = VECTOR('',#1708,1.);
#1708 = DIRECTION('',(0.,-1.,0.));
#1709 = FACE_BOUND('',#1710,.F.);
#1710 = EDGE_LOOP('',(#1711,#1722,#1730,#1739,#1747,#1756,#1764,#1773));
#1711 = ORIENTED_EDGE('',*,*,#1712,.F.);
#1712 = EDGE_CURVE('',#1713,#1715,#1717,.T.);
#1713 = VERTEX_POINT('',#1714);
#1714 = CARTESIAN_POINT('',(322.975,-148.1875,0.));
#1715 = VERTEX_POINT('',#1716);
#1716 = CARTESIAN_POINT('',(322.475,-148.6875,0.));
#1717 = CIRCLE('',#1718,0.500001333575);
#1718 = AXIS2_PLACEMENT_3D('',#1719,#1720,#1721);
#1719 = CARTESIAN_POINT('',(322.97500133357,-148.6875013335,0.));
#1720 = DIRECTION('',(0.,0.,1.));
#1721 = DIRECTION('',(-2.667139077356E-06,0.999999999996,0.));
#1722 = ORIENTED_EDGE('',*,*,#1723,.F.);
#1723 = EDGE_CURVE('',#1724,#1713,#1726,.T.);
#1724 = VERTEX_POINT('',#1725);
#1725 = CARTESIAN_POINT('',(335.975,-148.1875,0.));
#1726 = LINE('',#1727,#1728);
#1727 = CARTESIAN_POINT('',(335.975,-148.1875,0.));
#1728 = VECTOR('',#1729,1.);
#1729 = DIRECTION('',(-1.,0.,0.));
#1730 = ORIENTED_EDGE('',*,*,#1731,.F.);
#1731 = EDGE_CURVE('',#1732,#1724,#1734,.T.);
#1732 = VERTEX_POINT('',#1733);
#1733 = CARTESIAN_POINT('',(336.475,-148.6875,0.));
#1734 = CIRCLE('',#1735,0.500001333575);
#1735 = AXIS2_PLACEMENT_3D('',#1736,#1737,#1738);
#1736 = CARTESIAN_POINT('',(335.97499866642,-148.6875013335,0.));
#1737 = DIRECTION('',(0.,0.,1.));
#1738 = DIRECTION('',(0.999999999996,2.667139191042E-06,-0.));
#1739 = ORIENTED_EDGE('',*,*,#1740,.F.);
#1740 = EDGE_CURVE('',#1741,#1732,#1743,.T.);
#1741 = VERTEX_POINT('',#1742);
#1742 = CARTESIAN_POINT('',(336.475,-161.6875,0.));
#1743 = LINE('',#1744,#1745);
#1744 = CARTESIAN_POINT('',(336.475,-161.6875,0.));
#1745 = VECTOR('',#1746,1.);
#1746 = DIRECTION('',(0.,1.,0.));
#1747 = ORIENTED_EDGE('',*,*,#1748,.F.);
#1748 = EDGE_CURVE('',#1749,#1741,#1751,.T.);
#1749 = VERTEX_POINT('',#1750);
#1750 = CARTESIAN_POINT('',(335.975,-162.1875,0.));
#1751 = CIRCLE('',#1752,0.500001333575);
#1752 = AXIS2_PLACEMENT_3D('',#1753,#1754,#1755);
#1753 = CARTESIAN_POINT('',(335.97499866642,-161.6874986664,0.));
#1754 = DIRECTION('',(0.,0.,1.));
#1755 = DIRECTION('',(2.667139304729E-06,-0.999999999996,0.));
#1756 = ORIENTED_EDGE('',*,*,#1757,.F.);
#1757 = EDGE_CURVE('',#1758,#1749,#1760,.T.);
#1758 = VERTEX_POINT('',#1759);
#1759 = CARTESIAN_POINT('',(322.975,-162.1875,0.));
#1760 = LINE('',#1761,#1762);
#1761 = CARTESIAN_POINT('',(322.975,-162.1875,0.));
#1762 = VECTOR('',#1763,1.);
#1763 = DIRECTION('',(1.,0.,0.));
#1764 = ORIENTED_EDGE('',*,*,#1765,.F.);
#1765 = EDGE_CURVE('',#1766,#1758,#1768,.T.);
#1766 = VERTEX_POINT('',#1767);
#1767 = CARTESIAN_POINT('',(322.475,-161.6875,0.));
#1768 = CIRCLE('',#1769,0.500001333575);
#1769 = AXIS2_PLACEMENT_3D('',#1770,#1771,#1772);
#1770 = CARTESIAN_POINT('',(322.97500133357,-161.6874986664,0.));
#1771 = DIRECTION('',(0.,0.,1.));
#1772 = DIRECTION('',(-0.999999999996,-2.667139020513E-06,0.));
#1773 = ORIENTED_EDGE('',*,*,#1774,.F.);
#1774 = EDGE_CURVE('',#1715,#1766,#1775,.T.);
#1775 = LINE('',#1776,#1777);
#1776 = CARTESIAN_POINT('',(322.475,-148.6875,0.));
#1777 = VECTOR('',#1778,1.);
#1778 = DIRECTION('',(0.,-1.,0.));
#1779 = FACE_BOUND('',#1780,.F.);
#1780 = EDGE_LOOP('',(#1781,#1792,#1800,#1809,#1817,#1826,#1834,#1843));
#1781 = ORIENTED_EDGE('',*,*,#1782,.F.);
#1782 = EDGE_CURVE('',#1783,#1785,#1787,.T.);
#1783 = VERTEX_POINT('',#1784);
#1784 = CARTESIAN_POINT('',(342.075,-148.1875,0.));
#1785 = VERTEX_POINT('',#1786);
#1786 = CARTESIAN_POINT('',(341.575,-148.6875,0.));
#1787 = CIRCLE('',#1788,0.500001333575);
#1788 = AXIS2_PLACEMENT_3D('',#1789,#1790,#1791);
#1789 = CARTESIAN_POINT('',(342.07500133357,-148.6875013335,0.));
#1790 = DIRECTION('',(0.,0.,1.));
#1791 = DIRECTION('',(-2.667139191042E-06,0.999999999996,0.));
#1792 = ORIENTED_EDGE('',*,*,#1793,.F.);
#1793 = EDGE_CURVE('',#1794,#1783,#1796,.T.);
#1794 = VERTEX_POINT('',#1795);
#1795 = CARTESIAN_POINT('',(355.075,-148.1875,0.));
#1796 = LINE('',#1797,#1798);
#1797 = CARTESIAN_POINT('',(355.075,-148.1875,0.));
#1798 = VECTOR('',#1799,1.);
#1799 = DIRECTION('',(-1.,0.,0.));
#1800 = ORIENTED_EDGE('',*,*,#1801,.F.);
#1801 = EDGE_CURVE('',#1802,#1794,#1804,.T.);
#1802 = VERTEX_POINT('',#1803);
#1803 = CARTESIAN_POINT('',(355.575,-148.6875,0.));
#1804 = CIRCLE('',#1805,0.500001333575);
#1805 = AXIS2_PLACEMENT_3D('',#1806,#1807,#1808);
#1806 = CARTESIAN_POINT('',(355.07499866642,-148.6875013335,0.));
#1807 = DIRECTION('',(0.,0.,1.));
#1808 = DIRECTION('',(0.999999999996,2.667139020513E-06,-0.));
#1809 = ORIENTED_EDGE('',*,*,#1810,.F.);
#1810 = EDGE_CURVE('',#1811,#1802,#1813,.T.);
#1811 = VERTEX_POINT('',#1812);
#1812 = CARTESIAN_POINT('',(355.575,-161.6875,0.));
#1813 = LINE('',#1814,#1815);
#1814 = CARTESIAN_POINT('',(355.575,-161.6875,0.));
#1815 = VECTOR('',#1816,1.);
#1816 = DIRECTION('',(0.,1.,0.));
#1817 = ORIENTED_EDGE('',*,*,#1818,.F.);
#1818 = EDGE_CURVE('',#1819,#1811,#1821,.T.);
#1819 = VERTEX_POINT('',#1820);
#1820 = CARTESIAN_POINT('',(355.075,-162.1875,0.));
#1821 = CIRCLE('',#1822,0.500001333575);
#1822 = AXIS2_PLACEMENT_3D('',#1823,#1824,#1825);
#1823 = CARTESIAN_POINT('',(355.07499866642,-161.6874986664,0.));
#1824 = DIRECTION('',(0.,0.,1.));
#1825 = DIRECTION('',(2.667139077356E-06,-0.999999999996,0.));
#1826 = ORIENTED_EDGE('',*,*,#1827,.F.);
#1827 = EDGE_CURVE('',#1828,#1819,#1830,.T.);
#1828 = VERTEX_POINT('',#1829);
#1829 = CARTESIAN_POINT('',(342.075,-162.1875,0.));
#1830 = LINE('',#1831,#1832);
#1831 = CARTESIAN_POINT('',(342.075,-162.1875,0.));
#1832 = VECTOR('',#1833,1.);
#1833 = DIRECTION('',(1.,0.,0.));
#1834 = ORIENTED_EDGE('',*,*,#1835,.F.);
#1835 = EDGE_CURVE('',#1836,#1828,#1838,.T.);
#1836 = VERTEX_POINT('',#1837);
#1837 = CARTESIAN_POINT('',(341.575,-161.6875,0.));
#1838 = CIRCLE('',#1839,0.500001333575);
#1839 = AXIS2_PLACEMENT_3D('',#1840,#1841,#1842);
#1840 = CARTESIAN_POINT('',(342.07500133357,-161.6874986664,0.));
#1841 = DIRECTION('',(0.,0.,1.));
#1842 = DIRECTION('',(-0.999999999996,-2.667139191042E-06,0.));
#1843 = ORIENTED_EDGE('',*,*,#1844,.F.);
#1844 = EDGE_CURVE('',#1785,#1836,#1845,.T.);
#1845 = LINE('',#1846,#1847);
#1846 = CARTESIAN_POINT('',(341.575,-148.6875,0.));
#1847 = VECTOR('',#1848,1.);
#1848 = DIRECTION('',(0.,-1.,0.));
#1849 = FACE_BOUND('',#1850,.F.);
#1850 = EDGE_LOOP('',(#1851,#1862,#1870,#1879,#1887,#1896,#1904,#1913));
#1851 = ORIENTED_EDGE('',*,*,#1852,.F.);
#1852 = EDGE_CURVE('',#1853,#1855,#1857,.T.);
#1853 = VERTEX_POINT('',#1854);
#1854 = CARTESIAN_POINT('',(213.15,-129.0875,0.));
#1855 = VERTEX_POINT('',#1856);
#1856 = CARTESIAN_POINT('',(212.65,-129.5875,0.));
#1857 = CIRCLE('',#1858,0.500001333575);
#1858 = AXIS2_PLACEMENT_3D('',#1859,#1860,#1861);
#1859 = CARTESIAN_POINT('',(213.15000133357,-129.5875013335,0.));
#1860 = DIRECTION('',(0.,0.,1.));
#1861 = DIRECTION('',(-2.667139191042E-06,0.999999999996,0.));
#1862 = ORIENTED_EDGE('',*,*,#1863,.F.);
#1863 = EDGE_CURVE('',#1864,#1853,#1866,.T.);
#1864 = VERTEX_POINT('',#1865);
#1865 = CARTESIAN_POINT('',(226.15,-129.0875,0.));
#1866 = LINE('',#1867,#1868);
#1867 = CARTESIAN_POINT('',(226.15,-129.0875,0.));
#1868 = VECTOR('',#1869,1.);
#1869 = DIRECTION('',(-1.,0.,0.));
#1870 = ORIENTED_EDGE('',*,*,#1871,.F.);
#1871 = EDGE_CURVE('',#1872,#1864,#1874,.T.);
#1872 = VERTEX_POINT('',#1873);
#1873 = CARTESIAN_POINT('',(226.65,-129.5875,0.));
#1874 = CIRCLE('',#1875,0.500001333575);
#1875 = AXIS2_PLACEMENT_3D('',#1876,#1877,#1878);
#1876 = CARTESIAN_POINT('',(226.14999866642,-129.5875013335,0.));
#1877 = DIRECTION('',(0.,0.,1.));
#1878 = DIRECTION('',(0.999999999996,2.667139191042E-06,-0.));
#1879 = ORIENTED_EDGE('',*,*,#1880,.F.);
#1880 = EDGE_CURVE('',#1881,#1872,#1883,.T.);
#1881 = VERTEX_POINT('',#1882);
#1882 = CARTESIAN_POINT('',(226.65,-142.5875,0.));
#1883 = LINE('',#1884,#1885);
#1884 = CARTESIAN_POINT('',(226.65,-142.5875,0.));
#1885 = VECTOR('',#1886,1.);
#1886 = DIRECTION('',(0.,1.,0.));
#1887 = ORIENTED_EDGE('',*,*,#1888,.F.);
#1888 = EDGE_CURVE('',#1889,#1881,#1891,.T.);
#1889 = VERTEX_POINT('',#1890);
#1890 = CARTESIAN_POINT('',(226.15,-143.0875,0.));
#1891 = CIRCLE('',#1892,0.500001333575);
#1892 = AXIS2_PLACEMENT_3D('',#1893,#1894,#1895);
#1893 = CARTESIAN_POINT('',(226.14999866642,-142.5874986664,0.));
#1894 = DIRECTION('',(0.,0.,1.));
#1895 = DIRECTION('',(2.667139191042E-06,-0.999999999996,0.));
#1896 = ORIENTED_EDGE('',*,*,#1897,.F.);
#1897 = EDGE_CURVE('',#1898,#1889,#1900,.T.);
#1898 = VERTEX_POINT('',#1899);
#1899 = CARTESIAN_POINT('',(213.15,-143.0875,0.));
#1900 = LINE('',#1901,#1902);
#1901 = CARTESIAN_POINT('',(213.15,-143.0875,0.));
#1902 = VECTOR('',#1903,1.);
#1903 = DIRECTION('',(1.,0.,0.));
#1904 = ORIENTED_EDGE('',*,*,#1905,.F.);
#1905 = EDGE_CURVE('',#1906,#1898,#1908,.T.);
#1906 = VERTEX_POINT('',#1907);
#1907 = CARTESIAN_POINT('',(212.65,-142.5875,0.));
#1908 = CIRCLE('',#1909,0.500001333575);
#1909 = AXIS2_PLACEMENT_3D('',#1910,#1911,#1912);
#1910 = CARTESIAN_POINT('',(213.15000133357,-142.5874986664,0.));
#1911 = DIRECTION('',(0.,0.,1.));
#1912 = DIRECTION('',(-0.999999999996,-2.667139191042E-06,0.));
#1913 = ORIENTED_EDGE('',*,*,#1914,.F.);
#1914 = EDGE_CURVE('',#1855,#1906,#1915,.T.);
#1915 = LINE('',#1916,#1917);
#1916 = CARTESIAN_POINT('',(212.65,-129.5875,0.));
#1917 = VECTOR('',#1918,1.);
#1918 = DIRECTION('',(0.,-1.,0.));
#1919 = FACE_BOUND('',#1920,.F.);
#1920 = EDGE_LOOP('',(#1921,#1932,#1940,#1949,#1957,#1966,#1974,#1983));
#1921 = ORIENTED_EDGE('',*,*,#1922,.F.);
#1922 = EDGE_CURVE('',#1923,#1925,#1927,.T.);
#1923 = VERTEX_POINT('',#1924);
#1924 = CARTESIAN_POINT('',(232.25,-129.0875,0.));
#1925 = VERTEX_POINT('',#1926);
#1926 = CARTESIAN_POINT('',(231.75,-129.5875,0.));
#1927 = CIRCLE('',#1928,0.500001333575);
#1928 = AXIS2_PLACEMENT_3D('',#1929,#1930,#1931);
#1929 = CARTESIAN_POINT('',(232.25000133357,-129.5875013335,0.));
#1930 = DIRECTION('',(0.,0.,1.));
#1931 = DIRECTION('',(-2.667139134199E-06,0.999999999996,0.));
#1932 = ORIENTED_EDGE('',*,*,#1933,.F.);
#1933 = EDGE_CURVE('',#1934,#1923,#1936,.T.);
#1934 = VERTEX_POINT('',#1935);
#1935 = CARTESIAN_POINT('',(245.25,-129.0875,0.));
#1936 = LINE('',#1937,#1938);
#1937 = CARTESIAN_POINT('',(245.25,-129.0875,0.));
#1938 = VECTOR('',#1939,1.);
#1939 = DIRECTION('',(-1.,0.,0.));
#1940 = ORIENTED_EDGE('',*,*,#1941,.F.);
#1941 = EDGE_CURVE('',#1942,#1934,#1944,.T.);
#1942 = VERTEX_POINT('',#1943);
#1943 = CARTESIAN_POINT('',(245.75,-129.5875,0.));
#1944 = CIRCLE('',#1945,0.500001333575);
#1945 = AXIS2_PLACEMENT_3D('',#1946,#1947,#1948);
#1946 = CARTESIAN_POINT('',(245.24999866642,-129.5875013335,0.));
#1947 = DIRECTION('',(0.,0.,1.));
#1948 = DIRECTION('',(0.999999999996,2.667139191043E-06,-0.));
#1949 = ORIENTED_EDGE('',*,*,#1950,.F.);
#1950 = EDGE_CURVE('',#1951,#1942,#1953,.T.);
#1951 = VERTEX_POINT('',#1952);
#1952 = CARTESIAN_POINT('',(245.75,-142.5875,0.));
#1953 = LINE('',#1954,#1955);
#1954 = CARTESIAN_POINT('',(245.75,-142.5875,0.));
#1955 = VECTOR('',#1956,1.);
#1956 = DIRECTION('',(0.,1.,0.));
#1957 = ORIENTED_EDGE('',*,*,#1958,.F.);
#1958 = EDGE_CURVE('',#1959,#1951,#1961,.T.);
#1959 = VERTEX_POINT('',#1960);
#1960 = CARTESIAN_POINT('',(245.25,-143.0875,0.));
#1961 = CIRCLE('',#1962,0.500001333575);
#1962 = AXIS2_PLACEMENT_3D('',#1963,#1964,#1965);
#1963 = CARTESIAN_POINT('',(245.24999866642,-142.5874986664,0.));
#1964 = DIRECTION('',(0.,0.,1.));
#1965 = DIRECTION('',(2.667139134199E-06,-0.999999999996,0.));
#1966 = ORIENTED_EDGE('',*,*,#1967,.F.);
#1967 = EDGE_CURVE('',#1968,#1959,#1970,.T.);
#1968 = VERTEX_POINT('',#1969);
#1969 = CARTESIAN_POINT('',(232.25,-143.0875,0.));
#1970 = LINE('',#1971,#1972);
#1971 = CARTESIAN_POINT('',(232.25,-143.0875,0.));
#1972 = VECTOR('',#1973,1.);
#1973 = DIRECTION('',(1.,0.,0.));
#1974 = ORIENTED_EDGE('',*,*,#1975,.F.);
#1975 = EDGE_CURVE('',#1976,#1968,#1978,.T.);
#1976 = VERTEX_POINT('',#1977);
#1977 = CARTESIAN_POINT('',(231.75,-142.5875,0.));
#1978 = CIRCLE('',#1979,0.500001333575);
#1979 = AXIS2_PLACEMENT_3D('',#1980,#1981,#1982);
#1980 = CARTESIAN_POINT('',(232.25000133357,-142.5874986664,0.));
#1981 = DIRECTION('',(0.,0.,1.));
#1982 = DIRECTION('',(-0.999999999996,-2.667139191043E-06,0.));
#1983 = ORIENTED_EDGE('',*,*,#1984,.F.);
#1984 = EDGE_CURVE('',#1925,#1976,#1985,.T.);
#1985 = LINE('',#1986,#1987);
#1986 = CARTESIAN_POINT('',(231.75,-129.5875,0.));
#1987 = VECTOR('',#1988,1.);
#1988 = DIRECTION('',(0.,-1.,0.));
#1989 = FACE_BOUND('',#1990,.F.);
#1990 = EDGE_LOOP('',(#1991,#2002,#2010,#2019,#2027,#2036,#2044,#2053));
#1991 = ORIENTED_EDGE('',*,*,#1992,.F.);
#1992 = EDGE_CURVE('',#1993,#1995,#1997,.T.);
#1993 = VERTEX_POINT('',#1994);
#1994 = CARTESIAN_POINT('',(251.35,-129.0875,0.));
#1995 = VERTEX_POINT('',#1996);
#1996 = CARTESIAN_POINT('',(250.85,-129.5875,0.));
#1997 = CIRCLE('',#1998,0.500001333575);
#1998 = AXIS2_PLACEMENT_3D('',#1999,#2000,#2001);
#1999 = CARTESIAN_POINT('',(251.35000133357,-129.5875013335,0.));
#2000 = DIRECTION('',(0.,0.,1.));
#2001 = DIRECTION('',(-2.667139191042E-06,0.999999999996,0.));
#2002 = ORIENTED_EDGE('',*,*,#2003,.F.);
#2003 = EDGE_CURVE('',#2004,#1993,#2006,.T.);
#2004 = VERTEX_POINT('',#2005);
#2005 = CARTESIAN_POINT('',(264.35,-129.0875,0.));
#2006 = LINE('',#2007,#2008);
#2007 = CARTESIAN_POINT('',(264.35,-129.0875,0.));
#2008 = VECTOR('',#2009,1.);
#2009 = DIRECTION('',(-1.,0.,0.));
#2010 = ORIENTED_EDGE('',*,*,#2011,.F.);
#2011 = EDGE_CURVE('',#2012,#2004,#2014,.T.);
#2012 = VERTEX_POINT('',#2013);
#2013 = CARTESIAN_POINT('',(264.85,-129.5875,0.));
#2014 = CIRCLE('',#2015,0.500001333575);
#2015 = AXIS2_PLACEMENT_3D('',#2016,#2017,#2018);
#2016 = CARTESIAN_POINT('',(264.34999866642,-129.5875013335,0.));
#2017 = DIRECTION('',(0.,0.,1.));
#2018 = DIRECTION('',(0.999999999996,2.667139247885E-06,-0.));
#2019 = ORIENTED_EDGE('',*,*,#2020,.F.);
#2020 = EDGE_CURVE('',#2021,#2012,#2023,.T.);
#2021 = VERTEX_POINT('',#2022);
#2022 = CARTESIAN_POINT('',(264.85,-142.5875,0.));
#2023 = LINE('',#2024,#2025);
#2024 = CARTESIAN_POINT('',(264.85,-142.5875,0.));
#2025 = VECTOR('',#2026,1.);
#2026 = DIRECTION('',(0.,1.,0.));
#2027 = ORIENTED_EDGE('',*,*,#2028,.F.);
#2028 = EDGE_CURVE('',#2029,#2021,#2031,.T.);
#2029 = VERTEX_POINT('',#2030);
#2030 = CARTESIAN_POINT('',(264.35,-143.0875,0.));
#2031 = CIRCLE('',#2032,0.500001333575);
#2032 = AXIS2_PLACEMENT_3D('',#2033,#2034,#2035);
#2033 = CARTESIAN_POINT('',(264.34999866642,-142.5874986664,0.));
#2034 = DIRECTION('',(0.,0.,1.));
#2035 = DIRECTION('',(2.667139304729E-06,-0.999999999996,0.));
#2036 = ORIENTED_EDGE('',*,*,#2037,.F.);
#2037 = EDGE_CURVE('',#2038,#2029,#2040,.T.);
#2038 = VERTEX_POINT('',#2039);
#2039 = CARTESIAN_POINT('',(251.35,-143.0875,0.));
#2040 = LINE('',#2041,#2042);
#2041 = CARTESIAN_POINT('',(251.35,-143.0875,0.));
#2042 = VECTOR('',#2043,1.);
#2043 = DIRECTION('',(1.,0.,0.));
#2044 = ORIENTED_EDGE('',*,*,#2045,.F.);
#2045 = EDGE_CURVE('',#2046,#2038,#2048,.T.);
#2046 = VERTEX_POINT('',#2047);
#2047 = CARTESIAN_POINT('',(250.85,-142.5875,0.));
#2048 = CIRCLE('',#2049,0.500001333575);
#2049 = AXIS2_PLACEMENT_3D('',#2050,#2051,#2052);
#2050 = CARTESIAN_POINT('',(251.35000133357,-142.5874986664,0.));
#2051 = DIRECTION('',(0.,0.,1.));
#2052 = DIRECTION('',(-0.999999999996,-2.667139191042E-06,0.));
#2053 = ORIENTED_EDGE('',*,*,#2054,.F.);
#2054 = EDGE_CURVE('',#1995,#2046,#2055,.T.);
#2055 = LINE('',#2056,#2057);
#2056 = CARTESIAN_POINT('',(250.85,-129.5875,0.));
#2057 = VECTOR('',#2058,1.);
#2058 = DIRECTION('',(0.,-1.,0.));
#2059 = FACE_BOUND('',#2060,.F.);
#2060 = EDGE_LOOP('',(#2061,#2072,#2080,#2089,#2097,#2106,#2114,#2123));
#2061 = ORIENTED_EDGE('',*,*,#2062,.F.);
#2062 = EDGE_CURVE('',#2063,#2065,#2067,.T.);
#2063 = VERTEX_POINT('',#2064);
#2064 = CARTESIAN_POINT('',(270.45,-129.0875,0.));
#2065 = VERTEX_POINT('',#2066);
#2066 = CARTESIAN_POINT('',(269.95,-129.5875,0.));
#2067 = CIRCLE('',#2068,0.500001333575);
#2068 = AXIS2_PLACEMENT_3D('',#2069,#2070,#2071);
#2069 = CARTESIAN_POINT('',(270.45000133357,-129.5875013335,0.));
#2070 = DIRECTION('',(0.,0.,1.));
#2071 = DIRECTION('',(-2.667139191042E-06,0.999999999996,0.));
#2072 = ORIENTED_EDGE('',*,*,#2073,.F.);
#2073 = EDGE_CURVE('',#2074,#2063,#2076,.T.);
#2074 = VERTEX_POINT('',#2075);
#2075 = CARTESIAN_POINT('',(283.45,-129.0875,0.));
#2076 = LINE('',#2077,#2078);
#2077 = CARTESIAN_POINT('',(283.45,-129.0875,0.));
#2078 = VECTOR('',#2079,1.);
#2079 = DIRECTION('',(-1.,0.,0.));
#2080 = ORIENTED_EDGE('',*,*,#2081,.F.);
#2081 = EDGE_CURVE('',#2082,#2074,#2084,.T.);
#2082 = VERTEX_POINT('',#2083);
#2083 = CARTESIAN_POINT('',(283.95,-129.5875,0.));
#2084 = CIRCLE('',#2085,0.500001333575);
#2085 = AXIS2_PLACEMENT_3D('',#2086,#2087,#2088);
#2086 = CARTESIAN_POINT('',(283.44999866642,-129.5875013335,0.));
#2087 = DIRECTION('',(0.,0.,1.));
#2088 = DIRECTION('',(0.999999999996,2.667139077356E-06,-0.));
#2089 = ORIENTED_EDGE('',*,*,#2090,.F.);
#2090 = EDGE_CURVE('',#2091,#2082,#2093,.T.);
#2091 = VERTEX_POINT('',#2092);
#2092 = CARTESIAN_POINT('',(283.95,-142.5875,0.));
#2093 = LINE('',#2094,#2095);
#2094 = CARTESIAN_POINT('',(283.95,-142.5875,0.));
#2095 = VECTOR('',#2096,1.);
#2096 = DIRECTION('',(0.,1.,0.));
#2097 = ORIENTED_EDGE('',*,*,#2098,.F.);
#2098 = EDGE_CURVE('',#2099,#2091,#2101,.T.);
#2099 = VERTEX_POINT('',#2100);
#2100 = CARTESIAN_POINT('',(283.45,-143.0875,0.));
#2101 = CIRCLE('',#2102,0.500001333575);
#2102 = AXIS2_PLACEMENT_3D('',#2103,#2104,#2105);
#2103 = CARTESIAN_POINT('',(283.44999866642,-142.5874986664,0.));
#2104 = DIRECTION('',(0.,0.,1.));
#2105 = DIRECTION('',(2.667139077356E-06,-0.999999999996,0.));
#2106 = ORIENTED_EDGE('',*,*,#2107,.F.);
#2107 = EDGE_CURVE('',#2108,#2099,#2110,.T.);
#2108 = VERTEX_POINT('',#2109);
#2109 = CARTESIAN_POINT('',(270.45,-143.0875,0.));
#2110 = LINE('',#2111,#2112);
#2111 = CARTESIAN_POINT('',(270.45,-143.0875,0.));
#2112 = VECTOR('',#2113,1.);
#2113 = DIRECTION('',(1.,0.,0.));
#2114 = ORIENTED_EDGE('',*,*,#2115,.F.);
#2115 = EDGE_CURVE('',#2116,#2108,#2118,.T.);
#2116 = VERTEX_POINT('',#2117);
#2117 = CARTESIAN_POINT('',(269.95,-142.5875,0.));
#2118 = CIRCLE('',#2119,0.500001333575);
#2119 = AXIS2_PLACEMENT_3D('',#2120,#2121,#2122);
#2120 = CARTESIAN_POINT('',(270.45000133357,-142.5874986664,0.));
#2121 = DIRECTION('',(0.,0.,1.));
#2122 = DIRECTION('',(-0.999999999996,-2.667139247886E-06,0.));
#2123 = ORIENTED_EDGE('',*,*,#2124,.F.);
#2124 = EDGE_CURVE('',#2065,#2116,#2125,.T.);
#2125 = LINE('',#2126,#2127);
#2126 = CARTESIAN_POINT('',(269.95,-129.5875,0.));
#2127 = VECTOR('',#2128,1.);
#2128 = DIRECTION('',(0.,-1.,0.));
#2129 = FACE_BOUND('',#2130,.F.);
#2130 = EDGE_LOOP('',(#2131,#2142,#2150,#2159,#2167,#2176,#2184,#2193));
#2131 = ORIENTED_EDGE('',*,*,#2132,.F.);
#2132 = EDGE_CURVE('',#2133,#2135,#2137,.T.);
#2133 = VERTEX_POINT('',#2134);
#2134 = CARTESIAN_POINT('',(296.7125,-129.0875,0.));
#2135 = VERTEX_POINT('',#2136);
#2136 = CARTESIAN_POINT('',(296.2125,-129.5875,0.));
#2137 = CIRCLE('',#2138,0.500001333575);
#2138 = AXIS2_PLACEMENT_3D('',#2139,#2140,#2141);
#2139 = CARTESIAN_POINT('',(296.71250133357,-129.5875013335,0.));
#2140 = DIRECTION('',(0.,0.,1.));
#2141 = DIRECTION('',(-2.667139304729E-06,0.999999999996,0.));
#2142 = ORIENTED_EDGE('',*,*,#2143,.F.);
#2143 = EDGE_CURVE('',#2144,#2133,#2146,.T.);
#2144 = VERTEX_POINT('',#2145);
#2145 = CARTESIAN_POINT('',(309.7125,-129.0875,0.));
#2146 = LINE('',#2147,#2148);
#2147 = CARTESIAN_POINT('',(309.7125,-129.0875,0.));
#2148 = VECTOR('',#2149,1.);
#2149 = DIRECTION('',(-1.,0.,0.));
#2150 = ORIENTED_EDGE('',*,*,#2151,.F.);
#2151 = EDGE_CURVE('',#2152,#2144,#2154,.T.);
#2152 = VERTEX_POINT('',#2153);
#2153 = CARTESIAN_POINT('',(310.2125,-129.5875,0.));
#2154 = CIRCLE('',#2155,0.500001333575);
#2155 = AXIS2_PLACEMENT_3D('',#2156,#2157,#2158);
#2156 = CARTESIAN_POINT('',(309.71249866642,-129.5875013335,0.));
#2157 = DIRECTION('',(0.,0.,1.));
#2158 = DIRECTION('',(0.999999999996,2.667139077356E-06,-0.));
#2159 = ORIENTED_EDGE('',*,*,#2160,.F.);
#2160 = EDGE_CURVE('',#2161,#2152,#2163,.T.);
#2161 = VERTEX_POINT('',#2162);
#2162 = CARTESIAN_POINT('',(310.2125,-142.5875,0.));
#2163 = LINE('',#2164,#2165);
#2164 = CARTESIAN_POINT('',(310.2125,-142.5875,0.));
#2165 = VECTOR('',#2166,1.);
#2166 = DIRECTION('',(0.,1.,0.));
#2167 = ORIENTED_EDGE('',*,*,#2168,.F.);
#2168 = EDGE_CURVE('',#2169,#2161,#2171,.T.);
#2169 = VERTEX_POINT('',#2170);
#2170 = CARTESIAN_POINT('',(309.7125,-143.0875,0.));
#2171 = CIRCLE('',#2172,0.500001333575);
#2172 = AXIS2_PLACEMENT_3D('',#2173,#2174,#2175);
#2173 = CARTESIAN_POINT('',(309.71249866642,-142.5874986664,0.));
#2174 = DIRECTION('',(0.,0.,1.));
#2175 = DIRECTION('',(2.667139077356E-06,-0.999999999996,0.));
#2176 = ORIENTED_EDGE('',*,*,#2177,.F.);
#2177 = EDGE_CURVE('',#2178,#2169,#2180,.T.);
#2178 = VERTEX_POINT('',#2179);
#2179 = CARTESIAN_POINT('',(296.7125,-143.0875,0.));
#2180 = LINE('',#2181,#2182);
#2181 = CARTESIAN_POINT('',(296.7125,-143.0875,0.));
#2182 = VECTOR('',#2183,1.);
#2183 = DIRECTION('',(1.,0.,0.));
#2184 = ORIENTED_EDGE('',*,*,#2185,.F.);
#2185 = EDGE_CURVE('',#2186,#2178,#2188,.T.);
#2186 = VERTEX_POINT('',#2187);
#2187 = CARTESIAN_POINT('',(296.2125,-142.5875,0.));
#2188 = CIRCLE('',#2189,0.500001333575);
#2189 = AXIS2_PLACEMENT_3D('',#2190,#2191,#2192);
#2190 = CARTESIAN_POINT('',(296.71250133357,-142.5874986664,0.));
#2191 = DIRECTION('',(0.,0.,1.));
#2192 = DIRECTION('',(-0.999999999996,-2.667139247885E-06,0.));
#2193 = ORIENTED_EDGE('',*,*,#2194,.F.);
#2194 = EDGE_CURVE('',#2135,#2186,#2195,.T.);
#2195 = LINE('',#2196,#2197);
#2196 = CARTESIAN_POINT('',(296.2125,-129.5875,0.));
#2197 = VECTOR('',#2198,1.);
#2198 = DIRECTION('',(0.,-1.,0.));
#2199 = FACE_BOUND('',#2200,.F.);
#2200 = EDGE_LOOP('',(#2201,#2212,#2220,#2229,#2237,#2246,#2254,#2263));
#2201 = ORIENTED_EDGE('',*,*,#2202,.F.);
#2202 = EDGE_CURVE('',#2203,#2205,#2207,.T.);
#2203 = VERTEX_POINT('',#2204);
#2204 = CARTESIAN_POINT('',(322.975,-129.0875,0.));
#2205 = VERTEX_POINT('',#2206);
#2206 = CARTESIAN_POINT('',(322.475,-129.5875,0.));
#2207 = CIRCLE('',#2208,0.500001333575);
#2208 = AXIS2_PLACEMENT_3D('',#2209,#2210,#2211);
#2209 = CARTESIAN_POINT('',(322.97500133357,-129.5875013335,0.));
#2210 = DIRECTION('',(0.,0.,1.));
#2211 = DIRECTION('',(-2.667139077356E-06,0.999999999996,0.));
#2212 = ORIENTED_EDGE('',*,*,#2213,.F.);
#2213 = EDGE_CURVE('',#2214,#2203,#2216,.T.);
#2214 = VERTEX_POINT('',#2215);
#2215 = CARTESIAN_POINT('',(335.975,-129.0875,0.));
#2216 = LINE('',#2217,#2218);
#2217 = CARTESIAN_POINT('',(335.975,-129.0875,0.));
#2218 = VECTOR('',#2219,1.);
#2219 = DIRECTION('',(-1.,0.,0.));
#2220 = ORIENTED_EDGE('',*,*,#2221,.F.);
#2221 = EDGE_CURVE('',#2222,#2214,#2224,.T.);
#2222 = VERTEX_POINT('',#2223);
#2223 = CARTESIAN_POINT('',(336.475,-129.5875,0.));
#2224 = CIRCLE('',#2225,0.500001333575);
#2225 = AXIS2_PLACEMENT_3D('',#2226,#2227,#2228);
#2226 = CARTESIAN_POINT('',(335.97499866642,-129.5875013335,0.));
#2227 = DIRECTION('',(0.,0.,1.));
#2228 = DIRECTION('',(0.999999999996,2.667139247885E-06,-0.));
#2229 = ORIENTED_EDGE('',*,*,#2230,.F.);
#2230 = EDGE_CURVE('',#2231,#2222,#2233,.T.);
#2231 = VERTEX_POINT('',#2232);
#2232 = CARTESIAN_POINT('',(336.475,-142.5875,0.));
#2233 = LINE('',#2234,#2235);
#2234 = CARTESIAN_POINT('',(336.475,-142.5875,0.));
#2235 = VECTOR('',#2236,1.);
#2236 = DIRECTION('',(0.,1.,0.));
#2237 = ORIENTED_EDGE('',*,*,#2238,.F.);
#2238 = EDGE_CURVE('',#2239,#2231,#2241,.T.);
#2239 = VERTEX_POINT('',#2240);
#2240 = CARTESIAN_POINT('',(335.975,-143.0875,0.));
#2241 = CIRCLE('',#2242,0.500001333575);
#2242 = AXIS2_PLACEMENT_3D('',#2243,#2244,#2245);
#2243 = CARTESIAN_POINT('',(335.97499866642,-142.5874986664,0.));
#2244 = DIRECTION('',(0.,0.,1.));
#2245 = DIRECTION('',(2.667139304729E-06,-0.999999999996,0.));
#2246 = ORIENTED_EDGE('',*,*,#2247,.F.);
#2247 = EDGE_CURVE('',#2248,#2239,#2250,.T.);
#2248 = VERTEX_POINT('',#2249);
#2249 = CARTESIAN_POINT('',(322.975,-143.0875,0.));
#2250 = LINE('',#2251,#2252);
#2251 = CARTESIAN_POINT('',(322.975,-143.0875,0.));
#2252 = VECTOR('',#2253,1.);
#2253 = DIRECTION('',(1.,0.,0.));
#2254 = ORIENTED_EDGE('',*,*,#2255,.F.);
#2255 = EDGE_CURVE('',#2256,#2248,#2258,.T.);
#2256 = VERTEX_POINT('',#2257);
#2257 = CARTESIAN_POINT('',(322.475,-142.5875,0.));
#2258 = CIRCLE('',#2259,0.500001333575);
#2259 = AXIS2_PLACEMENT_3D('',#2260,#2261,#2262);
#2260 = CARTESIAN_POINT('',(322.97500133357,-142.5874986664,0.));
#2261 = DIRECTION('',(0.,0.,1.));
#2262 = DIRECTION('',(-0.999999999996,-2.667139077356E-06,0.));
#2263 = ORIENTED_EDGE('',*,*,#2264,.F.);
#2264 = EDGE_CURVE('',#2205,#2256,#2265,.T.);
#2265 = LINE('',#2266,#2267);
#2266 = CARTESIAN_POINT('',(322.475,-129.5875,0.));
#2267 = VECTOR('',#2268,1.);
#2268 = DIRECTION('',(0.,-1.,0.));
#2269 = FACE_BOUND('',#2270,.F.);
#2270 = EDGE_LOOP('',(#2271,#2282,#2290,#2299,#2307,#2316,#2324,#2333));
#2271 = ORIENTED_EDGE('',*,*,#2272,.F.);
#2272 = EDGE_CURVE('',#2273,#2275,#2277,.T.);
#2273 = VERTEX_POINT('',#2274);
#2274 = CARTESIAN_POINT('',(342.075,-129.0875,0.));
#2275 = VERTEX_POINT('',#2276);
#2276 = CARTESIAN_POINT('',(341.575,-129.5875,0.));
#2277 = CIRCLE('',#2278,0.500001333575);
#2278 = AXIS2_PLACEMENT_3D('',#2279,#2280,#2281);
#2279 = CARTESIAN_POINT('',(342.07500133357,-129.5875013335,0.));
#2280 = DIRECTION('',(0.,0.,1.));
#2281 = DIRECTION('',(-2.667139191042E-06,0.999999999996,0.));
#2282 = ORIENTED_EDGE('',*,*,#2283,.F.);
#2283 = EDGE_CURVE('',#2284,#2273,#2286,.T.);
#2284 = VERTEX_POINT('',#2285);
#2285 = CARTESIAN_POINT('',(355.075,-129.0875,0.));
#2286 = LINE('',#2287,#2288);
#2287 = CARTESIAN_POINT('',(355.075,-129.0875,0.));
#2288 = VECTOR('',#2289,1.);
#2289 = DIRECTION('',(-1.,0.,0.));
#2290 = ORIENTED_EDGE('',*,*,#2291,.F.);
#2291 = EDGE_CURVE('',#2292,#2284,#2294,.T.);
#2292 = VERTEX_POINT('',#2293);
#2293 = CARTESIAN_POINT('',(355.575,-129.5875,0.));
#2294 = CIRCLE('',#2295,0.500001333575);
#2295 = AXIS2_PLACEMENT_3D('',#2296,#2297,#2298);
#2296 = CARTESIAN_POINT('',(355.07499866642,-129.5875013335,0.));
#2297 = DIRECTION('',(0.,0.,1.));
#2298 = DIRECTION('',(0.999999999996,2.667139077356E-06,-0.));
#2299 = ORIENTED_EDGE('',*,*,#2300,.F.);
#2300 = EDGE_CURVE('',#2301,#2292,#2303,.T.);
#2301 = VERTEX_POINT('',#2302);
#2302 = CARTESIAN_POINT('',(355.575,-142.5875,0.));
#2303 = LINE('',#2304,#2305);
#2304 = CARTESIAN_POINT('',(355.575,-142.5875,0.));
#2305 = VECTOR('',#2306,1.);
#2306 = DIRECTION('',(0.,1.,0.));
#2307 = ORIENTED_EDGE('',*,*,#2308,.F.);
#2308 = EDGE_CURVE('',#2309,#2301,#2311,.T.);
#2309 = VERTEX_POINT('',#2310);
#2310 = CARTESIAN_POINT('',(355.075,-143.0875,0.));
#2311 = CIRCLE('',#2312,0.500001333575);
#2312 = AXIS2_PLACEMENT_3D('',#2313,#2314,#2315);
#2313 = CARTESIAN_POINT('',(355.07499866642,-142.5874986664,0.));
#2314 = DIRECTION('',(0.,0.,1.));
#2315 = DIRECTION('',(2.667139077356E-06,-0.999999999996,0.));
#2316 = ORIENTED_EDGE('',*,*,#2317,.F.);
#2317 = EDGE_CURVE('',#2318,#2309,#2320,.T.);
#2318 = VERTEX_POINT('',#2319);
#2319 = CARTESIAN_POINT('',(342.075,-143.0875,0.));
#2320 = LINE('',#2321,#2322);
#2321 = CARTESIAN_POINT('',(342.075,-143.0875,0.));
#2322 = VECTOR('',#2323,1.);
#2323 = DIRECTION('',(1.,0.,0.));
#2324 = ORIENTED_EDGE('',*,*,#2325,.F.);
#2325 = EDGE_CURVE('',#2326,#2318,#2328,.T.);
#2326 = VERTEX_POINT('',#2327);
#2327 = CARTESIAN_POINT('',(341.575,-142.5875,0.));
#2328 = CIRCLE('',#2329,0.500001333575);
#2329 = AXIS2_PLACEMENT_3D('',#2330,#2331,#2332);
#2330 = CARTESIAN_POINT('',(342.07500133357,-142.5874986664,0.));
#2331 = DIRECTION('',(0.,0.,1.));
#2332 = DIRECTION('',(-0.999999999996,-2.667139247886E-06,0.));
#2333 = ORIENTED_EDGE('',*,*,#2334,.F.);
#2334 = EDGE_CURVE('',#2275,#2326,#2335,.T.);
#2335 = LINE('',#2336,#2337);
#2336 = CARTESIAN_POINT('',(341.575,-129.5875,0.));
#2337 = VECTOR('',#2338,1.);
#2338 = DIRECTION('',(0.,-1.,0.));
#2339 = FACE_BOUND('',#2340,.F.);
#2340 = EDGE_LOOP('',(#2341));
#2341 = ORIENTED_EDGE('',*,*,#2342,.T.);
#2342 = EDGE_CURVE('',#2343,#2343,#2345,.T.);
#2343 = VERTEX_POINT('',#2344);
#2344 = CARTESIAN_POINT('',(50.1375,-120.975,0.));
#2345 = CIRCLE('',#2346,1.6);
#2346 = AXIS2_PLACEMENT_3D('',#2347,#2348,#2349);
#2347 = CARTESIAN_POINT('',(50.1375,-119.375,0.));
#2348 = DIRECTION('',(-0.,0.,-1.));
#2349 = DIRECTION('',(-0.,-1.,0.));
#2350 = FACE_BOUND('',#2351,.F.);
#2351 = EDGE_LOOP('',(#2352,#2363,#2371,#2380,#2388,#2397,#2405,#2414));
#2352 = ORIENTED_EDGE('',*,*,#2353,.F.);
#2353 = EDGE_CURVE('',#2354,#2356,#2358,.T.);
#2354 = VERTEX_POINT('',#2355);
#2355 = CARTESIAN_POINT('',(57.9625,-109.9875,0.));
#2356 = VERTEX_POINT('',#2357);
#2357 = CARTESIAN_POINT('',(57.4625,-110.4875,0.));
#2358 = CIRCLE('',#2359,0.500001333575);
#2359 = AXIS2_PLACEMENT_3D('',#2360,#2361,#2362);
#2360 = CARTESIAN_POINT('',(57.962501333573,-110.4875013335,0.));
#2361 = DIRECTION('',(0.,0.,1.));
#2362 = DIRECTION('',(-2.667139219464E-06,0.999999999996,0.));
#2363 = ORIENTED_EDGE('',*,*,#2364,.F.);
#2364 = EDGE_CURVE('',#2365,#2354,#2367,.T.);
#2365 = VERTEX_POINT('',#2366);
#2366 = CARTESIAN_POINT('',(75.7375,-109.9875,0.));
#2367 = LINE('',#2368,#2369);
#2368 = CARTESIAN_POINT('',(75.7375,-109.9875,0.));
#2369 = VECTOR('',#2370,1.);
#2370 = DIRECTION('',(-1.,0.,0.));
#2371 = ORIENTED_EDGE('',*,*,#2372,.F.);
#2372 = EDGE_CURVE('',#2373,#2365,#2375,.T.);
#2373 = VERTEX_POINT('',#2374);
#2374 = CARTESIAN_POINT('',(76.2375,-110.4875,0.));
#2375 = CIRCLE('',#2376,0.500001333575);
#2376 = AXIS2_PLACEMENT_3D('',#2377,#2378,#2379);
#2377 = CARTESIAN_POINT('',(75.737498666427,-110.4875013335,0.));
#2378 = DIRECTION('',(0.,0.,1.));
#2379 = DIRECTION('',(0.999999999996,2.667139191042E-06,-0.));
#2380 = ORIENTED_EDGE('',*,*,#2381,.F.);
#2381 = EDGE_CURVE('',#2382,#2373,#2384,.T.);
#2382 = VERTEX_POINT('',#2383);
#2383 = CARTESIAN_POINT('',(76.2375,-123.4875,0.));
#2384 = LINE('',#2385,#2386);
#2385 = CARTESIAN_POINT('',(76.2375,-123.4875,0.));
#2386 = VECTOR('',#2387,1.);
#2387 = DIRECTION('',(0.,1.,0.));
#2388 = ORIENTED_EDGE('',*,*,#2389,.F.);
#2389 = EDGE_CURVE('',#2390,#2382,#2392,.T.);
#2390 = VERTEX_POINT('',#2391);
#2391 = CARTESIAN_POINT('',(75.7375,-123.9875,0.));
#2392 = CIRCLE('',#2393,0.500001333575);
#2393 = AXIS2_PLACEMENT_3D('',#2394,#2395,#2396);
#2394 = CARTESIAN_POINT('',(75.737498666427,-123.4874986664,0.));
#2395 = DIRECTION('',(0.,0.,1.));
#2396 = DIRECTION('',(2.667139134199E-06,-0.999999999996,0.));
#2397 = ORIENTED_EDGE('',*,*,#2398,.F.);
#2398 = EDGE_CURVE('',#2399,#2390,#2401,.T.);
#2399 = VERTEX_POINT('',#2400);
#2400 = CARTESIAN_POINT('',(57.9625,-123.9875,0.));
#2401 = LINE('',#2402,#2403);
#2402 = CARTESIAN_POINT('',(57.9625,-123.9875,0.));
#2403 = VECTOR('',#2404,1.);
#2404 = DIRECTION('',(1.,0.,0.));
#2405 = ORIENTED_EDGE('',*,*,#2406,.F.);
#2406 = EDGE_CURVE('',#2407,#2399,#2409,.T.);
#2407 = VERTEX_POINT('',#2408);
#2408 = CARTESIAN_POINT('',(57.4625,-123.4875,0.));
#2409 = CIRCLE('',#2410,0.500001333575);
#2410 = AXIS2_PLACEMENT_3D('',#2411,#2412,#2413);
#2411 = CARTESIAN_POINT('',(57.962501333573,-123.4874986664,0.));
#2412 = DIRECTION('',(0.,0.,1.));
#2413 = DIRECTION('',(-0.999999999996,-2.667139162621E-06,0.));
#2414 = ORIENTED_EDGE('',*,*,#2415,.F.);
#2415 = EDGE_CURVE('',#2356,#2407,#2416,.T.);
#2416 = LINE('',#2417,#2418);
#2417 = CARTESIAN_POINT('',(57.4625,-110.4875,0.));
#2418 = VECTOR('',#2419,1.);
#2419 = DIRECTION('',(0.,-1.,0.));
#2420 = FACE_BOUND('',#2421,.F.);
#2421 = EDGE_LOOP('',(#2422,#2433,#2441,#2450,#2458,#2467,#2475,#2484));
#2422 = ORIENTED_EDGE('',*,*,#2423,.F.);
#2423 = EDGE_CURVE('',#2424,#2426,#2428,.T.);
#2424 = VERTEX_POINT('',#2425);
#2425 = CARTESIAN_POINT('',(89.,-109.9875,0.));
#2426 = VERTEX_POINT('',#2427);
#2427 = CARTESIAN_POINT('',(88.5,-110.4875,0.));
#2428 = CIRCLE('',#2429,0.500001333575);
#2429 = AXIS2_PLACEMENT_3D('',#2430,#2431,#2432);
#2430 = CARTESIAN_POINT('',(89.000001333573,-110.4875013335,0.));
#2431 = DIRECTION('',(0.,0.,1.));
#2432 = DIRECTION('',(-2.667139191042E-06,0.999999999996,0.));
#2433 = ORIENTED_EDGE('',*,*,#2434,.F.);
#2434 = EDGE_CURVE('',#2435,#2424,#2437,.T.);
#2435 = VERTEX_POINT('',#2436);
#2436 = CARTESIAN_POINT('',(102.,-109.9875,0.));
#2437 = LINE('',#2438,#2439);
#2438 = CARTESIAN_POINT('',(102.,-109.9875,0.));
#2439 = VECTOR('',#2440,1.);
#2440 = DIRECTION('',(-1.,0.,0.));
#2441 = ORIENTED_EDGE('',*,*,#2442,.F.);
#2442 = EDGE_CURVE('',#2443,#2435,#2445,.T.);
#2443 = VERTEX_POINT('',#2444);
#2444 = CARTESIAN_POINT('',(102.5,-110.4875,0.));
#2445 = CIRCLE('',#2446,0.500001333575);
#2446 = AXIS2_PLACEMENT_3D('',#2447,#2448,#2449);
#2447 = CARTESIAN_POINT('',(101.99999866642,-110.4875013335,0.));
#2448 = DIRECTION('',(0.,0.,1.));
#2449 = DIRECTION('',(0.999999999996,2.667139191042E-06,-0.));
#2450 = ORIENTED_EDGE('',*,*,#2451,.F.);
#2451 = EDGE_CURVE('',#2452,#2443,#2454,.T.);
#2452 = VERTEX_POINT('',#2453);
#2453 = CARTESIAN_POINT('',(102.5,-123.4875,0.));
#2454 = LINE('',#2455,#2456);
#2455 = CARTESIAN_POINT('',(102.5,-123.4875,0.));
#2456 = VECTOR('',#2457,1.);
#2457 = DIRECTION('',(0.,1.,0.));
#2458 = ORIENTED_EDGE('',*,*,#2459,.F.);
#2459 = EDGE_CURVE('',#2460,#2452,#2462,.T.);
#2460 = VERTEX_POINT('',#2461);
#2461 = CARTESIAN_POINT('',(102.,-123.9875,0.));
#2462 = CIRCLE('',#2463,0.500001333575);
#2463 = AXIS2_PLACEMENT_3D('',#2464,#2465,#2466);
#2464 = CARTESIAN_POINT('',(101.99999866642,-123.4874986664,0.));
#2465 = DIRECTION('',(0.,0.,1.));
#2466 = DIRECTION('',(2.667139134199E-06,-0.999999999996,0.));
#2467 = ORIENTED_EDGE('',*,*,#2468,.F.);
#2468 = EDGE_CURVE('',#2469,#2460,#2471,.T.);
#2469 = VERTEX_POINT('',#2470);
#2470 = CARTESIAN_POINT('',(89.,-123.9875,0.));
#2471 = LINE('',#2472,#2473);
#2472 = CARTESIAN_POINT('',(89.,-123.9875,0.));
#2473 = VECTOR('',#2474,1.);
#2474 = DIRECTION('',(1.,0.,0.));
#2475 = ORIENTED_EDGE('',*,*,#2476,.F.);
#2476 = EDGE_CURVE('',#2477,#2469,#2479,.T.);
#2477 = VERTEX_POINT('',#2478);
#2478 = CARTESIAN_POINT('',(88.5,-123.4875,0.));
#2479 = CIRCLE('',#2480,0.500001333575);
#2480 = AXIS2_PLACEMENT_3D('',#2481,#2482,#2483);
#2481 = CARTESIAN_POINT('',(89.000001333573,-123.4874986664,0.));
#2482 = DIRECTION('',(0.,0.,1.));
#2483 = DIRECTION('',(-0.999999999996,-2.667139134199E-06,0.));
#2484 = ORIENTED_EDGE('',*,*,#2485,.F.);
#2485 = EDGE_CURVE('',#2426,#2477,#2486,.T.);
#2486 = LINE('',#2487,#2488);
#2487 = CARTESIAN_POINT('',(88.5,-110.4875,0.));
#2488 = VECTOR('',#2489,1.);
#2489 = DIRECTION('',(0.,-1.,0.));
#2490 = FACE_BOUND('',#2491,.F.);
#2491 = EDGE_LOOP('',(#2492,#2503,#2511,#2520,#2528,#2537,#2545,#2554));
#2492 = ORIENTED_EDGE('',*,*,#2493,.F.);
#2493 = EDGE_CURVE('',#2494,#2496,#2498,.T.);
#2494 = VERTEX_POINT('',#2495);
#2495 = CARTESIAN_POINT('',(108.1,-109.9875,0.));
#2496 = VERTEX_POINT('',#2497);
#2497 = CARTESIAN_POINT('',(107.6,-110.4875,0.));
#2498 = CIRCLE('',#2499,0.500001333575);
#2499 = AXIS2_PLACEMENT_3D('',#2500,#2501,#2502);
#2500 = CARTESIAN_POINT('',(108.10000133357,-110.4875013335,0.));
#2501 = DIRECTION('',(0.,0.,1.));
#2502 = DIRECTION('',(-2.667139247886E-06,0.999999999996,0.));
#2503 = ORIENTED_EDGE('',*,*,#2504,.F.);
#2504 = EDGE_CURVE('',#2505,#2494,#2507,.T.);
#2505 = VERTEX_POINT('',#2506);
#2506 = CARTESIAN_POINT('',(121.1,-109.9875,0.));
#2507 = LINE('',#2508,#2509);
#2508 = CARTESIAN_POINT('',(121.1,-109.9875,0.));
#2509 = VECTOR('',#2510,1.);
#2510 = DIRECTION('',(-1.,0.,0.));
#2511 = ORIENTED_EDGE('',*,*,#2512,.F.);
#2512 = EDGE_CURVE('',#2513,#2505,#2515,.T.);
#2513 = VERTEX_POINT('',#2514);
#2514 = CARTESIAN_POINT('',(121.6,-110.4875,0.));
#2515 = CIRCLE('',#2516,0.500001333575);
#2516 = AXIS2_PLACEMENT_3D('',#2517,#2518,#2519);
#2517 = CARTESIAN_POINT('',(121.09999866642,-110.4875013335,0.));
#2518 = DIRECTION('',(0.,0.,1.));
#2519 = DIRECTION('',(0.999999999996,2.667139191042E-06,-0.));
#2520 = ORIENTED_EDGE('',*,*,#2521,.F.);
#2521 = EDGE_CURVE('',#2522,#2513,#2524,.T.);
#2522 = VERTEX_POINT('',#2523);
#2523 = CARTESIAN_POINT('',(121.6,-123.4875,0.));
#2524 = LINE('',#2525,#2526);
#2525 = CARTESIAN_POINT('',(121.6,-123.4875,0.));
#2526 = VECTOR('',#2527,1.);
#2527 = DIRECTION('',(0.,1.,0.));
#2528 = ORIENTED_EDGE('',*,*,#2529,.F.);
#2529 = EDGE_CURVE('',#2530,#2522,#2532,.T.);
#2530 = VERTEX_POINT('',#2531);
#2531 = CARTESIAN_POINT('',(121.1,-123.9875,0.));
#2532 = CIRCLE('',#2533,0.500001333575);
#2533 = AXIS2_PLACEMENT_3D('',#2534,#2535,#2536);
#2534 = CARTESIAN_POINT('',(121.09999866642,-123.4874986664,0.));
#2535 = DIRECTION('',(0.,0.,1.));
#2536 = DIRECTION('',(2.667139134199E-06,-0.999999999996,0.));
#2537 = ORIENTED_EDGE('',*,*,#2538,.F.);
#2538 = EDGE_CURVE('',#2539,#2530,#2541,.T.);
#2539 = VERTEX_POINT('',#2540);
#2540 = CARTESIAN_POINT('',(108.1,-123.9875,0.));
#2541 = LINE('',#2542,#2543);
#2542 = CARTESIAN_POINT('',(108.1,-123.9875,0.));
#2543 = VECTOR('',#2544,1.);
#2544 = DIRECTION('',(1.,0.,0.));
#2545 = ORIENTED_EDGE('',*,*,#2546,.F.);
#2546 = EDGE_CURVE('',#2547,#2539,#2549,.T.);
#2547 = VERTEX_POINT('',#2548);
#2548 = CARTESIAN_POINT('',(107.6,-123.4875,0.));
#2549 = CIRCLE('',#2550,0.500001333575);
#2550 = AXIS2_PLACEMENT_3D('',#2551,#2552,#2553);
#2551 = CARTESIAN_POINT('',(108.10000133357,-123.4874986664,0.));
#2552 = DIRECTION('',(0.,0.,1.));
#2553 = DIRECTION('',(-0.999999999996,-2.667139191042E-06,0.));
#2554 = ORIENTED_EDGE('',*,*,#2555,.F.);
#2555 = EDGE_CURVE('',#2496,#2547,#2556,.T.);
#2556 = LINE('',#2557,#2558);
#2557 = CARTESIAN_POINT('',(107.6,-110.4875,0.));
#2558 = VECTOR('',#2559,1.);
#2559 = DIRECTION('',(0.,-1.,0.));
#2560 = FACE_BOUND('',#2561,.F.);
#2561 = EDGE_LOOP('',(#2562,#2573,#2581,#2590,#2598,#2607,#2615,#2624));
#2562 = ORIENTED_EDGE('',*,*,#2563,.F.);
#2563 = EDGE_CURVE('',#2564,#2566,#2568,.T.);
#2564 = VERTEX_POINT('',#2565);
#2565 = CARTESIAN_POINT('',(60.35,-90.8875,0.));
#2566 = VERTEX_POINT('',#2567);
#2567 = CARTESIAN_POINT('',(59.85,-91.3875,0.));
#2568 = CIRCLE('',#2569,0.500001333575);
#2569 = AXIS2_PLACEMENT_3D('',#2570,#2571,#2572);
#2570 = CARTESIAN_POINT('',(60.350001333573,-91.38750133357,0.));
#2571 = DIRECTION('',(0.,0.,1.));
#2572 = DIRECTION('',(-2.667139176832E-06,0.999999999996,0.));
#2573 = ORIENTED_EDGE('',*,*,#2574,.F.);
#2574 = EDGE_CURVE('',#2575,#2564,#2577,.T.);
#2575 = VERTEX_POINT('',#2576);
#2576 = CARTESIAN_POINT('',(73.35,-90.8875,0.));
#2577 = LINE('',#2578,#2579);
#2578 = CARTESIAN_POINT('',(73.35,-90.8875,0.));
#2579 = VECTOR('',#2580,1.);
#2580 = DIRECTION('',(-1.,0.,0.));
#2581 = ORIENTED_EDGE('',*,*,#2582,.F.);
#2582 = EDGE_CURVE('',#2583,#2575,#2585,.T.);
#2583 = VERTEX_POINT('',#2584);
#2584 = CARTESIAN_POINT('',(73.85,-91.3875,0.));
#2585 = CIRCLE('',#2586,0.500001333575);
#2586 = AXIS2_PLACEMENT_3D('',#2587,#2588,#2589);
#2587 = CARTESIAN_POINT('',(73.349998666427,-91.38750133357,0.));
#2588 = DIRECTION('',(0.,0.,1.));
#2589 = DIRECTION('',(0.999999999996,2.667139134199E-06,-0.));
#2590 = ORIENTED_EDGE('',*,*,#2591,.F.);
#2591 = EDGE_CURVE('',#2592,#2583,#2594,.T.);
#2592 = VERTEX_POINT('',#2593);
#2593 = CARTESIAN_POINT('',(73.85,-104.3875,0.));
#2594 = LINE('',#2595,#2596);
#2595 = CARTESIAN_POINT('',(73.85,-104.3875,0.));
#2596 = VECTOR('',#2597,1.);
#2597 = DIRECTION('',(0.,1.,0.));
#2598 = ORIENTED_EDGE('',*,*,#2599,.F.);
#2599 = EDGE_CURVE('',#2600,#2592,#2602,.T.);
#2600 = VERTEX_POINT('',#2601);
#2601 = CARTESIAN_POINT('',(73.35,-104.8875,0.));
#2602 = CIRCLE('',#2603,0.500001333575);
#2603 = AXIS2_PLACEMENT_3D('',#2604,#2605,#2606);
#2604 = CARTESIAN_POINT('',(73.349998666427,-104.3874986664,0.));
#2605 = DIRECTION('',(0.,0.,1.));
#2606 = DIRECTION('',(2.667139191042E-06,-0.999999999996,0.));
#2607 = ORIENTED_EDGE('',*,*,#2608,.F.);
#2608 = EDGE_CURVE('',#2609,#2600,#2611,.T.);
#2609 = VERTEX_POINT('',#2610);
#2610 = CARTESIAN_POINT('',(60.35,-104.8875,0.));
#2611 = LINE('',#2612,#2613);
#2612 = CARTESIAN_POINT('',(60.35,-104.8875,0.));
#2613 = VECTOR('',#2614,1.);
#2614 = DIRECTION('',(1.,0.,0.));
#2615 = ORIENTED_EDGE('',*,*,#2616,.F.);
#2616 = EDGE_CURVE('',#2617,#2609,#2619,.T.);
#2617 = VERTEX_POINT('',#2618);
#2618 = CARTESIAN_POINT('',(59.85,-104.3875,0.));
#2619 = CIRCLE('',#2620,0.500001333575);
#2620 = AXIS2_PLACEMENT_3D('',#2621,#2622,#2623);
#2621 = CARTESIAN_POINT('',(60.350001333573,-104.3874986664,0.));
#2622 = DIRECTION('',(0.,0.,1.));
#2623 = DIRECTION('',(-0.999999999996,-2.667139191042E-06,0.));
#2624 = ORIENTED_EDGE('',*,*,#2625,.F.);
#2625 = EDGE_CURVE('',#2566,#2617,#2626,.T.);
#2626 = LINE('',#2627,#2628);
#2627 = CARTESIAN_POINT('',(59.85,-91.3875,0.));
#2628 = VECTOR('',#2629,1.);
#2629 = DIRECTION('',(0.,-1.,0.));
#2630 = FACE_BOUND('',#2631,.F.);
#2631 = EDGE_LOOP('',(#2632,#2643,#2651,#2660,#2668,#2677,#2685,#2694));
#2632 = ORIENTED_EDGE('',*,*,#2633,.F.);
#2633 = EDGE_CURVE('',#2634,#2636,#2638,.T.);
#2634 = VERTEX_POINT('',#2635);
#2635 = CARTESIAN_POINT('',(84.225,-90.8875,0.));
#2636 = VERTEX_POINT('',#2637);
#2637 = CARTESIAN_POINT('',(83.725,-91.3875,0.));
#2638 = CIRCLE('',#2639,0.500001333575);
#2639 = AXIS2_PLACEMENT_3D('',#2640,#2641,#2642);
#2640 = CARTESIAN_POINT('',(84.225001333573,-91.38750133357,0.));
#2641 = DIRECTION('',(0.,0.,1.));
#2642 = DIRECTION('',(-2.667139219464E-06,0.999999999996,0.));
#2643 = ORIENTED_EDGE('',*,*,#2644,.F.);
#2644 = EDGE_CURVE('',#2645,#2634,#2647,.T.);
#2645 = VERTEX_POINT('',#2646);
#2646 = CARTESIAN_POINT('',(97.225,-90.8875,0.));
#2647 = LINE('',#2648,#2649);
#2648 = CARTESIAN_POINT('',(97.225,-90.8875,0.));
#2649 = VECTOR('',#2650,1.);
#2650 = DIRECTION('',(-1.,0.,0.));
#2651 = ORIENTED_EDGE('',*,*,#2652,.F.);
#2652 = EDGE_CURVE('',#2653,#2645,#2655,.T.);
#2653 = VERTEX_POINT('',#2654);
#2654 = CARTESIAN_POINT('',(97.725,-91.3875,0.));
#2655 = CIRCLE('',#2656,0.500001333575);
#2656 = AXIS2_PLACEMENT_3D('',#2657,#2658,#2659);
#2657 = CARTESIAN_POINT('',(97.224998666427,-91.38750133357,0.));
#2658 = DIRECTION('',(0.,0.,1.));
#2659 = DIRECTION('',(0.999999999996,2.667139134199E-06,-0.));
#2660 = ORIENTED_EDGE('',*,*,#2661,.F.);
#2661 = EDGE_CURVE('',#2662,#2653,#2664,.T.);
#2662 = VERTEX_POINT('',#2663);
#2663 = CARTESIAN_POINT('',(97.725,-104.3875,0.));
#2664 = LINE('',#2665,#2666);
#2665 = CARTESIAN_POINT('',(97.725,-104.3875,0.));
#2666 = VECTOR('',#2667,1.);
#2667 = DIRECTION('',(0.,1.,0.));
#2668 = ORIENTED_EDGE('',*,*,#2669,.F.);
#2669 = EDGE_CURVE('',#2670,#2662,#2672,.T.);
#2670 = VERTEX_POINT('',#2671);
#2671 = CARTESIAN_POINT('',(97.225,-104.8875,0.));
#2672 = CIRCLE('',#2673,0.500001333575);
#2673 = AXIS2_PLACEMENT_3D('',#2674,#2675,#2676);
#2674 = CARTESIAN_POINT('',(97.224998666427,-104.3874986664,0.));
#2675 = DIRECTION('',(0.,0.,1.));
#2676 = DIRECTION('',(2.667139191042E-06,-0.999999999996,0.));
#2677 = ORIENTED_EDGE('',*,*,#2678,.F.);
#2678 = EDGE_CURVE('',#2679,#2670,#2681,.T.);
#2679 = VERTEX_POINT('',#2680);
#2680 = CARTESIAN_POINT('',(84.225,-104.8875,0.));
#2681 = LINE('',#2682,#2683);
#2682 = CARTESIAN_POINT('',(84.225,-104.8875,0.));
#2683 = VECTOR('',#2684,1.);
#2684 = DIRECTION('',(1.,0.,0.));
#2685 = ORIENTED_EDGE('',*,*,#2686,.F.);
#2686 = EDGE_CURVE('',#2687,#2679,#2689,.T.);
#2687 = VERTEX_POINT('',#2688);
#2688 = CARTESIAN_POINT('',(83.725,-104.3875,0.));
#2689 = CIRCLE('',#2690,0.500001333575);
#2690 = AXIS2_PLACEMENT_3D('',#2691,#2692,#2693);
#2691 = CARTESIAN_POINT('',(84.225001333573,-104.3874986664,0.));
#2692 = DIRECTION('',(0.,0.,1.));
#2693 = DIRECTION('',(-0.999999999996,-2.667139219464E-06,0.));
#2694 = ORIENTED_EDGE('',*,*,#2695,.F.);
#2695 = EDGE_CURVE('',#2636,#2687,#2696,.T.);
#2696 = LINE('',#2697,#2698);
#2697 = CARTESIAN_POINT('',(83.725,-91.3875,0.));
#2698 = VECTOR('',#2699,1.);
#2699 = DIRECTION('',(0.,-1.,0.));
#2700 = FACE_BOUND('',#2701,.F.);
#2701 = EDGE_LOOP('',(#2702,#2713,#2721,#2730,#2738,#2747,#2755,#2764));
#2702 = ORIENTED_EDGE('',*,*,#2703,.F.);
#2703 = EDGE_CURVE('',#2704,#2706,#2708,.T.);
#2704 = VERTEX_POINT('',#2705);
#2705 = CARTESIAN_POINT('',(103.325,-90.8875,0.));
#2706 = VERTEX_POINT('',#2707);
#2707 = CARTESIAN_POINT('',(102.825,-91.3875,0.));
#2708 = CIRCLE('',#2709,0.500001333575);
#2709 = AXIS2_PLACEMENT_3D('',#2710,#2711,#2712);
#2710 = CARTESIAN_POINT('',(103.32500133357,-91.38750133357,0.));
#2711 = DIRECTION('',(0.,0.,1.));
#2712 = DIRECTION('',(-2.667139134199E-06,0.999999999996,0.));
#2713 = ORIENTED_EDGE('',*,*,#2714,.F.);
#2714 = EDGE_CURVE('',#2715,#2704,#2717,.T.);
#2715 = VERTEX_POINT('',#2716);
#2716 = CARTESIAN_POINT('',(116.325,-90.8875,0.));
#2717 = LINE('',#2718,#2719);
#2718 = CARTESIAN_POINT('',(116.325,-90.8875,0.));
#2719 = VECTOR('',#2720,1.);
#2720 = DIRECTION('',(-1.,0.,0.));
#2721 = ORIENTED_EDGE('',*,*,#2722,.F.);
#2722 = EDGE_CURVE('',#2723,#2715,#2725,.T.);
#2723 = VERTEX_POINT('',#2724);
#2724 = CARTESIAN_POINT('',(116.825,-91.3875,0.));
#2725 = CIRCLE('',#2726,0.500001333575);
#2726 = AXIS2_PLACEMENT_3D('',#2727,#2728,#2729);
#2727 = CARTESIAN_POINT('',(116.32499866642,-91.38750133357,0.));
#2728 = DIRECTION('',(0.,0.,1.));
#2729 = DIRECTION('',(0.999999999996,2.667139191042E-06,-0.));
#2730 = ORIENTED_EDGE('',*,*,#2731,.F.);
#2731 = EDGE_CURVE('',#2732,#2723,#2734,.T.);
#2732 = VERTEX_POINT('',#2733);
#2733 = CARTESIAN_POINT('',(116.825,-104.3875,0.));
#2734 = LINE('',#2735,#2736);
#2735 = CARTESIAN_POINT('',(116.825,-104.3875,0.));
#2736 = VECTOR('',#2737,1.);
#2737 = DIRECTION('',(0.,1.,0.));
#2738 = ORIENTED_EDGE('',*,*,#2739,.F.);
#2739 = EDGE_CURVE('',#2740,#2732,#2742,.T.);
#2740 = VERTEX_POINT('',#2741);
#2741 = CARTESIAN_POINT('',(116.325,-104.8875,0.));
#2742 = CIRCLE('',#2743,0.500001333575);
#2743 = AXIS2_PLACEMENT_3D('',#2744,#2745,#2746);
#2744 = CARTESIAN_POINT('',(116.32499866642,-104.3874986664,0.));
#2745 = DIRECTION('',(0.,0.,1.));
#2746 = DIRECTION('',(2.667139219464E-06,-0.999999999996,0.));
#2747 = ORIENTED_EDGE('',*,*,#2748,.F.);
#2748 = EDGE_CURVE('',#2749,#2740,#2751,.T.);
#2749 = VERTEX_POINT('',#2750);
#2750 = CARTESIAN_POINT('',(103.325,-104.8875,0.));
#2751 = LINE('',#2752,#2753);
#2752 = CARTESIAN_POINT('',(103.325,-104.8875,0.));
#2753 = VECTOR('',#2754,1.);
#2754 = DIRECTION('',(1.,0.,0.));
#2755 = ORIENTED_EDGE('',*,*,#2756,.F.);
#2756 = EDGE_CURVE('',#2757,#2749,#2759,.T.);
#2757 = VERTEX_POINT('',#2758);
#2758 = CARTESIAN_POINT('',(102.825,-104.3875,0.));
#2759 = CIRCLE('',#2760,0.500001333575);
#2760 = AXIS2_PLACEMENT_3D('',#2761,#2762,#2763);
#2761 = CARTESIAN_POINT('',(103.32500133357,-104.3874986664,0.));
#2762 = DIRECTION('',(0.,0.,1.));
#2763 = DIRECTION('',(-0.999999999996,-2.667139191042E-06,0.));
#2764 = ORIENTED_EDGE('',*,*,#2765,.F.);
#2765 = EDGE_CURVE('',#2706,#2757,#2766,.T.);
#2766 = LINE('',#2767,#2768);
#2767 = CARTESIAN_POINT('',(102.825,-91.3875,0.));
#2768 = VECTOR('',#2769,1.);
#2769 = DIRECTION('',(0.,-1.,0.));
#2770 = FACE_BOUND('',#2771,.F.);
#2771 = EDGE_LOOP('',(#2772,#2783,#2791,#2800,#2808,#2817,#2825,#2834));
#2772 = ORIENTED_EDGE('',*,*,#2773,.F.);
#2773 = EDGE_CURVE('',#2774,#2776,#2778,.T.);
#2774 = VERTEX_POINT('',#2775);
#2775 = CARTESIAN_POINT('',(127.2,-109.9875,0.));
#2776 = VERTEX_POINT('',#2777);
#2777 = CARTESIAN_POINT('',(126.7,-110.4875,0.));
#2778 = CIRCLE('',#2779,0.500001333575);
#2779 = AXIS2_PLACEMENT_3D('',#2780,#2781,#2782);
#2780 = CARTESIAN_POINT('',(127.20000133357,-110.4875013335,0.));
#2781 = DIRECTION('',(0.,0.,1.));
#2782 = DIRECTION('',(-2.667139191042E-06,0.999999999996,0.));
#2783 = ORIENTED_EDGE('',*,*,#2784,.F.);
#2784 = EDGE_CURVE('',#2785,#2774,#2787,.T.);
#2785 = VERTEX_POINT('',#2786);
#2786 = CARTESIAN_POINT('',(140.2,-109.9875,0.));
#2787 = LINE('',#2788,#2789);
#2788 = CARTESIAN_POINT('',(140.2,-109.9875,0.));
#2789 = VECTOR('',#2790,1.);
#2790 = DIRECTION('',(-1.,0.,0.));
#2791 = ORIENTED_EDGE('',*,*,#2792,.F.);
#2792 = EDGE_CURVE('',#2793,#2785,#2795,.T.);
#2793 = VERTEX_POINT('',#2794);
#2794 = CARTESIAN_POINT('',(140.7,-110.4875,0.));
#2795 = CIRCLE('',#2796,0.500001333575);
#2796 = AXIS2_PLACEMENT_3D('',#2797,#2798,#2799);
#2797 = CARTESIAN_POINT('',(140.19999866642,-110.4875013335,0.));
#2798 = DIRECTION('',(0.,0.,1.));
#2799 = DIRECTION('',(0.999999999996,2.667139191042E-06,-0.));
#2800 = ORIENTED_EDGE('',*,*,#2801,.F.);
#2801 = EDGE_CURVE('',#2802,#2793,#2804,.T.);
#2802 = VERTEX_POINT('',#2803);
#2803 = CARTESIAN_POINT('',(140.7,-123.4875,0.));
#2804 = LINE('',#2805,#2806);
#2805 = CARTESIAN_POINT('',(140.7,-123.4875,0.));
#2806 = VECTOR('',#2807,1.);
#2807 = DIRECTION('',(0.,1.,0.));
#2808 = ORIENTED_EDGE('',*,*,#2809,.F.);
#2809 = EDGE_CURVE('',#2810,#2802,#2812,.T.);
#2810 = VERTEX_POINT('',#2811);
#2811 = CARTESIAN_POINT('',(140.2,-123.9875,0.));
#2812 = CIRCLE('',#2813,0.500001333575);
#2813 = AXIS2_PLACEMENT_3D('',#2814,#2815,#2816);
#2814 = CARTESIAN_POINT('',(140.19999866642,-123.4874986664,0.));
#2815 = DIRECTION('',(0.,0.,1.));
#2816 = DIRECTION('',(2.667139134199E-06,-0.999999999996,0.));
#2817 = ORIENTED_EDGE('',*,*,#2818,.F.);
#2818 = EDGE_CURVE('',#2819,#2810,#2821,.T.);
#2819 = VERTEX_POINT('',#2820);
#2820 = CARTESIAN_POINT('',(127.2,-123.9875,0.));
#2821 = LINE('',#2822,#2823);
#2822 = CARTESIAN_POINT('',(127.2,-123.9875,0.));
#2823 = VECTOR('',#2824,1.);
#2824 = DIRECTION('',(1.,0.,0.));
#2825 = ORIENTED_EDGE('',*,*,#2826,.F.);
#2826 = EDGE_CURVE('',#2827,#2819,#2829,.T.);
#2827 = VERTEX_POINT('',#2828);
#2828 = CARTESIAN_POINT('',(126.7,-123.4875,0.));
#2829 = CIRCLE('',#2830,0.500001333575);
#2830 = AXIS2_PLACEMENT_3D('',#2831,#2832,#2833);
#2831 = CARTESIAN_POINT('',(127.20000133357,-123.4874986664,0.));
#2832 = DIRECTION('',(0.,0.,1.));
#2833 = DIRECTION('',(-0.999999999996,-2.667139134199E-06,0.));
#2834 = ORIENTED_EDGE('',*,*,#2835,.F.);
#2835 = EDGE_CURVE('',#2776,#2827,#2836,.T.);
#2836 = LINE('',#2837,#2838);
#2837 = CARTESIAN_POINT('',(126.7,-110.4875,0.));
#2838 = VECTOR('',#2839,1.);
#2839 = DIRECTION('',(0.,-1.,0.));
#2840 = FACE_BOUND('',#2841,.F.);
#2841 = EDGE_LOOP('',(#2842,#2853,#2861,#2870,#2878,#2887,#2895,#2904));
#2842 = ORIENTED_EDGE('',*,*,#2843,.F.);
#2843 = EDGE_CURVE('',#2844,#2846,#2848,.T.);
#2844 = VERTEX_POINT('',#2845);
#2845 = CARTESIAN_POINT('',(146.3,-109.9875,0.));
#2846 = VERTEX_POINT('',#2847);
#2847 = CARTESIAN_POINT('',(145.8,-110.4875,0.));
#2848 = CIRCLE('',#2849,0.500001333575);
#2849 = AXIS2_PLACEMENT_3D('',#2850,#2851,#2852);
#2850 = CARTESIAN_POINT('',(146.30000133357,-110.4875013335,0.));
#2851 = DIRECTION('',(0.,0.,1.));
#2852 = DIRECTION('',(-2.667139191042E-06,0.999999999996,0.));
#2853 = ORIENTED_EDGE('',*,*,#2854,.F.);
#2854 = EDGE_CURVE('',#2855,#2844,#2857,.T.);
#2855 = VERTEX_POINT('',#2856);
#2856 = CARTESIAN_POINT('',(159.3,-109.9875,0.));
#2857 = LINE('',#2858,#2859);
#2858 = CARTESIAN_POINT('',(159.3,-109.9875,0.));
#2859 = VECTOR('',#2860,1.);
#2860 = DIRECTION('',(-1.,0.,0.));
#2861 = ORIENTED_EDGE('',*,*,#2862,.F.);
#2862 = EDGE_CURVE('',#2863,#2855,#2865,.T.);
#2863 = VERTEX_POINT('',#2864);
#2864 = CARTESIAN_POINT('',(159.8,-110.4875,0.));
#2865 = CIRCLE('',#2866,0.500001333575);
#2866 = AXIS2_PLACEMENT_3D('',#2867,#2868,#2869);
#2867 = CARTESIAN_POINT('',(159.29999866642,-110.4875013335,0.));
#2868 = DIRECTION('',(0.,0.,1.));
#2869 = DIRECTION('',(0.999999999996,2.667139276307E-06,-0.));
#2870 = ORIENTED_EDGE('',*,*,#2871,.F.);
#2871 = EDGE_CURVE('',#2872,#2863,#2874,.T.);
#2872 = VERTEX_POINT('',#2873);
#2873 = CARTESIAN_POINT('',(159.8,-123.4875,0.));
#2874 = LINE('',#2875,#2876);
#2875 = CARTESIAN_POINT('',(159.8,-123.4875,0.));
#2876 = VECTOR('',#2877,1.);
#2877 = DIRECTION('',(0.,1.,0.));
#2878 = ORIENTED_EDGE('',*,*,#2879,.F.);
#2879 = EDGE_CURVE('',#2880,#2872,#2882,.T.);
#2880 = VERTEX_POINT('',#2881);
#2881 = CARTESIAN_POINT('',(159.3,-123.9875,0.));
#2882 = CIRCLE('',#2883,0.500001333575);
#2883 = AXIS2_PLACEMENT_3D('',#2884,#2885,#2886);
#2884 = CARTESIAN_POINT('',(159.29999866642,-123.4874986664,0.));
#2885 = DIRECTION('',(0.,0.,1.));
#2886 = DIRECTION('',(2.667139247886E-06,-0.999999999996,0.));
#2887 = ORIENTED_EDGE('',*,*,#2888,.F.);
#2888 = EDGE_CURVE('',#2889,#2880,#2891,.T.);
#2889 = VERTEX_POINT('',#2890);
#2890 = CARTESIAN_POINT('',(146.3,-123.9875,0.));
#2891 = LINE('',#2892,#2893);
#2892 = CARTESIAN_POINT('',(146.3,-123.9875,0.));
#2893 = VECTOR('',#2894,1.);
#2894 = DIRECTION('',(1.,0.,0.));
#2895 = ORIENTED_EDGE('',*,*,#2896,.F.);
#2896 = EDGE_CURVE('',#2897,#2889,#2899,.T.);
#2897 = VERTEX_POINT('',#2898);
#2898 = CARTESIAN_POINT('',(145.8,-123.4875,0.));
#2899 = CIRCLE('',#2900,0.500001333575);
#2900 = AXIS2_PLACEMENT_3D('',#2901,#2902,#2903);
#2901 = CARTESIAN_POINT('',(146.30000133357,-123.4874986664,0.));
#2902 = DIRECTION('',(0.,0.,1.));
#2903 = DIRECTION('',(-0.999999999996,-2.667139134199E-06,0.));
#2904 = ORIENTED_EDGE('',*,*,#2905,.F.);
#2905 = EDGE_CURVE('',#2846,#2897,#2906,.T.);
#2906 = LINE('',#2907,#2908);
#2907 = CARTESIAN_POINT('',(145.8,-110.4875,0.));
#2908 = VECTOR('',#2909,1.);
#2909 = DIRECTION('',(0.,-1.,0.));
#2910 = FACE_BOUND('',#2911,.F.);
#2911 = EDGE_LOOP('',(#2912,#2923,#2931,#2940,#2948,#2957,#2965,#2974));
#2912 = ORIENTED_EDGE('',*,*,#2913,.F.);
#2913 = EDGE_CURVE('',#2914,#2916,#2918,.T.);
#2914 = VERTEX_POINT('',#2915);
#2915 = CARTESIAN_POINT('',(165.4,-109.9875,0.));
#2916 = VERTEX_POINT('',#2917);
#2917 = CARTESIAN_POINT('',(164.9,-110.4875,0.));
#2918 = CIRCLE('',#2919,0.500001333575);
#2919 = AXIS2_PLACEMENT_3D('',#2920,#2921,#2922);
#2920 = CARTESIAN_POINT('',(165.40000133357,-110.4875013335,0.));
#2921 = DIRECTION('',(0.,0.,1.));
#2922 = DIRECTION('',(-2.667139247886E-06,0.999999999996,0.));
#2923 = ORIENTED_EDGE('',*,*,#2924,.F.);
#2924 = EDGE_CURVE('',#2925,#2914,#2927,.T.);
#2925 = VERTEX_POINT('',#2926);
#2926 = CARTESIAN_POINT('',(178.4,-109.9875,0.));
#2927 = LINE('',#2928,#2929);
#2928 = CARTESIAN_POINT('',(178.4,-109.9875,0.));
#2929 = VECTOR('',#2930,1.);
#2930 = DIRECTION('',(-1.,0.,0.));
#2931 = ORIENTED_EDGE('',*,*,#2932,.F.);
#2932 = EDGE_CURVE('',#2933,#2925,#2935,.T.);
#2933 = VERTEX_POINT('',#2934);
#2934 = CARTESIAN_POINT('',(178.9,-110.4875,0.));
#2935 = CIRCLE('',#2936,0.500001333575);
#2936 = AXIS2_PLACEMENT_3D('',#2937,#2938,#2939);
#2937 = CARTESIAN_POINT('',(178.39999866642,-110.4875013335,0.));
#2938 = DIRECTION('',(0.,0.,1.));
#2939 = DIRECTION('',(0.999999999996,2.667139191042E-06,-0.));
#2940 = ORIENTED_EDGE('',*,*,#2941,.F.);
#2941 = EDGE_CURVE('',#2942,#2933,#2944,.T.);
#2942 = VERTEX_POINT('',#2943);
#2943 = CARTESIAN_POINT('',(178.9,-123.4875,0.));
#2944 = LINE('',#2945,#2946);
#2945 = CARTESIAN_POINT('',(178.9,-123.4875,0.));
#2946 = VECTOR('',#2947,1.);
#2947 = DIRECTION('',(0.,1.,0.));
#2948 = ORIENTED_EDGE('',*,*,#2949,.F.);
#2949 = EDGE_CURVE('',#2950,#2942,#2952,.T.);
#2950 = VERTEX_POINT('',#2951);
#2951 = CARTESIAN_POINT('',(178.4,-123.9875,0.));
#2952 = CIRCLE('',#2953,0.500001333575);
#2953 = AXIS2_PLACEMENT_3D('',#2954,#2955,#2956);
#2954 = CARTESIAN_POINT('',(178.39999866642,-123.4874986664,0.));
#2955 = DIRECTION('',(0.,0.,1.));
#2956 = DIRECTION('',(2.667139191043E-06,-0.999999999996,0.));
#2957 = ORIENTED_EDGE('',*,*,#2958,.F.);
#2958 = EDGE_CURVE('',#2959,#2950,#2961,.T.);
#2959 = VERTEX_POINT('',#2960);
#2960 = CARTESIAN_POINT('',(165.4,-123.9875,0.));
#2961 = LINE('',#2962,#2963);
#2962 = CARTESIAN_POINT('',(165.4,-123.9875,0.));
#2963 = VECTOR('',#2964,1.);
#2964 = DIRECTION('',(1.,0.,0.));
#2965 = ORIENTED_EDGE('',*,*,#2966,.F.);
#2966 = EDGE_CURVE('',#2967,#2959,#2969,.T.);
#2967 = VERTEX_POINT('',#2968);
#2968 = CARTESIAN_POINT('',(164.9,-123.4875,0.));
#2969 = CIRCLE('',#2970,0.500001333575);
#2970 = AXIS2_PLACEMENT_3D('',#2971,#2972,#2973);
#2971 = CARTESIAN_POINT('',(165.40000133357,-123.4874986664,0.));
#2972 = DIRECTION('',(0.,0.,1.));
#2973 = DIRECTION('',(-0.999999999996,-2.667139134199E-06,0.));
#2974 = ORIENTED_EDGE('',*,*,#2975,.F.);
#2975 = EDGE_CURVE('',#2916,#2967,#2976,.T.);
#2976 = LINE('',#2977,#2978);
#2977 = CARTESIAN_POINT('',(164.9,-110.4875,0.));
#2978 = VECTOR('',#2979,1.);
#2979 = DIRECTION('',(0.,-1.,0.));
#2980 = FACE_BOUND('',#2981,.F.);
#2981 = EDGE_LOOP('',(#2982,#2993,#3001,#3010,#3018,#3027,#3035,#3044));
#2982 = ORIENTED_EDGE('',*,*,#2983,.F.);
#2983 = EDGE_CURVE('',#2984,#2986,#2988,.T.);
#2984 = VERTEX_POINT('',#2985);
#2985 = CARTESIAN_POINT('',(184.5,-109.9875,0.));
#2986 = VERTEX_POINT('',#2987);
#2987 = CARTESIAN_POINT('',(184.,-110.4875,0.));
#2988 = CIRCLE('',#2989,0.500001333575);
#2989 = AXIS2_PLACEMENT_3D('',#2990,#2991,#2992);
#2990 = CARTESIAN_POINT('',(184.50000133357,-110.4875013335,0.));
#2991 = DIRECTION('',(0.,0.,1.));
#2992 = DIRECTION('',(-2.667139191042E-06,0.999999999996,0.));
#2993 = ORIENTED_EDGE('',*,*,#2994,.F.);
#2994 = EDGE_CURVE('',#2995,#2984,#2997,.T.);
#2995 = VERTEX_POINT('',#2996);
#2996 = CARTESIAN_POINT('',(197.5,-109.9875,0.));
#2997 = LINE('',#2998,#2999);
#2998 = CARTESIAN_POINT('',(197.5,-109.9875,0.));
#2999 = VECTOR('',#3000,1.);
#3000 = DIRECTION('',(-1.,0.,0.));
#3001 = ORIENTED_EDGE('',*,*,#3002,.F.);
#3002 = EDGE_CURVE('',#3003,#2995,#3005,.T.);
#3003 = VERTEX_POINT('',#3004);
#3004 = CARTESIAN_POINT('',(198.,-110.4875,0.));
#3005 = CIRCLE('',#3006,0.500001333575);
#3006 = AXIS2_PLACEMENT_3D('',#3007,#3008,#3009);
#3007 = CARTESIAN_POINT('',(197.49999866642,-110.4875013335,0.));
#3008 = DIRECTION('',(0.,0.,1.));
#3009 = DIRECTION('',(0.999999999996,2.667139191042E-06,-0.));
#3010 = ORIENTED_EDGE('',*,*,#3011,.F.);
#3011 = EDGE_CURVE('',#3012,#3003,#3014,.T.);
#3012 = VERTEX_POINT('',#3013);
#3013 = CARTESIAN_POINT('',(198.,-123.4875,0.));
#3014 = LINE('',#3015,#3016);
#3015 = CARTESIAN_POINT('',(198.,-123.4875,0.));
#3016 = VECTOR('',#3017,1.);
#3017 = DIRECTION('',(0.,1.,0.));
#3018 = ORIENTED_EDGE('',*,*,#3019,.F.);
#3019 = EDGE_CURVE('',#3020,#3012,#3022,.T.);
#3020 = VERTEX_POINT('',#3021);
#3021 = CARTESIAN_POINT('',(197.5,-123.9875,0.));
#3022 = CIRCLE('',#3023,0.500001333575);
#3023 = AXIS2_PLACEMENT_3D('',#3024,#3025,#3026);
#3024 = CARTESIAN_POINT('',(197.49999866642,-123.4874986664,0.));
#3025 = DIRECTION('',(0.,0.,1.));
#3026 = DIRECTION('',(2.667139134199E-06,-0.999999999996,0.));
#3027 = ORIENTED_EDGE('',*,*,#3028,.F.);
#3028 = EDGE_CURVE('',#3029,#3020,#3031,.T.);
#3029 = VERTEX_POINT('',#3030);
#3030 = CARTESIAN_POINT('',(184.5,-123.9875,0.));
#3031 = LINE('',#3032,#3033);
#3032 = CARTESIAN_POINT('',(184.5,-123.9875,0.));
#3033 = VECTOR('',#3034,1.);
#3034 = DIRECTION('',(1.,0.,0.));
#3035 = ORIENTED_EDGE('',*,*,#3036,.F.);
#3036 = EDGE_CURVE('',#3037,#3029,#3039,.T.);
#3037 = VERTEX_POINT('',#3038);
#3038 = CARTESIAN_POINT('',(184.,-123.4875,0.));
#3039 = CIRCLE('',#3040,0.500001333575);
#3040 = AXIS2_PLACEMENT_3D('',#3041,#3042,#3043);
#3041 = CARTESIAN_POINT('',(184.50000133357,-123.4874986664,0.));
#3042 = DIRECTION('',(0.,0.,1.));
#3043 = DIRECTION('',(-0.999999999996,-2.667139134199E-06,0.));
#3044 = ORIENTED_EDGE('',*,*,#3045,.F.);
#3045 = EDGE_CURVE('',#2986,#3037,#3046,.T.);
#3046 = LINE('',#3047,#3048);
#3047 = CARTESIAN_POINT('',(184.,-110.4875,0.));
#3048 = VECTOR('',#3049,1.);
#3049 = DIRECTION('',(0.,-1.,0.));
#3050 = FACE_BOUND('',#3051,.F.);
#3051 = EDGE_LOOP('',(#3052,#3063,#3071,#3080,#3088,#3097,#3105,#3114));
#3052 = ORIENTED_EDGE('',*,*,#3053,.F.);
#3053 = EDGE_CURVE('',#3054,#3056,#3058,.T.);
#3054 = VERTEX_POINT('',#3055);
#3055 = CARTESIAN_POINT('',(122.425,-90.8875,0.));
#3056 = VERTEX_POINT('',#3057);
#3057 = CARTESIAN_POINT('',(121.925,-91.3875,0.));
#3058 = CIRCLE('',#3059,0.500001333575);
#3059 = AXIS2_PLACEMENT_3D('',#3060,#3061,#3062);
#3060 = CARTESIAN_POINT('',(122.42500133357,-91.38750133357,0.));
#3061 = DIRECTION('',(0.,0.,1.));
#3062 = DIRECTION('',(-2.667139191042E-06,0.999999999996,0.));
#3063 = ORIENTED_EDGE('',*,*,#3064,.F.);
#3064 = EDGE_CURVE('',#3065,#3054,#3067,.T.);
#3065 = VERTEX_POINT('',#3066);
#3066 = CARTESIAN_POINT('',(135.425,-90.8875,0.));
#3067 = LINE('',#3068,#3069);
#3068 = CARTESIAN_POINT('',(135.425,-90.8875,0.));
#3069 = VECTOR('',#3070,1.);
#3070 = DIRECTION('',(-1.,0.,0.));
#3071 = ORIENTED_EDGE('',*,*,#3072,.F.);
#3072 = EDGE_CURVE('',#3073,#3065,#3075,.T.);
#3073 = VERTEX_POINT('',#3074);
#3074 = CARTESIAN_POINT('',(135.925,-91.3875,0.));
#3075 = CIRCLE('',#3076,0.500001333575);
#3076 = AXIS2_PLACEMENT_3D('',#3077,#3078,#3079);
#3077 = CARTESIAN_POINT('',(135.42499866642,-91.38750133357,0.));
#3078 = DIRECTION('',(0.,0.,1.));
#3079 = DIRECTION('',(0.999999999996,2.667139247886E-06,-0.));
#3080 = ORIENTED_EDGE('',*,*,#3081,.F.);
#3081 = EDGE_CURVE('',#3082,#3073,#3084,.T.);
#3082 = VERTEX_POINT('',#3083);
#3083 = CARTESIAN_POINT('',(135.925,-104.3875,0.));
#3084 = LINE('',#3085,#3086);
#3085 = CARTESIAN_POINT('',(135.925,-104.3875,0.));
#3086 = VECTOR('',#3087,1.);
#3087 = DIRECTION('',(0.,1.,0.));
#3088 = ORIENTED_EDGE('',*,*,#3089,.F.);
#3089 = EDGE_CURVE('',#3090,#3082,#3092,.T.);
#3090 = VERTEX_POINT('',#3091);
#3091 = CARTESIAN_POINT('',(135.425,-104.8875,0.));
#3092 = CIRCLE('',#3093,0.500001333575);
#3093 = AXIS2_PLACEMENT_3D('',#3094,#3095,#3096);
#3094 = CARTESIAN_POINT('',(135.42499866642,-104.3874986664,0.));
#3095 = DIRECTION('',(0.,0.,1.));
#3096 = DIRECTION('',(2.667139304729E-06,-0.999999999996,0.));
#3097 = ORIENTED_EDGE('',*,*,#3098,.F.);
#3098 = EDGE_CURVE('',#3099,#3090,#3101,.T.);
#3099 = VERTEX_POINT('',#3100);
#3100 = CARTESIAN_POINT('',(122.425,-104.8875,0.));
#3101 = LINE('',#3102,#3103);
#3102 = CARTESIAN_POINT('',(122.425,-104.8875,0.));
#3103 = VECTOR('',#3104,1.);
#3104 = DIRECTION('',(1.,0.,0.));
#3105 = ORIENTED_EDGE('',*,*,#3106,.F.);
#3106 = EDGE_CURVE('',#3107,#3099,#3109,.T.);
#3107 = VERTEX_POINT('',#3108);
#3108 = CARTESIAN_POINT('',(121.925,-104.3875,0.));
#3109 = CIRCLE('',#3110,0.500001333575);
#3110 = AXIS2_PLACEMENT_3D('',#3111,#3112,#3113);
#3111 = CARTESIAN_POINT('',(122.42500133357,-104.3874986664,0.));
#3112 = DIRECTION('',(0.,0.,1.));
#3113 = DIRECTION('',(-0.999999999996,-2.667139219464E-06,0.));
#3114 = ORIENTED_EDGE('',*,*,#3115,.F.);
#3115 = EDGE_CURVE('',#3056,#3107,#3116,.T.);
#3116 = LINE('',#3117,#3118);
#3117 = CARTESIAN_POINT('',(121.925,-91.3875,0.));
#3118 = VECTOR('',#3119,1.);
#3119 = DIRECTION('',(0.,-1.,0.));
#3120 = FACE_BOUND('',#3121,.F.);
#3121 = EDGE_LOOP('',(#3122,#3133,#3141,#3150,#3158,#3167,#3175,#3184));
#3122 = ORIENTED_EDGE('',*,*,#3123,.F.);
#3123 = EDGE_CURVE('',#3124,#3126,#3128,.T.);
#3124 = VERTEX_POINT('',#3125);
#3125 = CARTESIAN_POINT('',(141.525,-90.8875,0.));
#3126 = VERTEX_POINT('',#3127);
#3127 = CARTESIAN_POINT('',(141.025,-91.3875,0.));
#3128 = CIRCLE('',#3129,0.500001333575);
#3129 = AXIS2_PLACEMENT_3D('',#3130,#3131,#3132);
#3130 = CARTESIAN_POINT('',(141.52500133357,-91.38750133357,0.));
#3131 = DIRECTION('',(0.,0.,1.));
#3132 = DIRECTION('',(-2.667139191043E-06,0.999999999996,0.));
#3133 = ORIENTED_EDGE('',*,*,#3134,.F.);
#3134 = EDGE_CURVE('',#3135,#3124,#3137,.T.);
#3135 = VERTEX_POINT('',#3136);
#3136 = CARTESIAN_POINT('',(154.525,-90.8875,0.));
#3137 = LINE('',#3138,#3139);
#3138 = CARTESIAN_POINT('',(154.525,-90.8875,0.));
#3139 = VECTOR('',#3140,1.);
#3140 = DIRECTION('',(-1.,0.,0.));
#3141 = ORIENTED_EDGE('',*,*,#3142,.F.);
#3142 = EDGE_CURVE('',#3143,#3135,#3145,.T.);
#3143 = VERTEX_POINT('',#3144);
#3144 = CARTESIAN_POINT('',(155.025,-91.3875,0.));
#3145 = CIRCLE('',#3146,0.500001333575);
#3146 = AXIS2_PLACEMENT_3D('',#3147,#3148,#3149);
#3147 = CARTESIAN_POINT('',(154.52499866642,-91.38750133357,0.));
#3148 = DIRECTION('',(0.,0.,1.));
#3149 = DIRECTION('',(0.999999999996,2.667139134199E-06,-0.));
#3150 = ORIENTED_EDGE('',*,*,#3151,.F.);
#3151 = EDGE_CURVE('',#3152,#3143,#3154,.T.);
#3152 = VERTEX_POINT('',#3153);
#3153 = CARTESIAN_POINT('',(155.025,-104.3875,0.));
#3154 = LINE('',#3155,#3156);
#3155 = CARTESIAN_POINT('',(155.025,-104.3875,0.));
#3156 = VECTOR('',#3157,1.);
#3157 = DIRECTION('',(0.,1.,0.));
#3158 = ORIENTED_EDGE('',*,*,#3159,.F.);
#3159 = EDGE_CURVE('',#3160,#3152,#3162,.T.);
#3160 = VERTEX_POINT('',#3161);
#3161 = CARTESIAN_POINT('',(154.525,-104.8875,0.));
#3162 = CIRCLE('',#3163,0.500001333575);
#3163 = AXIS2_PLACEMENT_3D('',#3164,#3165,#3166);
#3164 = CARTESIAN_POINT('',(154.52499866642,-104.3874986664,0.));
#3165 = DIRECTION('',(0.,0.,1.));
#3166 = DIRECTION('',(2.667139247886E-06,-0.999999999996,0.));
#3167 = ORIENTED_EDGE('',*,*,#3168,.F.);
#3168 = EDGE_CURVE('',#3169,#3160,#3171,.T.);
#3169 = VERTEX_POINT('',#3170);
#3170 = CARTESIAN_POINT('',(141.525,-104.8875,0.));
#3171 = LINE('',#3172,#3173);
#3172 = CARTESIAN_POINT('',(141.525,-104.8875,0.));
#3173 = VECTOR('',#3174,1.);
#3174 = DIRECTION('',(1.,0.,0.));
#3175 = ORIENTED_EDGE('',*,*,#3176,.F.);
#3176 = EDGE_CURVE('',#3177,#3169,#3179,.T.);
#3177 = VERTEX_POINT('',#3178);
#3178 = CARTESIAN_POINT('',(141.025,-104.3875,0.));
#3179 = CIRCLE('',#3180,0.500001333575);
#3180 = AXIS2_PLACEMENT_3D('',#3181,#3182,#3183);
#3181 = CARTESIAN_POINT('',(141.52500133357,-104.3874986664,0.));
#3182 = DIRECTION('',(0.,0.,1.));
#3183 = DIRECTION('',(-0.999999999996,-2.667139191042E-06,0.));
#3184 = ORIENTED_EDGE('',*,*,#3185,.F.);
#3185 = EDGE_CURVE('',#3126,#3177,#3186,.T.);
#3186 = LINE('',#3187,#3188);
#3187 = CARTESIAN_POINT('',(141.025,-91.3875,0.));
#3188 = VECTOR('',#3189,1.);
#3189 = DIRECTION('',(0.,-1.,0.));
#3190 = FACE_BOUND('',#3191,.F.);
#3191 = EDGE_LOOP('',(#3192,#3203,#3211,#3220,#3228,#3237,#3245,#3254));
#3192 = ORIENTED_EDGE('',*,*,#3193,.F.);
#3193 = EDGE_CURVE('',#3194,#3196,#3198,.T.);
#3194 = VERTEX_POINT('',#3195);
#3195 = CARTESIAN_POINT('',(160.625,-90.8875,0.));
#3196 = VERTEX_POINT('',#3197);
#3197 = CARTESIAN_POINT('',(160.125,-91.3875,0.));
#3198 = CIRCLE('',#3199,0.500001333575);
#3199 = AXIS2_PLACEMENT_3D('',#3200,#3201,#3202);
#3200 = CARTESIAN_POINT('',(160.62500133357,-91.38750133357,0.));
#3201 = DIRECTION('',(0.,0.,1.));
#3202 = DIRECTION('',(-2.667139134199E-06,0.999999999996,0.));
#3203 = ORIENTED_EDGE('',*,*,#3204,.F.);
#3204 = EDGE_CURVE('',#3205,#3194,#3207,.T.);
#3205 = VERTEX_POINT('',#3206);
#3206 = CARTESIAN_POINT('',(173.625,-90.8875,0.));
#3207 = LINE('',#3208,#3209);
#3208 = CARTESIAN_POINT('',(173.625,-90.8875,0.));
#3209 = VECTOR('',#3210,1.);
#3210 = DIRECTION('',(-1.,0.,0.));
#3211 = ORIENTED_EDGE('',*,*,#3212,.F.);
#3212 = EDGE_CURVE('',#3213,#3205,#3215,.T.);
#3213 = VERTEX_POINT('',#3214);
#3214 = CARTESIAN_POINT('',(174.125,-91.3875,0.));
#3215 = CIRCLE('',#3216,0.500001333575);
#3216 = AXIS2_PLACEMENT_3D('',#3217,#3218,#3219);
#3217 = CARTESIAN_POINT('',(173.62499866642,-91.38750133357,0.));
#3218 = DIRECTION('',(0.,0.,1.));
#3219 = DIRECTION('',(0.999999999996,2.667139134199E-06,-0.));
#3220 = ORIENTED_EDGE('',*,*,#3221,.F.);
#3221 = EDGE_CURVE('',#3222,#3213,#3224,.T.);
#3222 = VERTEX_POINT('',#3223);
#3223 = CARTESIAN_POINT('',(174.125,-104.3875,0.));
#3224 = LINE('',#3225,#3226);
#3225 = CARTESIAN_POINT('',(174.125,-104.3875,0.));
#3226 = VECTOR('',#3227,1.);
#3227 = DIRECTION('',(0.,1.,0.));
#3228 = ORIENTED_EDGE('',*,*,#3229,.F.);
#3229 = EDGE_CURVE('',#3230,#3222,#3232,.T.);
#3230 = VERTEX_POINT('',#3231);
#3231 = CARTESIAN_POINT('',(173.625,-104.8875,0.));
#3232 = CIRCLE('',#3233,0.500001333575);
#3233 = AXIS2_PLACEMENT_3D('',#3234,#3235,#3236);
#3234 = CARTESIAN_POINT('',(173.62499866642,-104.3874986664,0.));
#3235 = DIRECTION('',(0.,0.,1.));
#3236 = DIRECTION('',(2.667139191042E-06,-0.999999999996,0.));
#3237 = ORIENTED_EDGE('',*,*,#3238,.F.);
#3238 = EDGE_CURVE('',#3239,#3230,#3241,.T.);
#3239 = VERTEX_POINT('',#3240);
#3240 = CARTESIAN_POINT('',(160.625,-104.8875,0.));
#3241 = LINE('',#3242,#3243);
#3242 = CARTESIAN_POINT('',(160.625,-104.8875,0.));
#3243 = VECTOR('',#3244,1.);
#3244 = DIRECTION('',(1.,0.,0.));
#3245 = ORIENTED_EDGE('',*,*,#3246,.F.);
#3246 = EDGE_CURVE('',#3247,#3239,#3249,.T.);
#3247 = VERTEX_POINT('',#3248);
#3248 = CARTESIAN_POINT('',(160.125,-104.3875,0.));
#3249 = CIRCLE('',#3250,0.500001333575);
#3250 = AXIS2_PLACEMENT_3D('',#3251,#3252,#3253);
#3251 = CARTESIAN_POINT('',(160.62500133357,-104.3874986664,0.));
#3252 = DIRECTION('',(0.,0.,1.));
#3253 = DIRECTION('',(-0.999999999996,-2.667139191042E-06,0.));
#3254 = ORIENTED_EDGE('',*,*,#3255,.F.);
#3255 = EDGE_CURVE('',#3196,#3247,#3256,.T.);
#3256 = LINE('',#3257,#3258);
#3257 = CARTESIAN_POINT('',(160.125,-91.3875,0.));
#3258 = VECTOR('',#3259,1.);
#3259 = DIRECTION('',(0.,-1.,0.));
#3260 = FACE_BOUND('',#3261,.F.);
#3261 = EDGE_LOOP('',(#3262,#3273,#3281,#3290,#3298,#3307,#3315,#3324));
#3262 = ORIENTED_EDGE('',*,*,#3263,.F.);
#3263 = EDGE_CURVE('',#3264,#3266,#3268,.T.);
#3264 = VERTEX_POINT('',#3265);
#3265 = CARTESIAN_POINT('',(179.725,-90.8875,0.));
#3266 = VERTEX_POINT('',#3267);
#3267 = CARTESIAN_POINT('',(179.225,-91.3875,0.));
#3268 = CIRCLE('',#3269,0.500001333575);
#3269 = AXIS2_PLACEMENT_3D('',#3270,#3271,#3272);
#3270 = CARTESIAN_POINT('',(179.72500133357,-91.38750133357,0.));
#3271 = DIRECTION('',(0.,0.,1.));
#3272 = DIRECTION('',(-2.667139191043E-06,0.999999999996,0.));
#3273 = ORIENTED_EDGE('',*,*,#3274,.F.);
#3274 = EDGE_CURVE('',#3275,#3264,#3277,.T.);
#3275 = VERTEX_POINT('',#3276);
#3276 = CARTESIAN_POINT('',(192.725,-90.8875,0.));
#3277 = LINE('',#3278,#3279);
#3278 = CARTESIAN_POINT('',(192.725,-90.8875,0.));
#3279 = VECTOR('',#3280,1.);
#3280 = DIRECTION('',(-1.,0.,0.));
#3281 = ORIENTED_EDGE('',*,*,#3282,.F.);
#3282 = EDGE_CURVE('',#3283,#3275,#3285,.T.);
#3283 = VERTEX_POINT('',#3284);
#3284 = CARTESIAN_POINT('',(193.225,-91.3875,0.));
#3285 = CIRCLE('',#3286,0.500001333575);
#3286 = AXIS2_PLACEMENT_3D('',#3287,#3288,#3289);
#3287 = CARTESIAN_POINT('',(192.72499866642,-91.38750133357,0.));
#3288 = DIRECTION('',(0.,0.,1.));
#3289 = DIRECTION('',(0.999999999996,2.667139134199E-06,-0.));
#3290 = ORIENTED_EDGE('',*,*,#3291,.F.);
#3291 = EDGE_CURVE('',#3292,#3283,#3294,.T.);
#3292 = VERTEX_POINT('',#3293);
#3293 = CARTESIAN_POINT('',(193.225,-104.3875,0.));
#3294 = LINE('',#3295,#3296);
#3295 = CARTESIAN_POINT('',(193.225,-104.3875,0.));
#3296 = VECTOR('',#3297,1.);
#3297 = DIRECTION('',(0.,1.,0.));
#3298 = ORIENTED_EDGE('',*,*,#3299,.F.);
#3299 = EDGE_CURVE('',#3300,#3292,#3302,.T.);
#3300 = VERTEX_POINT('',#3301);
#3301 = CARTESIAN_POINT('',(192.725,-104.8875,0.));
#3302 = CIRCLE('',#3303,0.500001333575);
#3303 = AXIS2_PLACEMENT_3D('',#3304,#3305,#3306);
#3304 = CARTESIAN_POINT('',(192.72499866642,-104.3874986664,0.));
#3305 = DIRECTION('',(0.,0.,1.));
#3306 = DIRECTION('',(2.667139247886E-06,-0.999999999996,0.));
#3307 = ORIENTED_EDGE('',*,*,#3308,.F.);
#3308 = EDGE_CURVE('',#3309,#3300,#3311,.T.);
#3309 = VERTEX_POINT('',#3310);
#3310 = CARTESIAN_POINT('',(179.725,-104.8875,0.));
#3311 = LINE('',#3312,#3313);
#3312 = CARTESIAN_POINT('',(179.725,-104.8875,0.));
#3313 = VECTOR('',#3314,1.);
#3314 = DIRECTION('',(1.,0.,0.));
#3315 = ORIENTED_EDGE('',*,*,#3316,.F.);
#3316 = EDGE_CURVE('',#3317,#3309,#3319,.T.);
#3317 = VERTEX_POINT('',#3318);
#3318 = CARTESIAN_POINT('',(179.225,-104.3875,0.));
#3319 = CIRCLE('',#3320,0.500001333575);
#3320 = AXIS2_PLACEMENT_3D('',#3321,#3322,#3323);
#3321 = CARTESIAN_POINT('',(179.72500133357,-104.3874986664,0.));
#3322 = DIRECTION('',(0.,0.,1.));
#3323 = DIRECTION('',(-0.999999999996,-2.667139191042E-06,0.));
#3324 = ORIENTED_EDGE('',*,*,#3325,.F.);
#3325 = EDGE_CURVE('',#3266,#3317,#3326,.T.);
#3326 = LINE('',#3327,#3328);
#3327 = CARTESIAN_POINT('',(179.225,-91.3875,0.));
#3328 = VECTOR('',#3329,1.);
#3329 = DIRECTION('',(0.,-1.,0.));
#3330 = FACE_BOUND('',#3331,.F.);
#3331 = EDGE_LOOP('',(#3332,#3343,#3351,#3360,#3368,#3377,#3385,#3394));
#3332 = ORIENTED_EDGE('',*,*,#3333,.F.);
#3333 = EDGE_CURVE('',#3334,#3336,#3338,.T.);
#3334 = VERTEX_POINT('',#3335);
#3335 = CARTESIAN_POINT('',(198.825,-90.8875,0.));
#3336 = VERTEX_POINT('',#3337);
#3337 = CARTESIAN_POINT('',(198.325,-91.3875,0.));
#3338 = CIRCLE('',#3339,0.500001333575);
#3339 = AXIS2_PLACEMENT_3D('',#3340,#3341,#3342);
#3340 = CARTESIAN_POINT('',(198.82500133357,-91.38750133357,0.));
#3341 = DIRECTION('',(0.,0.,1.));
#3342 = DIRECTION('',(-2.667139247886E-06,0.999999999996,0.));
#3343 = ORIENTED_EDGE('',*,*,#3344,.F.);
#3344 = EDGE_CURVE('',#3345,#3334,#3347,.T.);
#3345 = VERTEX_POINT('',#3346);
#3346 = CARTESIAN_POINT('',(211.825,-90.8875,0.));
#3347 = LINE('',#3348,#3349);
#3348 = CARTESIAN_POINT('',(211.825,-90.8875,0.));
#3349 = VECTOR('',#3350,1.);
#3350 = DIRECTION('',(-1.,0.,0.));
#3351 = ORIENTED_EDGE('',*,*,#3352,.F.);
#3352 = EDGE_CURVE('',#3353,#3345,#3355,.T.);
#3353 = VERTEX_POINT('',#3354);
#3354 = CARTESIAN_POINT('',(212.325,-91.3875,0.));
#3355 = CIRCLE('',#3356,0.500001333575);
#3356 = AXIS2_PLACEMENT_3D('',#3357,#3358,#3359);
#3357 = CARTESIAN_POINT('',(211.82499866642,-91.38750133357,0.));
#3358 = DIRECTION('',(0.,0.,1.));
#3359 = DIRECTION('',(0.999999999996,2.667139134199E-06,-0.));
#3360 = ORIENTED_EDGE('',*,*,#3361,.F.);
#3361 = EDGE_CURVE('',#3362,#3353,#3364,.T.);
#3362 = VERTEX_POINT('',#3363);
#3363 = CARTESIAN_POINT('',(212.325,-104.3875,0.));
#3364 = LINE('',#3365,#3366);
#3365 = CARTESIAN_POINT('',(212.325,-104.3875,0.));
#3366 = VECTOR('',#3367,1.);
#3367 = DIRECTION('',(0.,1.,0.));
#3368 = ORIENTED_EDGE('',*,*,#3369,.F.);
#3369 = EDGE_CURVE('',#3370,#3362,#3372,.T.);
#3370 = VERTEX_POINT('',#3371);
#3371 = CARTESIAN_POINT('',(211.825,-104.8875,0.));
#3372 = CIRCLE('',#3373,0.500001333575);
#3373 = AXIS2_PLACEMENT_3D('',#3374,#3375,#3376);
#3374 = CARTESIAN_POINT('',(211.82499866642,-104.3874986664,0.));
#3375 = DIRECTION('',(0.,0.,1.));
#3376 = DIRECTION('',(2.667139191042E-06,-0.999999999996,0.));
#3377 = ORIENTED_EDGE('',*,*,#3378,.F.);
#3378 = EDGE_CURVE('',#3379,#3370,#3381,.T.);
#3379 = VERTEX_POINT('',#3380);
#3380 = CARTESIAN_POINT('',(198.825,-104.8875,0.));
#3381 = LINE('',#3382,#3383);
#3382 = CARTESIAN_POINT('',(198.825,-104.8875,0.));
#3383 = VECTOR('',#3384,1.);
#3384 = DIRECTION('',(1.,0.,0.));
#3385 = ORIENTED_EDGE('',*,*,#3386,.F.);
#3386 = EDGE_CURVE('',#3387,#3379,#3389,.T.);
#3387 = VERTEX_POINT('',#3388);
#3388 = CARTESIAN_POINT('',(198.325,-104.3875,0.));
#3389 = CIRCLE('',#3390,0.500001333575);
#3390 = AXIS2_PLACEMENT_3D('',#3391,#3392,#3393);
#3391 = CARTESIAN_POINT('',(198.82500133357,-104.3874986664,0.));
#3392 = DIRECTION('',(0.,0.,1.));
#3393 = DIRECTION('',(-0.999999999996,-2.667139276307E-06,0.));
#3394 = ORIENTED_EDGE('',*,*,#3395,.F.);
#3395 = EDGE_CURVE('',#3336,#3387,#3396,.T.);
#3396 = LINE('',#3397,#3398);
#3397 = CARTESIAN_POINT('',(198.325,-91.3875,0.));
#3398 = VECTOR('',#3399,1.);
#3399 = DIRECTION('',(0.,-1.,0.));
#3400 = FACE_BOUND('',#3401,.F.);
#3401 = EDGE_LOOP('',(#3402,#3413,#3421,#3430,#3438,#3447,#3455,#3464));
#3402 = ORIENTED_EDGE('',*,*,#3403,.F.);
#3403 = EDGE_CURVE('',#3404,#3406,#3408,.T.);
#3404 = VERTEX_POINT('',#3405);
#3405 = CARTESIAN_POINT('',(55.575,-71.7875,0.));
#3406 = VERTEX_POINT('',#3407);
#3407 = CARTESIAN_POINT('',(55.075,-72.2875,0.));
#3408 = CIRCLE('',#3409,0.500001333575);
#3409 = AXIS2_PLACEMENT_3D('',#3410,#3411,#3412);
#3410 = CARTESIAN_POINT('',(55.575001333573,-72.28750133357,0.));
#3411 = DIRECTION('',(0.,0.,1.));
#3412 = DIRECTION('',(-2.667139191042E-06,0.999999999996,0.));
#3413 = ORIENTED_EDGE('',*,*,#3414,.F.);
#3414 = EDGE_CURVE('',#3415,#3404,#3417,.T.);
#3415 = VERTEX_POINT('',#3416);
#3416 = CARTESIAN_POINT('',(68.575,-71.7875,0.));
#3417 = LINE('',#3418,#3419);
#3418 = CARTESIAN_POINT('',(68.575,-71.7875,0.));
#3419 = VECTOR('',#3420,1.);
#3420 = DIRECTION('',(-1.,0.,0.));
#3421 = ORIENTED_EDGE('',*,*,#3422,.F.);
#3422 = EDGE_CURVE('',#3423,#3415,#3425,.T.);
#3423 = VERTEX_POINT('',#3424);
#3424 = CARTESIAN_POINT('',(69.075,-72.2875,0.));
#3425 = CIRCLE('',#3426,0.500001333575);
#3426 = AXIS2_PLACEMENT_3D('',#3427,#3428,#3429);
#3427 = CARTESIAN_POINT('',(68.574998666427,-72.28750133357,0.));
#3428 = DIRECTION('',(0.,0.,1.));
#3429 = DIRECTION('',(0.999999999996,2.667139247886E-06,-0.));
#3430 = ORIENTED_EDGE('',*,*,#3431,.F.);
#3431 = EDGE_CURVE('',#3432,#3423,#3434,.T.);
#3432 = VERTEX_POINT('',#3433);
#3433 = CARTESIAN_POINT('',(69.075,-85.2875,0.));
#3434 = LINE('',#3435,#3436);
#3435 = CARTESIAN_POINT('',(69.075,-85.2875,0.));
#3436 = VECTOR('',#3437,1.);
#3437 = DIRECTION('',(0.,1.,0.));
#3438 = ORIENTED_EDGE('',*,*,#3439,.F.);
#3439 = EDGE_CURVE('',#3440,#3432,#3442,.T.);
#3440 = VERTEX_POINT('',#3441);
#3441 = CARTESIAN_POINT('',(68.575,-85.7875,0.));
#3442 = CIRCLE('',#3443,0.500001333575);
#3443 = AXIS2_PLACEMENT_3D('',#3444,#3445,#3446);
#3444 = CARTESIAN_POINT('',(68.574998666427,-85.28749866642,0.));
#3445 = DIRECTION('',(0.,0.,1.));
#3446 = DIRECTION('',(2.667139191042E-06,-0.999999999996,0.));
#3447 = ORIENTED_EDGE('',*,*,#3448,.F.);
#3448 = EDGE_CURVE('',#3449,#3440,#3451,.T.);
#3449 = VERTEX_POINT('',#3450);
#3450 = CARTESIAN_POINT('',(55.575,-85.7875,0.));
#3451 = LINE('',#3452,#3453);
#3452 = CARTESIAN_POINT('',(55.575,-85.7875,0.));
#3453 = VECTOR('',#3454,1.);
#3454 = DIRECTION('',(1.,0.,0.));
#3455 = ORIENTED_EDGE('',*,*,#3456,.F.);
#3456 = EDGE_CURVE('',#3457,#3449,#3459,.T.);
#3457 = VERTEX_POINT('',#3458);
#3458 = CARTESIAN_POINT('',(55.075,-85.2875,0.));
#3459 = CIRCLE('',#3460,0.500001333575);
#3460 = AXIS2_PLACEMENT_3D('',#3461,#3462,#3463);
#3461 = CARTESIAN_POINT('',(55.575001333573,-85.28749866642,0.));
#3462 = DIRECTION('',(0.,0.,1.));
#3463 = DIRECTION('',(-0.999999999996,-2.667139134199E-06,0.));
#3464 = ORIENTED_EDGE('',*,*,#3465,.F.);
#3465 = EDGE_CURVE('',#3406,#3457,#3466,.T.);
#3466 = LINE('',#3467,#3468);
#3467 = CARTESIAN_POINT('',(55.075,-72.2875,0.));
#3468 = VECTOR('',#3469,1.);
#3469 = DIRECTION('',(0.,-1.,0.));
#3470 = FACE_BOUND('',#3471,.F.);
#3471 = EDGE_LOOP('',(#3472,#3483,#3491,#3500,#3508,#3517,#3525,#3534));
#3472 = ORIENTED_EDGE('',*,*,#3473,.F.);
#3473 = EDGE_CURVE('',#3474,#3476,#3478,.T.);
#3474 = VERTEX_POINT('',#3475);
#3475 = CARTESIAN_POINT('',(74.675,-71.7875,0.));
#3476 = VERTEX_POINT('',#3477);
#3477 = CARTESIAN_POINT('',(74.175,-72.2875,0.));
#3478 = CIRCLE('',#3479,0.500001333575);
#3479 = AXIS2_PLACEMENT_3D('',#3480,#3481,#3482);
#3480 = CARTESIAN_POINT('',(74.675001333573,-72.28750133357,0.));
#3481 = DIRECTION('',(0.,0.,1.));
#3482 = DIRECTION('',(-2.667139219464E-06,0.999999999996,0.));
#3483 = ORIENTED_EDGE('',*,*,#3484,.F.);
#3484 = EDGE_CURVE('',#3485,#3474,#3487,.T.);
#3485 = VERTEX_POINT('',#3486);
#3486 = CARTESIAN_POINT('',(87.675,-71.7875,0.));
#3487 = LINE('',#3488,#3489);
#3488 = CARTESIAN_POINT('',(87.675,-71.7875,0.));
#3489 = VECTOR('',#3490,1.);
#3490 = DIRECTION('',(-1.,0.,0.));
#3491 = ORIENTED_EDGE('',*,*,#3492,.F.);
#3492 = EDGE_CURVE('',#3493,#3485,#3495,.T.);
#3493 = VERTEX_POINT('',#3494);
#3494 = CARTESIAN_POINT('',(88.175,-72.2875,0.));
#3495 = CIRCLE('',#3496,0.500001333575);
#3496 = AXIS2_PLACEMENT_3D('',#3497,#3498,#3499);
#3497 = CARTESIAN_POINT('',(87.674998666427,-72.28750133357,0.));
#3498 = DIRECTION('',(0.,0.,1.));
#3499 = DIRECTION('',(0.999999999996,2.667139219464E-06,-0.));
#3500 = ORIENTED_EDGE('',*,*,#3501,.F.);
#3501 = EDGE_CURVE('',#3502,#3493,#3504,.T.);
#3502 = VERTEX_POINT('',#3503);
#3503 = CARTESIAN_POINT('',(88.175,-85.2875,0.));
#3504 = LINE('',#3505,#3506);
#3505 = CARTESIAN_POINT('',(88.175,-85.2875,0.));
#3506 = VECTOR('',#3507,1.);
#3507 = DIRECTION('',(0.,1.,0.));
#3508 = ORIENTED_EDGE('',*,*,#3509,.F.);
#3509 = EDGE_CURVE('',#3510,#3502,#3512,.T.);
#3510 = VERTEX_POINT('',#3511);
#3511 = CARTESIAN_POINT('',(87.675,-85.7875,0.));
#3512 = CIRCLE('',#3513,0.500001333575);
#3513 = AXIS2_PLACEMENT_3D('',#3514,#3515,#3516);
#3514 = CARTESIAN_POINT('',(87.674998666427,-85.28749866642,0.));
#3515 = DIRECTION('',(0.,0.,1.));
#3516 = DIRECTION('',(2.667139134199E-06,-0.999999999996,0.));
#3517 = ORIENTED_EDGE('',*,*,#3518,.F.);
#3518 = EDGE_CURVE('',#3519,#3510,#3521,.T.);
#3519 = VERTEX_POINT('',#3520);
#3520 = CARTESIAN_POINT('',(74.675,-85.7875,0.));
#3521 = LINE('',#3522,#3523);
#3522 = CARTESIAN_POINT('',(74.675,-85.7875,0.));
#3523 = VECTOR('',#3524,1.);
#3524 = DIRECTION('',(1.,0.,0.));
#3525 = ORIENTED_EDGE('',*,*,#3526,.F.);
#3526 = EDGE_CURVE('',#3527,#3519,#3529,.T.);
#3527 = VERTEX_POINT('',#3528);
#3528 = CARTESIAN_POINT('',(74.175,-85.2875,0.));
#3529 = CIRCLE('',#3530,0.500001333575);
#3530 = AXIS2_PLACEMENT_3D('',#3531,#3532,#3533);
#3531 = CARTESIAN_POINT('',(74.675001333573,-85.28749866642,0.));
#3532 = DIRECTION('',(0.,0.,1.));
#3533 = DIRECTION('',(-0.999999999996,-2.667139191042E-06,0.));
#3534 = ORIENTED_EDGE('',*,*,#3535,.F.);
#3535 = EDGE_CURVE('',#3476,#3527,#3536,.T.);
#3536 = LINE('',#3537,#3538);
#3537 = CARTESIAN_POINT('',(74.175,-72.2875,0.));
#3538 = VECTOR('',#3539,1.);
#3539 = DIRECTION('',(0.,-1.,0.));
#3540 = FACE_BOUND('',#3541,.F.);
#3541 = EDGE_LOOP('',(#3542));
#3542 = ORIENTED_EDGE('',*,*,#3543,.T.);
#3543 = EDGE_CURVE('',#3544,#3544,#3546,.T.);
#3544 = VERTEX_POINT('',#3545);
#3545 = CARTESIAN_POINT('',(50.1375,-75.6125,0.));
#3546 = CIRCLE('',#3547,1.6);
#3547 = AXIS2_PLACEMENT_3D('',#3548,#3549,#3550);
#3548 = CARTESIAN_POINT('',(50.1375,-74.0125,0.));
#3549 = DIRECTION('',(-0.,0.,-1.));
#3550 = DIRECTION('',(-0.,-1.,0.));
#3551 = FACE_BOUND('',#3552,.F.);
#3552 = EDGE_LOOP('',(#3553,#3564,#3572,#3581,#3589,#3598,#3606,#3615));
#3553 = ORIENTED_EDGE('',*,*,#3554,.F.);
#3554 = EDGE_CURVE('',#3555,#3557,#3559,.T.);
#3555 = VERTEX_POINT('',#3556);
#3556 = CARTESIAN_POINT('',(93.775,-71.7875,0.));
#3557 = VERTEX_POINT('',#3558);
#3558 = CARTESIAN_POINT('',(93.275,-72.2875,0.));
#3559 = CIRCLE('',#3560,0.500001333575);
#3560 = AXIS2_PLACEMENT_3D('',#3561,#3562,#3563);
#3561 = CARTESIAN_POINT('',(93.775001333573,-72.28750133357,0.));
#3562 = DIRECTION('',(0.,0.,1.));
#3563 = DIRECTION('',(-2.667139191042E-06,0.999999999996,0.));
#3564 = ORIENTED_EDGE('',*,*,#3565,.F.);
#3565 = EDGE_CURVE('',#3566,#3555,#3568,.T.);
#3566 = VERTEX_POINT('',#3567);
#3567 = CARTESIAN_POINT('',(106.775,-71.7875,0.));
#3568 = LINE('',#3569,#3570);
#3569 = CARTESIAN_POINT('',(106.775,-71.7875,0.));
#3570 = VECTOR('',#3571,1.);
#3571 = DIRECTION('',(-1.,0.,0.));
#3572 = ORIENTED_EDGE('',*,*,#3573,.F.);
#3573 = EDGE_CURVE('',#3574,#3566,#3576,.T.);
#3574 = VERTEX_POINT('',#3575);
#3575 = CARTESIAN_POINT('',(107.275,-72.2875,0.));
#3576 = CIRCLE('',#3577,0.500001333575);
#3577 = AXIS2_PLACEMENT_3D('',#3578,#3579,#3580);
#3578 = CARTESIAN_POINT('',(106.77499866642,-72.28750133357,0.));
#3579 = DIRECTION('',(0.,0.,1.));
#3580 = DIRECTION('',(0.999999999996,2.667139247886E-06,-0.));
#3581 = ORIENTED_EDGE('',*,*,#3582,.F.);
#3582 = EDGE_CURVE('',#3583,#3574,#3585,.T.);
#3583 = VERTEX_POINT('',#3584);
#3584 = CARTESIAN_POINT('',(107.275,-85.2875,0.));
#3585 = LINE('',#3586,#3587);
#3586 = CARTESIAN_POINT('',(107.275,-85.2875,0.));
#3587 = VECTOR('',#3588,1.);
#3588 = DIRECTION('',(0.,1.,0.));
#3589 = ORIENTED_EDGE('',*,*,#3590,.F.);
#3590 = EDGE_CURVE('',#3591,#3583,#3593,.T.);
#3591 = VERTEX_POINT('',#3592);
#3592 = CARTESIAN_POINT('',(106.775,-85.7875,0.));
#3593 = CIRCLE('',#3594,0.500001333575);
#3594 = AXIS2_PLACEMENT_3D('',#3595,#3596,#3597);
#3595 = CARTESIAN_POINT('',(106.77499866642,-85.28749866642,0.));
#3596 = DIRECTION('',(0.,0.,1.));
#3597 = DIRECTION('',(2.667139219464E-06,-0.999999999996,0.));
#3598 = ORIENTED_EDGE('',*,*,#3599,.F.);
#3599 = EDGE_CURVE('',#3600,#3591,#3602,.T.);
#3600 = VERTEX_POINT('',#3601);
#3601 = CARTESIAN_POINT('',(93.775,-85.7875,0.));
#3602 = LINE('',#3603,#3604);
#3603 = CARTESIAN_POINT('',(93.775,-85.7875,0.));
#3604 = VECTOR('',#3605,1.);
#3605 = DIRECTION('',(1.,0.,0.));
#3606 = ORIENTED_EDGE('',*,*,#3607,.F.);
#3607 = EDGE_CURVE('',#3608,#3600,#3610,.T.);
#3608 = VERTEX_POINT('',#3609);
#3609 = CARTESIAN_POINT('',(93.275,-85.2875,0.));
#3610 = CIRCLE('',#3611,0.500001333575);
#3611 = AXIS2_PLACEMENT_3D('',#3612,#3613,#3614);
#3612 = CARTESIAN_POINT('',(93.775001333573,-85.28749866642,0.));
#3613 = DIRECTION('',(0.,0.,1.));
#3614 = DIRECTION('',(-0.999999999996,-2.667139134199E-06,0.));
#3615 = ORIENTED_EDGE('',*,*,#3616,.F.);
#3616 = EDGE_CURVE('',#3557,#3608,#3617,.T.);
#3617 = LINE('',#3618,#3619);
#3618 = CARTESIAN_POINT('',(93.275,-72.2875,0.));
#3619 = VECTOR('',#3620,1.);
#3620 = DIRECTION('',(0.,-1.,0.));
#3621 = FACE_BOUND('',#3622,.F.);
#3622 = EDGE_LOOP('',(#3623,#3634,#3642,#3651,#3659,#3668,#3676,#3685));
#3623 = ORIENTED_EDGE('',*,*,#3624,.F.);
#3624 = EDGE_CURVE('',#3625,#3627,#3629,.T.);
#3625 = VERTEX_POINT('',#3626);
#3626 = CARTESIAN_POINT('',(112.875,-71.7875,0.));
#3627 = VERTEX_POINT('',#3628);
#3628 = CARTESIAN_POINT('',(112.375,-72.2875,0.));
#3629 = CIRCLE('',#3630,0.500001333575);
#3630 = AXIS2_PLACEMENT_3D('',#3631,#3632,#3633);
#3631 = CARTESIAN_POINT('',(112.87500133357,-72.28750133357,0.));
#3632 = DIRECTION('',(0.,0.,1.));
#3633 = DIRECTION('',(-2.667139191042E-06,0.999999999996,0.));
#3634 = ORIENTED_EDGE('',*,*,#3635,.F.);
#3635 = EDGE_CURVE('',#3636,#3625,#3638,.T.);
#3636 = VERTEX_POINT('',#3637);
#3637 = CARTESIAN_POINT('',(125.875,-71.7875,0.));
#3638 = LINE('',#3639,#3640);
#3639 = CARTESIAN_POINT('',(125.875,-71.7875,0.));
#3640 = VECTOR('',#3641,1.);
#3641 = DIRECTION('',(-1.,0.,0.));
#3642 = ORIENTED_EDGE('',*,*,#3643,.F.);
#3643 = EDGE_CURVE('',#3644,#3636,#3646,.T.);
#3644 = VERTEX_POINT('',#3645);
#3645 = CARTESIAN_POINT('',(126.375,-72.2875,0.));
#3646 = CIRCLE('',#3647,0.500001333575);
#3647 = AXIS2_PLACEMENT_3D('',#3648,#3649,#3650);
#3648 = CARTESIAN_POINT('',(125.87499866642,-72.28750133357,0.));
#3649 = DIRECTION('',(0.,0.,1.));
#3650 = DIRECTION('',(0.999999999996,2.667139219464E-06,-0.));
#3651 = ORIENTED_EDGE('',*,*,#3652,.F.);
#3652 = EDGE_CURVE('',#3653,#3644,#3655,.T.);
#3653 = VERTEX_POINT('',#3654);
#3654 = CARTESIAN_POINT('',(126.375,-85.2875,0.));
#3655 = LINE('',#3656,#3657);
#3656 = CARTESIAN_POINT('',(126.375,-85.2875,0.));
#3657 = VECTOR('',#3658,1.);
#3658 = DIRECTION('',(0.,1.,0.));
#3659 = ORIENTED_EDGE('',*,*,#3660,.F.);
#3660 = EDGE_CURVE('',#3661,#3653,#3663,.T.);
#3661 = VERTEX_POINT('',#3662);
#3662 = CARTESIAN_POINT('',(125.875,-85.7875,0.));
#3663 = CIRCLE('',#3664,0.500001333575);
#3664 = AXIS2_PLACEMENT_3D('',#3665,#3666,#3667);
#3665 = CARTESIAN_POINT('',(125.87499866642,-85.28749866642,0.));
#3666 = DIRECTION('',(0.,0.,1.));
#3667 = DIRECTION('',(2.667139134199E-06,-0.999999999996,0.));
#3668 = ORIENTED_EDGE('',*,*,#3669,.F.);
#3669 = EDGE_CURVE('',#3670,#3661,#3672,.T.);
#3670 = VERTEX_POINT('',#3671);
#3671 = CARTESIAN_POINT('',(112.875,-85.7875,0.));
#3672 = LINE('',#3673,#3674);
#3673 = CARTESIAN_POINT('',(112.875,-85.7875,0.));
#3674 = VECTOR('',#3675,1.);
#3675 = DIRECTION('',(1.,0.,0.));
#3676 = ORIENTED_EDGE('',*,*,#3677,.F.);
#3677 = EDGE_CURVE('',#3678,#3670,#3680,.T.);
#3678 = VERTEX_POINT('',#3679);
#3679 = CARTESIAN_POINT('',(112.375,-85.2875,0.));
#3680 = CIRCLE('',#3681,0.500001333575);
#3681 = AXIS2_PLACEMENT_3D('',#3682,#3683,#3684);
#3682 = CARTESIAN_POINT('',(112.87500133357,-85.28749866642,0.));
#3683 = DIRECTION('',(0.,0.,1.));
#3684 = DIRECTION('',(-0.999999999996,-2.667139134199E-06,0.));
#3685 = ORIENTED_EDGE('',*,*,#3686,.F.);
#3686 = EDGE_CURVE('',#3627,#3678,#3687,.T.);
#3687 = LINE('',#3688,#3689);
#3688 = CARTESIAN_POINT('',(112.375,-72.2875,0.));
#3689 = VECTOR('',#3690,1.);
#3690 = DIRECTION('',(0.,-1.,0.));
#3691 = FACE_BOUND('',#3692,.F.);
#3692 = EDGE_LOOP('',(#3693,#3704,#3712,#3721,#3729,#3738,#3746,#3755));
#3693 = ORIENTED_EDGE('',*,*,#3694,.F.);
#3694 = EDGE_CURVE('',#3695,#3697,#3699,.T.);
#3695 = VERTEX_POINT('',#3696);
#3696 = CARTESIAN_POINT('',(131.975,-71.7875,0.));
#3697 = VERTEX_POINT('',#3698);
#3698 = CARTESIAN_POINT('',(131.475,-72.2875,0.));
#3699 = CIRCLE('',#3700,0.500001333575);
#3700 = AXIS2_PLACEMENT_3D('',#3701,#3702,#3703);
#3701 = CARTESIAN_POINT('',(131.97500133357,-72.28750133357,0.));
#3702 = DIRECTION('',(0.,0.,1.));
#3703 = DIRECTION('',(-2.667139247886E-06,0.999999999996,0.));
#3704 = ORIENTED_EDGE('',*,*,#3705,.F.);
#3705 = EDGE_CURVE('',#3706,#3695,#3708,.T.);
#3706 = VERTEX_POINT('',#3707);
#3707 = CARTESIAN_POINT('',(144.975,-71.7875,0.));
#3708 = LINE('',#3709,#3710);
#3709 = CARTESIAN_POINT('',(144.975,-71.7875,0.));
#3710 = VECTOR('',#3711,1.);
#3711 = DIRECTION('',(-1.,0.,0.));
#3712 = ORIENTED_EDGE('',*,*,#3713,.F.);
#3713 = EDGE_CURVE('',#3714,#3706,#3716,.T.);
#3714 = VERTEX_POINT('',#3715);
#3715 = CARTESIAN_POINT('',(145.475,-72.2875,0.));
#3716 = CIRCLE('',#3717,0.500001333575);
#3717 = AXIS2_PLACEMENT_3D('',#3718,#3719,#3720);
#3718 = CARTESIAN_POINT('',(144.97499866642,-72.28750133357,0.));
#3719 = DIRECTION('',(0.,0.,1.));
#3720 = DIRECTION('',(0.999999999996,2.667139219464E-06,-0.));
#3721 = ORIENTED_EDGE('',*,*,#3722,.F.);
#3722 = EDGE_CURVE('',#3723,#3714,#3725,.T.);
#3723 = VERTEX_POINT('',#3724);
#3724 = CARTESIAN_POINT('',(145.475,-85.2875,0.));
#3725 = LINE('',#3726,#3727);
#3726 = CARTESIAN_POINT('',(145.475,-85.2875,0.));
#3727 = VECTOR('',#3728,1.);
#3728 = DIRECTION('',(0.,1.,0.));
#3729 = ORIENTED_EDGE('',*,*,#3730,.F.);
#3730 = EDGE_CURVE('',#3731,#3723,#3733,.T.);
#3731 = VERTEX_POINT('',#3732);
#3732 = CARTESIAN_POINT('',(144.975,-85.7875,0.));
#3733 = CIRCLE('',#3734,0.500001333575);
#3734 = AXIS2_PLACEMENT_3D('',#3735,#3736,#3737);
#3735 = CARTESIAN_POINT('',(144.97499866642,-85.28749866642,0.));
#3736 = DIRECTION('',(0.,0.,1.));
#3737 = DIRECTION('',(2.667139191043E-06,-0.999999999996,0.));
#3738 = ORIENTED_EDGE('',*,*,#3739,.F.);
#3739 = EDGE_CURVE('',#3740,#3731,#3742,.T.);
#3740 = VERTEX_POINT('',#3741);
#3741 = CARTESIAN_POINT('',(131.975,-85.7875,0.));
#3742 = LINE('',#3743,#3744);
#3743 = CARTESIAN_POINT('',(131.975,-85.7875,0.));
#3744 = VECTOR('',#3745,1.);
#3745 = DIRECTION('',(1.,0.,0.));
#3746 = ORIENTED_EDGE('',*,*,#3747,.F.);
#3747 = EDGE_CURVE('',#3748,#3740,#3750,.T.);
#3748 = VERTEX_POINT('',#3749);
#3749 = CARTESIAN_POINT('',(131.475,-85.2875,0.));
#3750 = CIRCLE('',#3751,0.500001333575);
#3751 = AXIS2_PLACEMENT_3D('',#3752,#3753,#3754);
#3752 = CARTESIAN_POINT('',(131.97500133357,-85.28749866642,0.));
#3753 = DIRECTION('',(0.,0.,1.));
#3754 = DIRECTION('',(-0.999999999996,-2.667139134199E-06,0.));
#3755 = ORIENTED_EDGE('',*,*,#3756,.F.);
#3756 = EDGE_CURVE('',#3697,#3748,#3757,.T.);
#3757 = LINE('',#3758,#3759);
#3758 = CARTESIAN_POINT('',(131.475,-72.2875,0.));
#3759 = VECTOR('',#3760,1.);
#3760 = DIRECTION('',(0.,-1.,0.));
#3761 = FACE_BOUND('',#3762,.F.);
#3762 = EDGE_LOOP('',(#3763,#3774,#3782,#3791,#3799,#3808,#3816,#3825));
#3763 = ORIENTED_EDGE('',*,*,#3764,.F.);
#3764 = EDGE_CURVE('',#3765,#3767,#3769,.T.);
#3765 = VERTEX_POINT('',#3766);
#3766 = CARTESIAN_POINT('',(151.075,-71.7875,0.));
#3767 = VERTEX_POINT('',#3768);
#3768 = CARTESIAN_POINT('',(150.575,-72.2875,0.));
#3769 = CIRCLE('',#3770,0.500001333575);
#3770 = AXIS2_PLACEMENT_3D('',#3771,#3772,#3773);
#3771 = CARTESIAN_POINT('',(151.07500133357,-72.28750133357,0.));
#3772 = DIRECTION('',(0.,0.,1.));
#3773 = DIRECTION('',(-2.667139304729E-06,0.999999999996,0.));
#3774 = ORIENTED_EDGE('',*,*,#3775,.F.);
#3775 = EDGE_CURVE('',#3776,#3765,#3778,.T.);
#3776 = VERTEX_POINT('',#3777);
#3777 = CARTESIAN_POINT('',(164.075,-71.7875,0.));
#3778 = LINE('',#3779,#3780);
#3779 = CARTESIAN_POINT('',(164.075,-71.7875,0.));
#3780 = VECTOR('',#3781,1.);
#3781 = DIRECTION('',(-1.,0.,0.));
#3782 = ORIENTED_EDGE('',*,*,#3783,.F.);
#3783 = EDGE_CURVE('',#3784,#3776,#3786,.T.);
#3784 = VERTEX_POINT('',#3785);
#3785 = CARTESIAN_POINT('',(164.575,-72.2875,0.));
#3786 = CIRCLE('',#3787,0.500001333575);
#3787 = AXIS2_PLACEMENT_3D('',#3788,#3789,#3790);
#3788 = CARTESIAN_POINT('',(164.07499866642,-72.28750133357,0.));
#3789 = DIRECTION('',(0.,0.,1.));
#3790 = DIRECTION('',(0.999999999996,2.667139219464E-06,-0.));
#3791 = ORIENTED_EDGE('',*,*,#3792,.F.);
#3792 = EDGE_CURVE('',#3793,#3784,#3795,.T.);
#3793 = VERTEX_POINT('',#3794);
#3794 = CARTESIAN_POINT('',(164.575,-85.2875,0.));
#3795 = LINE('',#3796,#3797);
#3796 = CARTESIAN_POINT('',(164.575,-85.2875,0.));
#3797 = VECTOR('',#3798,1.);
#3798 = DIRECTION('',(0.,1.,0.));
#3799 = ORIENTED_EDGE('',*,*,#3800,.F.);
#3800 = EDGE_CURVE('',#3801,#3793,#3803,.T.);
#3801 = VERTEX_POINT('',#3802);
#3802 = CARTESIAN_POINT('',(164.075,-85.7875,0.));
#3803 = CIRCLE('',#3804,0.500001333575);
#3804 = AXIS2_PLACEMENT_3D('',#3805,#3806,#3807);
#3805 = CARTESIAN_POINT('',(164.07499866642,-85.28749866642,0.));
#3806 = DIRECTION('',(0.,0.,1.));
#3807 = DIRECTION('',(2.667139134199E-06,-0.999999999996,0.));
#3808 = ORIENTED_EDGE('',*,*,#3809,.F.);
#3809 = EDGE_CURVE('',#3810,#3801,#3812,.T.);
#3810 = VERTEX_POINT('',#3811);
#3811 = CARTESIAN_POINT('',(151.075,-85.7875,0.));
#3812 = LINE('',#3813,#3814);
#3813 = CARTESIAN_POINT('',(151.075,-85.7875,0.));
#3814 = VECTOR('',#3815,1.);
#3815 = DIRECTION('',(1.,0.,0.));
#3816 = ORIENTED_EDGE('',*,*,#3817,.F.);
#3817 = EDGE_CURVE('',#3818,#3810,#3820,.T.);
#3818 = VERTEX_POINT('',#3819);
#3819 = CARTESIAN_POINT('',(150.575,-85.2875,0.));
#3820 = CIRCLE('',#3821,0.500001333575);
#3821 = AXIS2_PLACEMENT_3D('',#3822,#3823,#3824);
#3822 = CARTESIAN_POINT('',(151.07500133357,-85.28749866642,0.));
#3823 = DIRECTION('',(0.,0.,1.));
#3824 = DIRECTION('',(-0.999999999996,-2.667139247886E-06,0.));
#3825 = ORIENTED_EDGE('',*,*,#3826,.F.);
#3826 = EDGE_CURVE('',#3767,#3818,#3827,.T.);
#3827 = LINE('',#3828,#3829);
#3828 = CARTESIAN_POINT('',(150.575,-72.2875,0.));
#3829 = VECTOR('',#3830,1.);
#3830 = DIRECTION('',(0.,-1.,0.));
#3831 = FACE_BOUND('',#3832,.F.);
#3832 = EDGE_LOOP('',(#3833,#3844,#3852,#3861,#3869,#3878,#3886,#3895));
#3833 = ORIENTED_EDGE('',*,*,#3834,.F.);
#3834 = EDGE_CURVE('',#3835,#3837,#3839,.T.);
#3835 = VERTEX_POINT('',#3836);
#3836 = CARTESIAN_POINT('',(170.175,-71.7875,0.));
#3837 = VERTEX_POINT('',#3838);
#3838 = CARTESIAN_POINT('',(169.675,-72.2875,0.));
#3839 = CIRCLE('',#3840,0.500001333575);
#3840 = AXIS2_PLACEMENT_3D('',#3841,#3842,#3843);
#3841 = CARTESIAN_POINT('',(170.17500133357,-72.28750133357,0.));
#3842 = DIRECTION('',(0.,0.,1.));
#3843 = DIRECTION('',(-2.667139191042E-06,0.999999999996,0.));
#3844 = ORIENTED_EDGE('',*,*,#3845,.F.);
#3845 = EDGE_CURVE('',#3846,#3835,#3848,.T.);
#3846 = VERTEX_POINT('',#3847);
#3847 = CARTESIAN_POINT('',(183.175,-71.7875,0.));
#3848 = LINE('',#3849,#3850);
#3849 = CARTESIAN_POINT('',(183.175,-71.7875,0.));
#3850 = VECTOR('',#3851,1.);
#3851 = DIRECTION('',(-1.,0.,0.));
#3852 = ORIENTED_EDGE('',*,*,#3853,.F.);
#3853 = EDGE_CURVE('',#3854,#3846,#3856,.T.);
#3854 = VERTEX_POINT('',#3855);
#3855 = CARTESIAN_POINT('',(183.675,-72.2875,0.));
#3856 = CIRCLE('',#3857,0.500001333575);
#3857 = AXIS2_PLACEMENT_3D('',#3858,#3859,#3860);
#3858 = CARTESIAN_POINT('',(183.17499866642,-72.28750133357,0.));
#3859 = DIRECTION('',(0.,0.,1.));
#3860 = DIRECTION('',(0.999999999996,2.667139304729E-06,-0.));
#3861 = ORIENTED_EDGE('',*,*,#3862,.F.);
#3862 = EDGE_CURVE('',#3863,#3854,#3865,.T.);
#3863 = VERTEX_POINT('',#3864);
#3864 = CARTESIAN_POINT('',(183.675,-85.2875,0.));
#3865 = LINE('',#3866,#3867);
#3866 = CARTESIAN_POINT('',(183.675,-85.2875,0.));
#3867 = VECTOR('',#3868,1.);
#3868 = DIRECTION('',(0.,1.,0.));
#3869 = ORIENTED_EDGE('',*,*,#3870,.F.);
#3870 = EDGE_CURVE('',#3871,#3863,#3873,.T.);
#3871 = VERTEX_POINT('',#3872);
#3872 = CARTESIAN_POINT('',(183.175,-85.7875,0.));
#3873 = CIRCLE('',#3874,0.500001333575);
#3874 = AXIS2_PLACEMENT_3D('',#3875,#3876,#3877);
#3875 = CARTESIAN_POINT('',(183.17499866642,-85.28749866642,0.));
#3876 = DIRECTION('',(0.,0.,1.));
#3877 = DIRECTION('',(2.667139247886E-06,-0.999999999996,0.));
#3878 = ORIENTED_EDGE('',*,*,#3879,.F.);
#3879 = EDGE_CURVE('',#3880,#3871,#3882,.T.);
#3880 = VERTEX_POINT('',#3881);
#3881 = CARTESIAN_POINT('',(170.175,-85.7875,0.));
#3882 = LINE('',#3883,#3884);
#3883 = CARTESIAN_POINT('',(170.175,-85.7875,0.));
#3884 = VECTOR('',#3885,1.);
#3885 = DIRECTION('',(1.,0.,0.));
#3886 = ORIENTED_EDGE('',*,*,#3887,.F.);
#3887 = EDGE_CURVE('',#3888,#3880,#3890,.T.);
#3888 = VERTEX_POINT('',#3889);
#3889 = CARTESIAN_POINT('',(169.675,-85.2875,0.));
#3890 = CIRCLE('',#3891,0.500001333575);
#3891 = AXIS2_PLACEMENT_3D('',#3892,#3893,#3894);
#3892 = CARTESIAN_POINT('',(170.17500133357,-85.28749866642,0.));
#3893 = DIRECTION('',(0.,0.,1.));
#3894 = DIRECTION('',(-0.999999999996,-2.667139134199E-06,0.));
#3895 = ORIENTED_EDGE('',*,*,#3896,.F.);
#3896 = EDGE_CURVE('',#3837,#3888,#3897,.T.);
#3897 = LINE('',#3898,#3899);
#3898 = CARTESIAN_POINT('',(169.675,-72.2875,0.));
#3899 = VECTOR('',#3900,1.);
#3900 = DIRECTION('',(0.,-1.,0.));
#3901 = FACE_BOUND('',#3902,.F.);
#3902 = EDGE_LOOP('',(#3903,#3914,#3922,#3931,#3939,#3948,#3956,#3965));
#3903 = ORIENTED_EDGE('',*,*,#3904,.F.);
#3904 = EDGE_CURVE('',#3905,#3907,#3909,.T.);
#3905 = VERTEX_POINT('',#3906);
#3906 = CARTESIAN_POINT('',(189.275,-71.7875,0.));
#3907 = VERTEX_POINT('',#3908);
#3908 = CARTESIAN_POINT('',(188.775,-72.2875,0.));
#3909 = CIRCLE('',#3910,0.500001333575);
#3910 = AXIS2_PLACEMENT_3D('',#3911,#3912,#3913);
#3911 = CARTESIAN_POINT('',(189.27500133357,-72.28750133357,0.));
#3912 = DIRECTION('',(0.,0.,1.));
#3913 = DIRECTION('',(-2.667139247886E-06,0.999999999996,0.));
#3914 = ORIENTED_EDGE('',*,*,#3915,.F.);
#3915 = EDGE_CURVE('',#3916,#3905,#3918,.T.);
#3916 = VERTEX_POINT('',#3917);
#3917 = CARTESIAN_POINT('',(202.275,-71.7875,0.));
#3918 = LINE('',#3919,#3920);
#3919 = CARTESIAN_POINT('',(202.275,-71.7875,0.));
#3920 = VECTOR('',#3921,1.);
#3921 = DIRECTION('',(-1.,0.,0.));
#3922 = ORIENTED_EDGE('',*,*,#3923,.F.);
#3923 = EDGE_CURVE('',#3924,#3916,#3926,.T.);
#3924 = VERTEX_POINT('',#3925);
#3925 = CARTESIAN_POINT('',(202.775,-72.2875,0.));
#3926 = CIRCLE('',#3927,0.500001333575);
#3927 = AXIS2_PLACEMENT_3D('',#3928,#3929,#3930);
#3928 = CARTESIAN_POINT('',(202.27499866642,-72.28750133357,0.));
#3929 = DIRECTION('',(0.,0.,1.));
#3930 = DIRECTION('',(0.999999999996,2.667139219464E-06,-0.));
#3931 = ORIENTED_EDGE('',*,*,#3932,.F.);
#3932 = EDGE_CURVE('',#3933,#3924,#3935,.T.);
#3933 = VERTEX_POINT('',#3934);
#3934 = CARTESIAN_POINT('',(202.775,-85.2875,0.));
#3935 = LINE('',#3936,#3937);
#3936 = CARTESIAN_POINT('',(202.775,-85.2875,0.));
#3937 = VECTOR('',#3938,1.);
#3938 = DIRECTION('',(0.,1.,0.));
#3939 = ORIENTED_EDGE('',*,*,#3940,.F.);
#3940 = EDGE_CURVE('',#3941,#3933,#3943,.T.);
#3941 = VERTEX_POINT('',#3942);
#3942 = CARTESIAN_POINT('',(202.275,-85.7875,0.));
#3943 = CIRCLE('',#3944,0.500001333575);
#3944 = AXIS2_PLACEMENT_3D('',#3945,#3946,#3947);
#3945 = CARTESIAN_POINT('',(202.27499866642,-85.28749866642,0.));
#3946 = DIRECTION('',(0.,0.,1.));
#3947 = DIRECTION('',(2.667139191043E-06,-0.999999999996,0.));
#3948 = ORIENTED_EDGE('',*,*,#3949,.F.);
#3949 = EDGE_CURVE('',#3950,#3941,#3952,.T.);
#3950 = VERTEX_POINT('',#3951);
#3951 = CARTESIAN_POINT('',(189.275,-85.7875,0.));
#3952 = LINE('',#3953,#3954);
#3953 = CARTESIAN_POINT('',(189.275,-85.7875,0.));
#3954 = VECTOR('',#3955,1.);
#3955 = DIRECTION('',(1.,0.,0.));
#3956 = ORIENTED_EDGE('',*,*,#3957,.F.);
#3957 = EDGE_CURVE('',#3958,#3950,#3960,.T.);
#3958 = VERTEX_POINT('',#3959);
#3959 = CARTESIAN_POINT('',(188.775,-85.2875,0.));
#3960 = CIRCLE('',#3961,0.500001333575);
#3961 = AXIS2_PLACEMENT_3D('',#3962,#3963,#3964);
#3962 = CARTESIAN_POINT('',(189.27500133357,-85.28749866642,0.));
#3963 = DIRECTION('',(0.,0.,1.));
#3964 = DIRECTION('',(-0.999999999996,-2.667139134199E-06,0.));
#3965 = ORIENTED_EDGE('',*,*,#3966,.F.);
#3966 = EDGE_CURVE('',#3907,#3958,#3967,.T.);
#3967 = LINE('',#3968,#3969);
#3968 = CARTESIAN_POINT('',(188.775,-72.2875,0.));
#3969 = VECTOR('',#3970,1.);
#3970 = DIRECTION('',(0.,-1.,0.));
#3971 = FACE_BOUND('',#3972,.F.);
#3972 = EDGE_LOOP('',(#3973,#3984,#3992,#4001,#4009,#4018,#4026,#4035));
#3973 = ORIENTED_EDGE('',*,*,#3974,.F.);
#3974 = EDGE_CURVE('',#3975,#3977,#3979,.T.);
#3975 = VERTEX_POINT('',#3976);
#3976 = CARTESIAN_POINT('',(203.6,-109.9875,0.));
#3977 = VERTEX_POINT('',#3978);
#3978 = CARTESIAN_POINT('',(203.1,-110.4875,0.));
#3979 = CIRCLE('',#3980,0.500001333575);
#3980 = AXIS2_PLACEMENT_3D('',#3981,#3982,#3983);
#3981 = CARTESIAN_POINT('',(203.60000133357,-110.4875013335,0.));
#3982 = DIRECTION('',(0.,0.,1.));
#3983 = DIRECTION('',(-2.667139247886E-06,0.999999999996,0.));
#3984 = ORIENTED_EDGE('',*,*,#3985,.F.);
#3985 = EDGE_CURVE('',#3986,#3975,#3988,.T.);
#3986 = VERTEX_POINT('',#3987);
#3987 = CARTESIAN_POINT('',(216.6,-109.9875,0.));
#3988 = LINE('',#3989,#3990);
#3989 = CARTESIAN_POINT('',(216.6,-109.9875,0.));
#3990 = VECTOR('',#3991,1.);
#3991 = DIRECTION('',(-1.,0.,0.));
#3992 = ORIENTED_EDGE('',*,*,#3993,.F.);
#3993 = EDGE_CURVE('',#3994,#3986,#3996,.T.);
#3994 = VERTEX_POINT('',#3995);
#3995 = CARTESIAN_POINT('',(217.1,-110.4875,0.));
#3996 = CIRCLE('',#3997,0.500001333575);
#3997 = AXIS2_PLACEMENT_3D('',#3998,#3999,#4000);
#3998 = CARTESIAN_POINT('',(216.59999866642,-110.4875013335,0.));
#3999 = DIRECTION('',(0.,0.,1.));
#4000 = DIRECTION('',(0.999999999996,2.667139191042E-06,-0.));
#4001 = ORIENTED_EDGE('',*,*,#4002,.F.);
#4002 = EDGE_CURVE('',#4003,#3994,#4005,.T.);
#4003 = VERTEX_POINT('',#4004);
#4004 = CARTESIAN_POINT('',(217.1,-123.4875,0.));
#4005 = LINE('',#4006,#4007);
#4006 = CARTESIAN_POINT('',(217.1,-123.4875,0.));
#4007 = VECTOR('',#4008,1.);
#4008 = DIRECTION('',(0.,1.,0.));
#4009 = ORIENTED_EDGE('',*,*,#4010,.F.);
#4010 = EDGE_CURVE('',#4011,#4003,#4013,.T.);
#4011 = VERTEX_POINT('',#4012);
#4012 = CARTESIAN_POINT('',(216.6,-123.9875,0.));
#4013 = CIRCLE('',#4014,0.500001333575);
#4014 = AXIS2_PLACEMENT_3D('',#4015,#4016,#4017);
#4015 = CARTESIAN_POINT('',(216.59999866642,-123.4874986664,0.));
#4016 = DIRECTION('',(0.,0.,1.));
#4017 = DIRECTION('',(2.667139191043E-06,-0.999999999996,0.));
#4018 = ORIENTED_EDGE('',*,*,#4019,.F.);
#4019 = EDGE_CURVE('',#4020,#4011,#4022,.T.);
#4020 = VERTEX_POINT('',#4021);
#4021 = CARTESIAN_POINT('',(203.6,-123.9875,0.));
#4022 = LINE('',#4023,#4024);
#4023 = CARTESIAN_POINT('',(203.6,-123.9875,0.));
#4024 = VECTOR('',#4025,1.);
#4025 = DIRECTION('',(1.,0.,0.));
#4026 = ORIENTED_EDGE('',*,*,#4027,.F.);
#4027 = EDGE_CURVE('',#4028,#4020,#4030,.T.);
#4028 = VERTEX_POINT('',#4029);
#4029 = CARTESIAN_POINT('',(203.1,-123.4875,0.));
#4030 = CIRCLE('',#4031,0.500001333575);
#4031 = AXIS2_PLACEMENT_3D('',#4032,#4033,#4034);
#4032 = CARTESIAN_POINT('',(203.60000133357,-123.4874986664,0.));
#4033 = DIRECTION('',(0.,0.,1.));
#4034 = DIRECTION('',(-0.999999999996,-2.667139134199E-06,0.));
#4035 = ORIENTED_EDGE('',*,*,#4036,.F.);
#4036 = EDGE_CURVE('',#3977,#4028,#4037,.T.);
#4037 = LINE('',#4038,#4039);
#4038 = CARTESIAN_POINT('',(203.1,-110.4875,0.));
#4039 = VECTOR('',#4040,1.);
#4040 = DIRECTION('',(0.,-1.,0.));
#4041 = FACE_BOUND('',#4042,.F.);
#4042 = EDGE_LOOP('',(#4043,#4054,#4062,#4071,#4079,#4088,#4096,#4105));
#4043 = ORIENTED_EDGE('',*,*,#4044,.F.);
#4044 = EDGE_CURVE('',#4045,#4047,#4049,.T.);
#4045 = VERTEX_POINT('',#4046);
#4046 = CARTESIAN_POINT('',(222.7,-109.9875,0.));
#4047 = VERTEX_POINT('',#4048);
#4048 = CARTESIAN_POINT('',(222.2,-110.4875,0.));
#4049 = CIRCLE('',#4050,0.500001333575);
#4050 = AXIS2_PLACEMENT_3D('',#4051,#4052,#4053);
#4051 = CARTESIAN_POINT('',(222.70000133357,-110.4875013335,0.));
#4052 = DIRECTION('',(0.,0.,1.));
#4053 = DIRECTION('',(-2.667139304729E-06,0.999999999996,0.));
#4054 = ORIENTED_EDGE('',*,*,#4055,.F.);
#4055 = EDGE_CURVE('',#4056,#4045,#4058,.T.);
#4056 = VERTEX_POINT('',#4057);
#4057 = CARTESIAN_POINT('',(235.7,-109.9875,0.));
#4058 = LINE('',#4059,#4060);
#4059 = CARTESIAN_POINT('',(235.7,-109.9875,0.));
#4060 = VECTOR('',#4061,1.);
#4061 = DIRECTION('',(-1.,0.,0.));
#4062 = ORIENTED_EDGE('',*,*,#4063,.F.);
#4063 = EDGE_CURVE('',#4064,#4056,#4066,.T.);
#4064 = VERTEX_POINT('',#4065);
#4065 = CARTESIAN_POINT('',(236.2,-110.4875,0.));
#4066 = CIRCLE('',#4067,0.500001333575);
#4067 = AXIS2_PLACEMENT_3D('',#4068,#4069,#4070);
#4068 = CARTESIAN_POINT('',(235.69999866642,-110.4875013335,0.));
#4069 = DIRECTION('',(0.,0.,1.));
#4070 = DIRECTION('',(0.999999999996,2.667139191042E-06,-0.));
#4071 = ORIENTED_EDGE('',*,*,#4072,.F.);
#4072 = EDGE_CURVE('',#4073,#4064,#4075,.T.);
#4073 = VERTEX_POINT('',#4074);
#4074 = CARTESIAN_POINT('',(236.2,-123.4875,0.));
#4075 = LINE('',#4076,#4077);
#4076 = CARTESIAN_POINT('',(236.2,-123.4875,0.));
#4077 = VECTOR('',#4078,1.);
#4078 = DIRECTION('',(0.,1.,0.));
#4079 = ORIENTED_EDGE('',*,*,#4080,.F.);
#4080 = EDGE_CURVE('',#4081,#4073,#4083,.T.);
#4081 = VERTEX_POINT('',#4082);
#4082 = CARTESIAN_POINT('',(235.7,-123.9875,0.));
#4083 = CIRCLE('',#4084,0.500001333575);
#4084 = AXIS2_PLACEMENT_3D('',#4085,#4086,#4087);
#4085 = CARTESIAN_POINT('',(235.69999866642,-123.4874986664,0.));
#4086 = DIRECTION('',(0.,0.,1.));
#4087 = DIRECTION('',(2.667139134199E-06,-0.999999999996,0.));
#4088 = ORIENTED_EDGE('',*,*,#4089,.F.);
#4089 = EDGE_CURVE('',#4090,#4081,#4092,.T.);
#4090 = VERTEX_POINT('',#4091);
#4091 = CARTESIAN_POINT('',(222.7,-123.9875,0.));
#4092 = LINE('',#4093,#4094);
#4093 = CARTESIAN_POINT('',(222.7,-123.9875,0.));
#4094 = VECTOR('',#4095,1.);
#4095 = DIRECTION('',(1.,0.,0.));
#4096 = ORIENTED_EDGE('',*,*,#4097,.F.);
#4097 = EDGE_CURVE('',#4098,#4090,#4100,.T.);
#4098 = VERTEX_POINT('',#4099);
#4099 = CARTESIAN_POINT('',(222.2,-123.4875,0.));
#4100 = CIRCLE('',#4101,0.500001333575);
#4101 = AXIS2_PLACEMENT_3D('',#4102,#4103,#4104);
#4102 = CARTESIAN_POINT('',(222.70000133357,-123.4874986664,0.));
#4103 = DIRECTION('',(0.,0.,1.));
#4104 = DIRECTION('',(-0.999999999996,-2.667139247886E-06,0.));
#4105 = ORIENTED_EDGE('',*,*,#4106,.F.);
#4106 = EDGE_CURVE('',#4047,#4098,#4107,.T.);
#4107 = LINE('',#4108,#4109);
#4108 = CARTESIAN_POINT('',(222.2,-110.4875,0.));
#4109 = VECTOR('',#4110,1.);
#4110 = DIRECTION('',(0.,-1.,0.));
#4111 = FACE_BOUND('',#4112,.F.);
#4112 = EDGE_LOOP('',(#4113,#4124,#4132,#4141,#4149,#4158,#4166,#4175));
#4113 = ORIENTED_EDGE('',*,*,#4114,.F.);
#4114 = EDGE_CURVE('',#4115,#4117,#4119,.T.);
#4115 = VERTEX_POINT('',#4116);
#4116 = CARTESIAN_POINT('',(241.8,-109.9875,0.));
#4117 = VERTEX_POINT('',#4118);
#4118 = CARTESIAN_POINT('',(241.3,-110.4875,0.));
#4119 = CIRCLE('',#4120,0.500001333575);
#4120 = AXIS2_PLACEMENT_3D('',#4121,#4122,#4123);
#4121 = CARTESIAN_POINT('',(241.80000133357,-110.4875013335,0.));
#4122 = DIRECTION('',(0.,0.,1.));
#4123 = DIRECTION('',(-2.667139191042E-06,0.999999999996,0.));
#4124 = ORIENTED_EDGE('',*,*,#4125,.F.);
#4125 = EDGE_CURVE('',#4126,#4115,#4128,.T.);
#4126 = VERTEX_POINT('',#4127);
#4127 = CARTESIAN_POINT('',(254.8,-109.9875,0.));
#4128 = LINE('',#4129,#4130);
#4129 = CARTESIAN_POINT('',(254.8,-109.9875,0.));
#4130 = VECTOR('',#4131,1.);
#4131 = DIRECTION('',(-1.,0.,0.));
#4132 = ORIENTED_EDGE('',*,*,#4133,.F.);
#4133 = EDGE_CURVE('',#4134,#4126,#4136,.T.);
#4134 = VERTEX_POINT('',#4135);
#4135 = CARTESIAN_POINT('',(255.3,-110.4875,0.));
#4136 = CIRCLE('',#4137,0.500001333575);
#4137 = AXIS2_PLACEMENT_3D('',#4138,#4139,#4140);
#4138 = CARTESIAN_POINT('',(254.79999866642,-110.4875013335,0.));
#4139 = DIRECTION('',(0.,0.,1.));
#4140 = DIRECTION('',(0.999999999996,2.667139276307E-06,-0.));
#4141 = ORIENTED_EDGE('',*,*,#4142,.F.);
#4142 = EDGE_CURVE('',#4143,#4134,#4145,.T.);
#4143 = VERTEX_POINT('',#4144);
#4144 = CARTESIAN_POINT('',(255.3,-123.4875,0.));
#4145 = LINE('',#4146,#4147);
#4146 = CARTESIAN_POINT('',(255.3,-123.4875,0.));
#4147 = VECTOR('',#4148,1.);
#4148 = DIRECTION('',(0.,1.,0.));
#4149 = ORIENTED_EDGE('',*,*,#4150,.F.);
#4150 = EDGE_CURVE('',#4151,#4143,#4153,.T.);
#4151 = VERTEX_POINT('',#4152);
#4152 = CARTESIAN_POINT('',(254.8,-123.9875,0.));
#4153 = CIRCLE('',#4154,0.500001333575);
#4154 = AXIS2_PLACEMENT_3D('',#4155,#4156,#4157);
#4155 = CARTESIAN_POINT('',(254.79999866642,-123.4874986664,0.));
#4156 = DIRECTION('',(0.,0.,1.));
#4157 = DIRECTION('',(2.667139247886E-06,-0.999999999996,0.));
#4158 = ORIENTED_EDGE('',*,*,#4159,.F.);
#4159 = EDGE_CURVE('',#4160,#4151,#4162,.T.);
#4160 = VERTEX_POINT('',#4161);
#4161 = CARTESIAN_POINT('',(241.8,-123.9875,0.));
#4162 = LINE('',#4163,#4164);
#4163 = CARTESIAN_POINT('',(241.8,-123.9875,0.));
#4164 = VECTOR('',#4165,1.);
#4165 = DIRECTION('',(1.,0.,0.));
#4166 = ORIENTED_EDGE('',*,*,#4167,.F.);
#4167 = EDGE_CURVE('',#4168,#4160,#4170,.T.);
#4168 = VERTEX_POINT('',#4169);
#4169 = CARTESIAN_POINT('',(241.3,-123.4875,0.));
#4170 = CIRCLE('',#4171,0.500001333575);
#4171 = AXIS2_PLACEMENT_3D('',#4172,#4173,#4174);
#4172 = CARTESIAN_POINT('',(241.80000133357,-123.4874986664,0.));
#4173 = DIRECTION('',(0.,0.,1.));
#4174 = DIRECTION('',(-0.999999999996,-2.667139134199E-06,0.));
#4175 = ORIENTED_EDGE('',*,*,#4176,.F.);
#4176 = EDGE_CURVE('',#4117,#4168,#4177,.T.);
#4177 = LINE('',#4178,#4179);
#4178 = CARTESIAN_POINT('',(241.3,-110.4875,0.));
#4179 = VECTOR('',#4180,1.);
#4180 = DIRECTION('',(0.,-1.,0.));
#4181 = FACE_BOUND('',#4182,.F.);
#4182 = EDGE_LOOP('',(#4183,#4194,#4202,#4211,#4219,#4228,#4236,#4245));
#4183 = ORIENTED_EDGE('',*,*,#4184,.F.);
#4184 = EDGE_CURVE('',#4185,#4187,#4189,.T.);
#4185 = VERTEX_POINT('',#4186);
#4186 = CARTESIAN_POINT('',(260.9,-109.9875,0.));
#4187 = VERTEX_POINT('',#4188);
#4188 = CARTESIAN_POINT('',(260.4,-110.4875,0.));
#4189 = CIRCLE('',#4190,0.500001333575);
#4190 = AXIS2_PLACEMENT_3D('',#4191,#4192,#4193);
#4191 = CARTESIAN_POINT('',(260.90000133357,-110.4875013335,0.));
#4192 = DIRECTION('',(0.,0.,1.));
#4193 = DIRECTION('',(-2.667139304729E-06,0.999999999996,0.));
#4194 = ORIENTED_EDGE('',*,*,#4195,.F.);
#4195 = EDGE_CURVE('',#4196,#4185,#4198,.T.);
#4196 = VERTEX_POINT('',#4197);
#4197 = CARTESIAN_POINT('',(273.9,-109.9875,0.));
#4198 = LINE('',#4199,#4200);
#4199 = CARTESIAN_POINT('',(273.9,-109.9875,0.));
#4200 = VECTOR('',#4201,1.);
#4201 = DIRECTION('',(-1.,0.,0.));
#4202 = ORIENTED_EDGE('',*,*,#4203,.F.);
#4203 = EDGE_CURVE('',#4204,#4196,#4206,.T.);
#4204 = VERTEX_POINT('',#4205);
#4205 = CARTESIAN_POINT('',(274.4,-110.4875,0.));
#4206 = CIRCLE('',#4207,0.500001333575);
#4207 = AXIS2_PLACEMENT_3D('',#4208,#4209,#4210);
#4208 = CARTESIAN_POINT('',(273.89999866642,-110.4875013335,0.));
#4209 = DIRECTION('',(0.,0.,1.));
#4210 = DIRECTION('',(0.999999999996,2.667139077356E-06,-0.));
#4211 = ORIENTED_EDGE('',*,*,#4212,.F.);
#4212 = EDGE_CURVE('',#4213,#4204,#4215,.T.);
#4213 = VERTEX_POINT('',#4214);
#4214 = CARTESIAN_POINT('',(274.4,-123.4875,0.));
#4215 = LINE('',#4216,#4217);
#4216 = CARTESIAN_POINT('',(274.4,-123.4875,0.));
#4217 = VECTOR('',#4218,1.);
#4218 = DIRECTION('',(0.,1.,0.));
#4219 = ORIENTED_EDGE('',*,*,#4220,.F.);
#4220 = EDGE_CURVE('',#4221,#4213,#4223,.T.);
#4221 = VERTEX_POINT('',#4222);
#4222 = CARTESIAN_POINT('',(273.9,-123.9875,0.));
#4223 = CIRCLE('',#4224,0.500001333575);
#4224 = AXIS2_PLACEMENT_3D('',#4225,#4226,#4227);
#4225 = CARTESIAN_POINT('',(273.89999866642,-123.4874986664,0.));
#4226 = DIRECTION('',(0.,0.,1.));
#4227 = DIRECTION('',(2.667139077356E-06,-0.999999999996,0.));
#4228 = ORIENTED_EDGE('',*,*,#4229,.F.);
#4229 = EDGE_CURVE('',#4230,#4221,#4232,.T.);
#4230 = VERTEX_POINT('',#4231);
#4231 = CARTESIAN_POINT('',(260.9,-123.9875,0.));
#4232 = LINE('',#4233,#4234);
#4233 = CARTESIAN_POINT('',(260.9,-123.9875,0.));
#4234 = VECTOR('',#4235,1.);
#4235 = DIRECTION('',(1.,0.,0.));
#4236 = ORIENTED_EDGE('',*,*,#4237,.F.);
#4237 = EDGE_CURVE('',#4238,#4230,#4240,.T.);
#4238 = VERTEX_POINT('',#4239);
#4239 = CARTESIAN_POINT('',(260.4,-123.4875,0.));
#4240 = CIRCLE('',#4241,0.500001333575);
#4241 = AXIS2_PLACEMENT_3D('',#4242,#4243,#4244);
#4242 = CARTESIAN_POINT('',(260.90000133357,-123.4874986664,0.));
#4243 = DIRECTION('',(0.,0.,1.));
#4244 = DIRECTION('',(-0.999999999996,-2.667139247885E-06,0.));
#4245 = ORIENTED_EDGE('',*,*,#4246,.F.);
#4246 = EDGE_CURVE('',#4187,#4238,#4247,.T.);
#4247 = LINE('',#4248,#4249);
#4248 = CARTESIAN_POINT('',(260.4,-110.4875,0.));
#4249 = VECTOR('',#4250,1.);
#4250 = DIRECTION('',(0.,-1.,0.));
#4251 = FACE_BOUND('',#4252,.F.);
#4252 = EDGE_LOOP('',(#4253,#4264,#4272,#4281,#4289,#4298,#4306,#4315));
#4253 = ORIENTED_EDGE('',*,*,#4254,.F.);
#4254 = EDGE_CURVE('',#4255,#4257,#4259,.T.);
#4255 = VERTEX_POINT('',#4256);
#4256 = CARTESIAN_POINT('',(217.925,-90.8875,0.));
#4257 = VERTEX_POINT('',#4258);
#4258 = CARTESIAN_POINT('',(217.425,-91.3875,0.));
#4259 = CIRCLE('',#4260,0.500001333575);
#4260 = AXIS2_PLACEMENT_3D('',#4261,#4262,#4263);
#4261 = CARTESIAN_POINT('',(217.92500133357,-91.38750133357,0.));
#4262 = DIRECTION('',(0.,0.,1.));
#4263 = DIRECTION('',(-2.667139134199E-06,0.999999999996,0.));
#4264 = ORIENTED_EDGE('',*,*,#4265,.F.);
#4265 = EDGE_CURVE('',#4266,#4255,#4268,.T.);
#4266 = VERTEX_POINT('',#4267);
#4267 = CARTESIAN_POINT('',(230.925,-90.8875,0.));
#4268 = LINE('',#4269,#4270);
#4269 = CARTESIAN_POINT('',(230.925,-90.8875,0.));
#4270 = VECTOR('',#4271,1.);
#4271 = DIRECTION('',(-1.,0.,0.));
#4272 = ORIENTED_EDGE('',*,*,#4273,.F.);
#4273 = EDGE_CURVE('',#4274,#4266,#4276,.T.);
#4274 = VERTEX_POINT('',#4275);
#4275 = CARTESIAN_POINT('',(231.425,-91.3875,0.));
#4276 = CIRCLE('',#4277,0.500001333575);
#4277 = AXIS2_PLACEMENT_3D('',#4278,#4279,#4280);
#4278 = CARTESIAN_POINT('',(230.92499866642,-91.38750133357,0.));
#4279 = DIRECTION('',(0.,0.,1.));
#4280 = DIRECTION('',(0.999999999996,2.667139247886E-06,-0.));
#4281 = ORIENTED_EDGE('',*,*,#4282,.F.);
#4282 = EDGE_CURVE('',#4283,#4274,#4285,.T.);
#4283 = VERTEX_POINT('',#4284);
#4284 = CARTESIAN_POINT('',(231.425,-104.3875,0.));
#4285 = LINE('',#4286,#4287);
#4286 = CARTESIAN_POINT('',(231.425,-104.3875,0.));
#4287 = VECTOR('',#4288,1.);
#4288 = DIRECTION('',(0.,1.,0.));
#4289 = ORIENTED_EDGE('',*,*,#4290,.F.);
#4290 = EDGE_CURVE('',#4291,#4283,#4293,.T.);
#4291 = VERTEX_POINT('',#4292);
#4292 = CARTESIAN_POINT('',(230.925,-104.8875,0.));
#4293 = CIRCLE('',#4294,0.500001333575);
#4294 = AXIS2_PLACEMENT_3D('',#4295,#4296,#4297);
#4295 = CARTESIAN_POINT('',(230.92499866642,-104.3874986664,0.));
#4296 = DIRECTION('',(0.,0.,1.));
#4297 = DIRECTION('',(2.667139304729E-06,-0.999999999996,0.));
#4298 = ORIENTED_EDGE('',*,*,#4299,.F.);
#4299 = EDGE_CURVE('',#4300,#4291,#4302,.T.);
#4300 = VERTEX_POINT('',#4301);
#4301 = CARTESIAN_POINT('',(217.925,-104.8875,0.));
#4302 = LINE('',#4303,#4304);
#4303 = CARTESIAN_POINT('',(217.925,-104.8875,0.));
#4304 = VECTOR('',#4305,1.);
#4305 = DIRECTION('',(1.,0.,0.));
#4306 = ORIENTED_EDGE('',*,*,#4307,.F.);
#4307 = EDGE_CURVE('',#4308,#4300,#4310,.T.);
#4308 = VERTEX_POINT('',#4309);
#4309 = CARTESIAN_POINT('',(217.425,-104.3875,0.));
#4310 = CIRCLE('',#4311,0.500001333575);
#4311 = AXIS2_PLACEMENT_3D('',#4312,#4313,#4314);
#4312 = CARTESIAN_POINT('',(217.92500133357,-104.3874986664,0.));
#4313 = DIRECTION('',(0.,0.,1.));
#4314 = DIRECTION('',(-0.999999999996,-2.667139191042E-06,0.));
#4315 = ORIENTED_EDGE('',*,*,#4316,.F.);
#4316 = EDGE_CURVE('',#4257,#4308,#4317,.T.);
#4317 = LINE('',#4318,#4319);
#4318 = CARTESIAN_POINT('',(217.425,-91.3875,0.));
#4319 = VECTOR('',#4320,1.);
#4320 = DIRECTION('',(0.,-1.,0.));
#4321 = FACE_BOUND('',#4322,.F.);
#4322 = EDGE_LOOP('',(#4323,#4334,#4342,#4351,#4359,#4368,#4376,#4385));
#4323 = ORIENTED_EDGE('',*,*,#4324,.F.);
#4324 = EDGE_CURVE('',#4325,#4327,#4329,.T.);
#4325 = VERTEX_POINT('',#4326);
#4326 = CARTESIAN_POINT('',(237.025,-90.8875,0.));
#4327 = VERTEX_POINT('',#4328);
#4328 = CARTESIAN_POINT('',(236.525,-91.3875,0.));
#4329 = CIRCLE('',#4330,0.500001333575);
#4330 = AXIS2_PLACEMENT_3D('',#4331,#4332,#4333);
#4331 = CARTESIAN_POINT('',(237.02500133357,-91.38750133357,0.));
#4332 = DIRECTION('',(0.,0.,1.));
#4333 = DIRECTION('',(-2.667139191043E-06,0.999999999996,0.));
#4334 = ORIENTED_EDGE('',*,*,#4335,.F.);
#4335 = EDGE_CURVE('',#4336,#4325,#4338,.T.);
#4336 = VERTEX_POINT('',#4337);
#4337 = CARTESIAN_POINT('',(250.025,-90.8875,0.));
#4338 = LINE('',#4339,#4340);
#4339 = CARTESIAN_POINT('',(250.025,-90.8875,0.));
#4340 = VECTOR('',#4341,1.);
#4341 = DIRECTION('',(-1.,0.,0.));
#4342 = ORIENTED_EDGE('',*,*,#4343,.F.);
#4343 = EDGE_CURVE('',#4344,#4336,#4346,.T.);
#4344 = VERTEX_POINT('',#4345);
#4345 = CARTESIAN_POINT('',(250.525,-91.3875,0.));
#4346 = CIRCLE('',#4347,0.500001333575);
#4347 = AXIS2_PLACEMENT_3D('',#4348,#4349,#4350);
#4348 = CARTESIAN_POINT('',(250.02499866642,-91.38750133357,0.));
#4349 = DIRECTION('',(0.,0.,1.));
#4350 = DIRECTION('',(0.999999999996,2.667139134199E-06,-0.));
#4351 = ORIENTED_EDGE('',*,*,#4352,.F.);
#4352 = EDGE_CURVE('',#4353,#4344,#4355,.T.);
#4353 = VERTEX_POINT('',#4354);
#4354 = CARTESIAN_POINT('',(250.525,-104.3875,0.));
#4355 = LINE('',#4356,#4357);
#4356 = CARTESIAN_POINT('',(250.525,-104.3875,0.));
#4357 = VECTOR('',#4358,1.);
#4358 = DIRECTION('',(0.,1.,0.));
#4359 = ORIENTED_EDGE('',*,*,#4360,.F.);
#4360 = EDGE_CURVE('',#4361,#4353,#4363,.T.);
#4361 = VERTEX_POINT('',#4362);
#4362 = CARTESIAN_POINT('',(250.025,-104.8875,0.));
#4363 = CIRCLE('',#4364,0.500001333575);
#4364 = AXIS2_PLACEMENT_3D('',#4365,#4366,#4367);
#4365 = CARTESIAN_POINT('',(250.02499866642,-104.3874986664,0.));
#4366 = DIRECTION('',(0.,0.,1.));
#4367 = DIRECTION('',(2.667139247886E-06,-0.999999999996,0.));
#4368 = ORIENTED_EDGE('',*,*,#4369,.F.);
#4369 = EDGE_CURVE('',#4370,#4361,#4372,.T.);
#4370 = VERTEX_POINT('',#4371);
#4371 = CARTESIAN_POINT('',(237.025,-104.8875,0.));
#4372 = LINE('',#4373,#4374);
#4373 = CARTESIAN_POINT('',(237.025,-104.8875,0.));
#4374 = VECTOR('',#4375,1.);
#4375 = DIRECTION('',(1.,0.,0.));
#4376 = ORIENTED_EDGE('',*,*,#4377,.F.);
#4377 = EDGE_CURVE('',#4378,#4370,#4380,.T.);
#4378 = VERTEX_POINT('',#4379);
#4379 = CARTESIAN_POINT('',(236.525,-104.3875,0.));
#4380 = CIRCLE('',#4381,0.500001333575);
#4381 = AXIS2_PLACEMENT_3D('',#4382,#4383,#4384);
#4382 = CARTESIAN_POINT('',(237.02500133357,-104.3874986664,0.));
#4383 = DIRECTION('',(0.,0.,1.));
#4384 = DIRECTION('',(-0.999999999996,-2.667139191042E-06,0.));
#4385 = ORIENTED_EDGE('',*,*,#4386,.F.);
#4386 = EDGE_CURVE('',#4327,#4378,#4387,.T.);
#4387 = LINE('',#4388,#4389);
#4388 = CARTESIAN_POINT('',(236.525,-91.3875,0.));
#4389 = VECTOR('',#4390,1.);
#4390 = DIRECTION('',(0.,-1.,0.));
#4391 = FACE_BOUND('',#4392,.F.);
#4392 = EDGE_LOOP('',(#4393,#4404,#4412,#4421,#4429,#4438,#4446,#4455));
#4393 = ORIENTED_EDGE('',*,*,#4394,.F.);
#4394 = EDGE_CURVE('',#4395,#4397,#4399,.T.);
#4395 = VERTEX_POINT('',#4396);
#4396 = CARTESIAN_POINT('',(256.125,-90.8875,0.));
#4397 = VERTEX_POINT('',#4398);
#4398 = CARTESIAN_POINT('',(255.625,-91.3875,0.));
#4399 = CIRCLE('',#4400,0.500001333575);
#4400 = AXIS2_PLACEMENT_3D('',#4401,#4402,#4403);
#4401 = CARTESIAN_POINT('',(256.12500133357,-91.38750133357,0.));
#4402 = DIRECTION('',(0.,0.,1.));
#4403 = DIRECTION('',(-2.667139077356E-06,0.999999999996,0.));
#4404 = ORIENTED_EDGE('',*,*,#4405,.F.);
#4405 = EDGE_CURVE('',#4406,#4395,#4408,.T.);
#4406 = VERTEX_POINT('',#4407);
#4407 = CARTESIAN_POINT('',(269.125,-90.8875,0.));
#4408 = LINE('',#4409,#4410);
#4409 = CARTESIAN_POINT('',(269.125,-90.8875,0.));
#4410 = VECTOR('',#4411,1.);
#4411 = DIRECTION('',(-1.,0.,0.));
#4412 = ORIENTED_EDGE('',*,*,#4413,.F.);
#4413 = EDGE_CURVE('',#4414,#4406,#4416,.T.);
#4414 = VERTEX_POINT('',#4415);
#4415 = CARTESIAN_POINT('',(269.625,-91.3875,0.));
#4416 = CIRCLE('',#4417,0.500001333575);
#4417 = AXIS2_PLACEMENT_3D('',#4418,#4419,#4420);
#4418 = CARTESIAN_POINT('',(269.12499866642,-91.38750133357,0.));
#4419 = DIRECTION('',(0.,0.,1.));
#4420 = DIRECTION('',(0.999999999996,2.667139247885E-06,-0.));
#4421 = ORIENTED_EDGE('',*,*,#4422,.F.);
#4422 = EDGE_CURVE('',#4423,#4414,#4425,.T.);
#4423 = VERTEX_POINT('',#4424);
#4424 = CARTESIAN_POINT('',(269.625,-104.3875,0.));
#4425 = LINE('',#4426,#4427);
#4426 = CARTESIAN_POINT('',(269.625,-104.3875,0.));
#4427 = VECTOR('',#4428,1.);
#4428 = DIRECTION('',(0.,1.,0.));
#4429 = ORIENTED_EDGE('',*,*,#4430,.F.);
#4430 = EDGE_CURVE('',#4431,#4423,#4433,.T.);
#4431 = VERTEX_POINT('',#4432);
#4432 = CARTESIAN_POINT('',(269.125,-104.8875,0.));
#4433 = CIRCLE('',#4434,0.500001333575);
#4434 = AXIS2_PLACEMENT_3D('',#4435,#4436,#4437);
#4435 = CARTESIAN_POINT('',(269.12499866642,-104.3874986664,0.));
#4436 = DIRECTION('',(0.,0.,1.));
#4437 = DIRECTION('',(2.667139304729E-06,-0.999999999996,0.));
#4438 = ORIENTED_EDGE('',*,*,#4439,.F.);
#4439 = EDGE_CURVE('',#4440,#4431,#4442,.T.);
#4440 = VERTEX_POINT('',#4441);
#4441 = CARTESIAN_POINT('',(256.125,-104.8875,0.));
#4442 = LINE('',#4443,#4444);
#4443 = CARTESIAN_POINT('',(256.125,-104.8875,0.));
#4444 = VECTOR('',#4445,1.);
#4445 = DIRECTION('',(1.,0.,0.));
#4446 = ORIENTED_EDGE('',*,*,#4447,.F.);
#4447 = EDGE_CURVE('',#4448,#4440,#4450,.T.);
#4448 = VERTEX_POINT('',#4449);
#4449 = CARTESIAN_POINT('',(255.625,-104.3875,0.));
#4450 = CIRCLE('',#4451,0.500001333575);
#4451 = AXIS2_PLACEMENT_3D('',#4452,#4453,#4454);
#4452 = CARTESIAN_POINT('',(256.12500133357,-104.3874986664,0.));
#4453 = DIRECTION('',(0.,0.,1.));
#4454 = DIRECTION('',(-0.999999999996,-2.667139191042E-06,0.));
#4455 = ORIENTED_EDGE('',*,*,#4456,.F.);
#4456 = EDGE_CURVE('',#4397,#4448,#4457,.T.);
#4457 = LINE('',#4458,#4459);
#4458 = CARTESIAN_POINT('',(255.625,-91.3875,0.));
#4459 = VECTOR('',#4460,1.);
#4460 = DIRECTION('',(0.,-1.,0.));
#4461 = FACE_BOUND('',#4462,.F.);
#4462 = EDGE_LOOP('',(#4463,#4474,#4482,#4491,#4499,#4508,#4516,#4525));
#4463 = ORIENTED_EDGE('',*,*,#4464,.F.);
#4464 = EDGE_CURVE('',#4465,#4467,#4469,.T.);
#4465 = VERTEX_POINT('',#4466);
#4466 = CARTESIAN_POINT('',(275.225,-90.8875,0.));
#4467 = VERTEX_POINT('',#4468);
#4468 = CARTESIAN_POINT('',(274.725,-91.3875,0.));
#4469 = CIRCLE('',#4470,0.500001333575);
#4470 = AXIS2_PLACEMENT_3D('',#4471,#4472,#4473);
#4471 = CARTESIAN_POINT('',(275.22500133357,-91.38750133357,0.));
#4472 = DIRECTION('',(0.,0.,1.));
#4473 = DIRECTION('',(-2.667139077356E-06,0.999999999996,0.));
#4474 = ORIENTED_EDGE('',*,*,#4475,.F.);
#4475 = EDGE_CURVE('',#4476,#4465,#4478,.T.);
#4476 = VERTEX_POINT('',#4477);
#4477 = CARTESIAN_POINT('',(288.225,-90.8875,0.));
#4478 = LINE('',#4479,#4480);
#4479 = CARTESIAN_POINT('',(288.225,-90.8875,0.));
#4480 = VECTOR('',#4481,1.);
#4481 = DIRECTION('',(-1.,0.,0.));
#4482 = ORIENTED_EDGE('',*,*,#4483,.F.);
#4483 = EDGE_CURVE('',#4484,#4476,#4486,.T.);
#4484 = VERTEX_POINT('',#4485);
#4485 = CARTESIAN_POINT('',(288.725,-91.3875,0.));
#4486 = CIRCLE('',#4487,0.500001333575);
#4487 = AXIS2_PLACEMENT_3D('',#4488,#4489,#4490);
#4488 = CARTESIAN_POINT('',(288.22499866642,-91.38750133357,0.));
#4489 = DIRECTION('',(0.,0.,1.));
#4490 = DIRECTION('',(0.999999999996,2.667139247885E-06,-0.));
#4491 = ORIENTED_EDGE('',*,*,#4492,.F.);
#4492 = EDGE_CURVE('',#4493,#4484,#4495,.T.);
#4493 = VERTEX_POINT('',#4494);
#4494 = CARTESIAN_POINT('',(288.725,-104.3875,0.));
#4495 = LINE('',#4496,#4497);
#4496 = CARTESIAN_POINT('',(288.725,-104.3875,0.));
#4497 = VECTOR('',#4498,1.);
#4498 = DIRECTION('',(0.,1.,0.));
#4499 = ORIENTED_EDGE('',*,*,#4500,.F.);
#4500 = EDGE_CURVE('',#4501,#4493,#4503,.T.);
#4501 = VERTEX_POINT('',#4502);
#4502 = CARTESIAN_POINT('',(288.225,-104.8875,0.));
#4503 = CIRCLE('',#4504,0.500001333575);
#4504 = AXIS2_PLACEMENT_3D('',#4505,#4506,#4507);
#4505 = CARTESIAN_POINT('',(288.22499866642,-104.3874986664,0.));
#4506 = DIRECTION('',(0.,0.,1.));
#4507 = DIRECTION('',(2.667139304729E-06,-0.999999999996,0.));
#4508 = ORIENTED_EDGE('',*,*,#4509,.F.);
#4509 = EDGE_CURVE('',#4510,#4501,#4512,.T.);
#4510 = VERTEX_POINT('',#4511);
#4511 = CARTESIAN_POINT('',(275.225,-104.8875,0.));
#4512 = LINE('',#4513,#4514);
#4513 = CARTESIAN_POINT('',(275.225,-104.8875,0.));
#4514 = VECTOR('',#4515,1.);
#4515 = DIRECTION('',(1.,0.,0.));
#4516 = ORIENTED_EDGE('',*,*,#4517,.F.);
#4517 = EDGE_CURVE('',#4518,#4510,#4520,.T.);
#4518 = VERTEX_POINT('',#4519);
#4519 = CARTESIAN_POINT('',(274.725,-104.3875,0.));
#4520 = CIRCLE('',#4521,0.500001333575);
#4521 = AXIS2_PLACEMENT_3D('',#4522,#4523,#4524);
#4522 = CARTESIAN_POINT('',(275.22500133357,-104.3874986664,0.));
#4523 = DIRECTION('',(0.,0.,1.));
#4524 = DIRECTION('',(-0.999999999996,-2.667139077356E-06,0.));
#4525 = ORIENTED_EDGE('',*,*,#4526,.F.);
#4526 = EDGE_CURVE('',#4467,#4518,#4527,.T.);
#4527 = LINE('',#4528,#4529);
#4528 = CARTESIAN_POINT('',(274.725,-91.3875,0.));
#4529 = VECTOR('',#4530,1.);
#4530 = DIRECTION('',(0.,-1.,0.));
#4531 = FACE_BOUND('',#4532,.F.);
#4532 = EDGE_LOOP('',(#4533,#4544,#4552,#4561,#4569,#4578,#4586,#4595));
#4533 = ORIENTED_EDGE('',*,*,#4534,.F.);
#4534 = EDGE_CURVE('',#4535,#4537,#4539,.T.);
#4535 = VERTEX_POINT('',#4536);
#4536 = CARTESIAN_POINT('',(280.,-109.9875,0.));
#4537 = VERTEX_POINT('',#4538);
#4538 = CARTESIAN_POINT('',(279.5,-110.4875,0.));
#4539 = CIRCLE('',#4540,0.500001333575);
#4540 = AXIS2_PLACEMENT_3D('',#4541,#4542,#4543);
#4541 = CARTESIAN_POINT('',(280.00000133357,-110.4875013335,0.));
#4542 = DIRECTION('',(0.,0.,1.));
#4543 = DIRECTION('',(-2.667139304729E-06,0.999999999996,0.));
#4544 = ORIENTED_EDGE('',*,*,#4545,.F.);
#4545 = EDGE_CURVE('',#4546,#4535,#4548,.T.);
#4546 = VERTEX_POINT('',#4547);
#4547 = CARTESIAN_POINT('',(293.,-109.9875,0.));
#4548 = LINE('',#4549,#4550);
#4549 = CARTESIAN_POINT('',(293.,-109.9875,0.));
#4550 = VECTOR('',#4551,1.);
#4551 = DIRECTION('',(-1.,0.,0.));
#4552 = ORIENTED_EDGE('',*,*,#4553,.F.);
#4553 = EDGE_CURVE('',#4554,#4546,#4556,.T.);
#4554 = VERTEX_POINT('',#4555);
#4555 = CARTESIAN_POINT('',(293.5,-110.4875,0.));
#4556 = CIRCLE('',#4557,0.500001333575);
#4557 = AXIS2_PLACEMENT_3D('',#4558,#4559,#4560);
#4558 = CARTESIAN_POINT('',(292.99999866642,-110.4875013335,0.));
#4559 = DIRECTION('',(0.,0.,1.));
#4560 = DIRECTION('',(0.999999999996,2.667139276307E-06,-0.));
#4561 = ORIENTED_EDGE('',*,*,#4562,.F.);
#4562 = EDGE_CURVE('',#4563,#4554,#4565,.T.);
#4563 = VERTEX_POINT('',#4564);
#4564 = CARTESIAN_POINT('',(293.5,-123.4875,0.));
#4565 = LINE('',#4566,#4567);
#4566 = CARTESIAN_POINT('',(293.5,-123.4875,0.));
#4567 = VECTOR('',#4568,1.);
#4568 = DIRECTION('',(0.,1.,0.));
#4569 = ORIENTED_EDGE('',*,*,#4570,.F.);
#4570 = EDGE_CURVE('',#4571,#4563,#4573,.T.);
#4571 = VERTEX_POINT('',#4572);
#4572 = CARTESIAN_POINT('',(293.,-123.9875,0.));
#4573 = CIRCLE('',#4574,0.500001333575);
#4574 = AXIS2_PLACEMENT_3D('',#4575,#4576,#4577);
#4575 = CARTESIAN_POINT('',(292.99999866642,-123.4874986664,0.));
#4576 = DIRECTION('',(0.,0.,1.));
#4577 = DIRECTION('',(2.667139304729E-06,-0.999999999996,0.));
#4578 = ORIENTED_EDGE('',*,*,#4579,.F.);
#4579 = EDGE_CURVE('',#4580,#4571,#4582,.T.);
#4580 = VERTEX_POINT('',#4581);
#4581 = CARTESIAN_POINT('',(280.,-123.9875,0.));
#4582 = LINE('',#4583,#4584);
#4583 = CARTESIAN_POINT('',(280.,-123.9875,0.));
#4584 = VECTOR('',#4585,1.);
#4585 = DIRECTION('',(1.,0.,0.));
#4586 = ORIENTED_EDGE('',*,*,#4587,.F.);
#4587 = EDGE_CURVE('',#4588,#4580,#4590,.T.);
#4588 = VERTEX_POINT('',#4589);
#4589 = CARTESIAN_POINT('',(279.5,-123.4875,0.));
#4590 = CIRCLE('',#4591,0.500001333575);
#4591 = AXIS2_PLACEMENT_3D('',#4592,#4593,#4594);
#4592 = CARTESIAN_POINT('',(280.00000133357,-123.4874986664,0.));
#4593 = DIRECTION('',(0.,0.,1.));
#4594 = DIRECTION('',(-0.999999999996,-2.667139247885E-06,0.));
#4595 = ORIENTED_EDGE('',*,*,#4596,.F.);
#4596 = EDGE_CURVE('',#4537,#4588,#4597,.T.);
#4597 = LINE('',#4598,#4599);
#4598 = CARTESIAN_POINT('',(279.5,-110.4875,0.));
#4599 = VECTOR('',#4600,1.);
#4600 = DIRECTION('',(0.,-1.,0.));
#4601 = FACE_BOUND('',#4602,.F.);
#4602 = EDGE_LOOP('',(#4603));
#4603 = ORIENTED_EDGE('',*,*,#4604,.T.);
#4604 = EDGE_CURVE('',#4605,#4605,#4607,.T.);
#4605 = VERTEX_POINT('',#4606);
#4606 = CARTESIAN_POINT('',(360.5125,-120.975,0.));
#4607 = CIRCLE('',#4608,1.6);
#4608 = AXIS2_PLACEMENT_3D('',#4609,#4610,#4611);
#4609 = CARTESIAN_POINT('',(360.5125,-119.375,0.));
#4610 = DIRECTION('',(-0.,0.,-1.));
#4611 = DIRECTION('',(-3.552713678801E-14,-1.,0.));
#4612 = FACE_BOUND('',#4613,.F.);
#4613 = EDGE_LOOP('',(#4614,#4625,#4633,#4642,#4650,#4659,#4667,#4676));
#4614 = ORIENTED_EDGE('',*,*,#4615,.F.);
#4615 = EDGE_CURVE('',#4616,#4618,#4620,.T.);
#4616 = VERTEX_POINT('',#4617);
#4617 = CARTESIAN_POINT('',(342.075,-109.9875,0.));
#4618 = VERTEX_POINT('',#4619);
#4619 = CARTESIAN_POINT('',(341.575,-110.4875,0.));
#4620 = CIRCLE('',#4621,0.500001333575);
#4621 = AXIS2_PLACEMENT_3D('',#4622,#4623,#4624);
#4622 = CARTESIAN_POINT('',(342.07500133357,-110.4875013335,0.));
#4623 = DIRECTION('',(0.,0.,1.));
#4624 = DIRECTION('',(-2.667139191042E-06,0.999999999996,0.));
#4625 = ORIENTED_EDGE('',*,*,#4626,.F.);
#4626 = EDGE_CURVE('',#4627,#4616,#4629,.T.);
#4627 = VERTEX_POINT('',#4628);
#4628 = CARTESIAN_POINT('',(355.075,-109.9875,0.));
#4629 = LINE('',#4630,#4631);
#4630 = CARTESIAN_POINT('',(355.075,-109.9875,0.));
#4631 = VECTOR('',#4632,1.);
#4632 = DIRECTION('',(-1.,0.,0.));
#4633 = ORIENTED_EDGE('',*,*,#4634,.F.);
#4634 = EDGE_CURVE('',#4635,#4627,#4637,.T.);
#4635 = VERTEX_POINT('',#4636);
#4636 = CARTESIAN_POINT('',(355.575,-110.4875,0.));
#4637 = CIRCLE('',#4638,0.500001333575);
#4638 = AXIS2_PLACEMENT_3D('',#4639,#4640,#4641);
#4639 = CARTESIAN_POINT('',(355.07499866642,-110.4875013335,0.));
#4640 = DIRECTION('',(0.,0.,1.));
#4641 = DIRECTION('',(0.999999999996,2.667139077356E-06,-0.));
#4642 = ORIENTED_EDGE('',*,*,#4643,.F.);
#4643 = EDGE_CURVE('',#4644,#4635,#4646,.T.);
#4644 = VERTEX_POINT('',#4645);
#4645 = CARTESIAN_POINT('',(355.575,-123.4875,0.));
#4646 = LINE('',#4647,#4648);
#4647 = CARTESIAN_POINT('',(355.575,-123.4875,0.));
#4648 = VECTOR('',#4649,1.);
#4649 = DIRECTION('',(0.,1.,0.));
#4650 = ORIENTED_EDGE('',*,*,#4651,.F.);
#4651 = EDGE_CURVE('',#4652,#4644,#4654,.T.);
#4652 = VERTEX_POINT('',#4653);
#4653 = CARTESIAN_POINT('',(355.075,-123.9875,0.));
#4654 = CIRCLE('',#4655,0.500001333575);
#4655 = AXIS2_PLACEMENT_3D('',#4656,#4657,#4658);
#4656 = CARTESIAN_POINT('',(355.07499866642,-123.4874986664,0.));
#4657 = DIRECTION('',(0.,0.,1.));
#4658 = DIRECTION('',(2.667139077356E-06,-0.999999999996,0.));
#4659 = ORIENTED_EDGE('',*,*,#4660,.F.);
#4660 = EDGE_CURVE('',#4661,#4652,#4663,.T.);
#4661 = VERTEX_POINT('',#4662);
#4662 = CARTESIAN_POINT('',(342.075,-123.9875,0.));
#4663 = LINE('',#4664,#4665);
#4664 = CARTESIAN_POINT('',(342.075,-123.9875,0.));
#4665 = VECTOR('',#4666,1.);
#4666 = DIRECTION('',(1.,0.,0.));
#4667 = ORIENTED_EDGE('',*,*,#4668,.F.);
#4668 = EDGE_CURVE('',#4669,#4661,#4671,.T.);
#4669 = VERTEX_POINT('',#4670);
#4670 = CARTESIAN_POINT('',(341.575,-123.4875,0.));
#4671 = CIRCLE('',#4672,0.500001333575);
#4672 = AXIS2_PLACEMENT_3D('',#4673,#4674,#4675);
#4673 = CARTESIAN_POINT('',(342.07500133357,-123.4874986664,0.));
#4674 = DIRECTION('',(0.,0.,1.));
#4675 = DIRECTION('',(-0.999999999996,-2.667139247886E-06,0.));
#4676 = ORIENTED_EDGE('',*,*,#4677,.F.);
#4677 = EDGE_CURVE('',#4618,#4669,#4678,.T.);
#4678 = LINE('',#4679,#4680);
#4679 = CARTESIAN_POINT('',(341.575,-110.4875,0.));
#4680 = VECTOR('',#4681,1.);
#4681 = DIRECTION('',(0.,-1.,0.));
#4682 = FACE_BOUND('',#4683,.F.);
#4683 = EDGE_LOOP('',(#4684,#4695,#4703,#4712,#4720,#4728,#4737,#4745,
    #4754,#4762,#4770,#4778,#4787,#4795,#4804,#4812,#4820,#4828,#4837,
    #4845,#4854,#4862,#4870,#4879,#4887,#4896,#4904,#4912,#4920,#4929,
    #4937,#4945,#4954,#4962,#4971,#4979,#4987,#4996,#5004,#5013,#5021,
    #5029,#5037,#5046));
#4684 = ORIENTED_EDGE('',*,*,#4685,.F.);
#4685 = EDGE_CURVE('',#4686,#4688,#4690,.T.);
#4686 = VERTEX_POINT('',#4687);
#4687 = CARTESIAN_POINT('',(318.2,-90.8875,0.));
#4688 = VERTEX_POINT('',#4689);
#4689 = CARTESIAN_POINT('',(317.7,-91.3875,0.));
#4690 = CIRCLE('',#4691,0.500001333575);
#4691 = AXIS2_PLACEMENT_3D('',#4692,#4693,#4694);
#4692 = CARTESIAN_POINT('',(318.20000133357,-91.38750133357,0.));
#4693 = DIRECTION('',(0.,0.,1.));
#4694 = DIRECTION('',(-2.667139191042E-06,0.999999999996,0.));
#4695 = ORIENTED_EDGE('',*,*,#4696,.F.);
#4696 = EDGE_CURVE('',#4697,#4686,#4699,.T.);
#4697 = VERTEX_POINT('',#4698);
#4698 = CARTESIAN_POINT('',(331.2,-90.8875,0.));
#4699 = LINE('',#4700,#4701);
#4700 = CARTESIAN_POINT('',(331.2,-90.8875,0.));
#4701 = VECTOR('',#4702,1.);
#4702 = DIRECTION('',(-1.,0.,0.));
#4703 = ORIENTED_EDGE('',*,*,#4704,.F.);
#4704 = EDGE_CURVE('',#4705,#4697,#4707,.T.);
#4705 = VERTEX_POINT('',#4706);
#4706 = CARTESIAN_POINT('',(331.7,-91.3875,0.));
#4707 = CIRCLE('',#4708,0.500001333575);
#4708 = AXIS2_PLACEMENT_3D('',#4709,#4710,#4711);
#4709 = CARTESIAN_POINT('',(331.19999866642,-91.38750133357,0.));
#4710 = DIRECTION('',(0.,0.,1.));
#4711 = DIRECTION('',(0.999999999996,2.667139048935E-06,-0.));
#4712 = ORIENTED_EDGE('',*,*,#4713,.F.);
#4713 = EDGE_CURVE('',#4714,#4705,#4716,.T.);
#4714 = VERTEX_POINT('',#4715);
#4715 = CARTESIAN_POINT('',(331.7,-91.9995,0.));
#4716 = LINE('',#4717,#4718);
#4717 = CARTESIAN_POINT('',(331.7,-91.9995,0.));
#4718 = VECTOR('',#4719,1.);
#4719 = DIRECTION('',(0.,1.,0.));
#4720 = ORIENTED_EDGE('',*,*,#4721,.F.);
#4721 = EDGE_CURVE('',#4722,#4714,#4724,.T.);
#4722 = VERTEX_POINT('',#4723);
#4723 = CARTESIAN_POINT('',(333.5875,-91.9995,0.));
#4724 = LINE('',#4725,#4726);
#4725 = CARTESIAN_POINT('',(333.5875,-91.9995,0.));
#4726 = VECTOR('',#4727,1.);
#4727 = DIRECTION('',(-1.,0.,0.));
#4728 = ORIENTED_EDGE('',*,*,#4729,.F.);
#4729 = EDGE_CURVE('',#4730,#4722,#4732,.T.);
#4730 = VERTEX_POINT('',#4731);
#4731 = CARTESIAN_POINT('',(334.0875,-92.4995,0.));
#4732 = CIRCLE('',#4733,0.500001333575);
#4733 = AXIS2_PLACEMENT_3D('',#4734,#4735,#4736);
#4734 = CARTESIAN_POINT('',(333.58749866642,-92.49950133357,0.));
#4735 = DIRECTION('',(0.,0.,1.));
#4736 = DIRECTION('',(0.999999999996,2.667139077356E-06,-0.));
#4737 = ORIENTED_EDGE('',*,*,#4738,.F.);
#4738 = EDGE_CURVE('',#4739,#4730,#4741,.T.);
#4739 = VERTEX_POINT('',#4740);
#4740 = CARTESIAN_POINT('',(334.0875,-98.4995,0.));
#4741 = LINE('',#4742,#4743);
#4742 = CARTESIAN_POINT('',(334.0875,-98.4995,0.));
#4743 = VECTOR('',#4744,1.);
#4744 = DIRECTION('',(0.,1.,0.));
#4745 = ORIENTED_EDGE('',*,*,#4746,.F.);
#4746 = EDGE_CURVE('',#4747,#4739,#4749,.T.);
#4747 = VERTEX_POINT('',#4748);
#4748 = CARTESIAN_POINT('',(333.5875,-98.9995,0.));
#4749 = CIRCLE('',#4750,0.500001333575);
#4750 = AXIS2_PLACEMENT_3D('',#4751,#4752,#4753);
#4751 = CARTESIAN_POINT('',(333.58749866642,-98.49949866642,0.));
#4752 = DIRECTION('',(0.,0.,1.));
#4753 = DIRECTION('',(2.667139077356E-06,-0.999999999996,0.));
#4754 = ORIENTED_EDGE('',*,*,#4755,.F.);
#4755 = EDGE_CURVE('',#4756,#4747,#4758,.T.);
#4756 = VERTEX_POINT('',#4757);
#4757 = CARTESIAN_POINT('',(331.7,-98.9995,0.));
#4758 = LINE('',#4759,#4760);
#4759 = CARTESIAN_POINT('',(331.7,-98.9995,0.));
#4760 = VECTOR('',#4761,1.);
#4761 = DIRECTION('',(1.,0.,0.));
#4762 = ORIENTED_EDGE('',*,*,#4763,.F.);
#4763 = EDGE_CURVE('',#4764,#4756,#4766,.T.);
#4764 = VERTEX_POINT('',#4765);
#4765 = CARTESIAN_POINT('',(331.7,-100.4375,0.));
#4766 = LINE('',#4767,#4768);
#4767 = CARTESIAN_POINT('',(331.7,-100.4375,0.));
#4768 = VECTOR('',#4769,1.);
#4769 = DIRECTION('',(0.,1.,0.));
#4770 = ORIENTED_EDGE('',*,*,#4771,.F.);
#4771 = EDGE_CURVE('',#4772,#4764,#4774,.T.);
#4772 = VERTEX_POINT('',#4773);
#4773 = CARTESIAN_POINT('',(333.5875,-100.4375,0.));
#4774 = LINE('',#4775,#4776);
#4775 = CARTESIAN_POINT('',(333.5875,-100.4375,0.));
#4776 = VECTOR('',#4777,1.);
#4777 = DIRECTION('',(-1.,0.,0.));
#4778 = ORIENTED_EDGE('',*,*,#4779,.F.);
#4779 = EDGE_CURVE('',#4780,#4772,#4782,.T.);
#4780 = VERTEX_POINT('',#4781);
#4781 = CARTESIAN_POINT('',(334.0875,-100.9375,0.));
#4782 = CIRCLE('',#4783,0.500001333575);
#4783 = AXIS2_PLACEMENT_3D('',#4784,#4785,#4786);
#4784 = CARTESIAN_POINT('',(333.58749866642,-100.9375013335,0.));
#4785 = DIRECTION('',(0.,0.,1.));
#4786 = DIRECTION('',(0.999999999996,2.667139048935E-06,-0.));
#4787 = ORIENTED_EDGE('',*,*,#4788,.F.);
#4788 = EDGE_CURVE('',#4789,#4780,#4791,.T.);
#4789 = VERTEX_POINT('',#4790);
#4790 = CARTESIAN_POINT('',(334.0875,-113.9375,0.));
#4791 = LINE('',#4792,#4793);
#4792 = CARTESIAN_POINT('',(334.0875,-113.9375,0.));
#4793 = VECTOR('',#4794,1.);
#4794 = DIRECTION('',(0.,1.,0.));
#4795 = ORIENTED_EDGE('',*,*,#4796,.F.);
#4796 = EDGE_CURVE('',#4797,#4789,#4799,.T.);
#4797 = VERTEX_POINT('',#4798);
#4798 = CARTESIAN_POINT('',(333.5875,-114.4375,0.));
#4799 = CIRCLE('',#4800,0.500001333575);
#4800 = AXIS2_PLACEMENT_3D('',#4801,#4802,#4803);
#4801 = CARTESIAN_POINT('',(333.58749866642,-113.9374986664,0.));
#4802 = DIRECTION('',(0.,0.,1.));
#4803 = DIRECTION('',(2.667139077356E-06,-0.999999999996,0.));
#4804 = ORIENTED_EDGE('',*,*,#4805,.F.);
#4805 = EDGE_CURVE('',#4806,#4797,#4808,.T.);
#4806 = VERTEX_POINT('',#4807);
#4807 = CARTESIAN_POINT('',(332.9755,-114.4375,0.));
#4808 = LINE('',#4809,#4810);
#4809 = CARTESIAN_POINT('',(332.9755,-114.4375,0.));
#4810 = VECTOR('',#4811,1.);
#4811 = DIRECTION('',(1.,0.,0.));
#4812 = ORIENTED_EDGE('',*,*,#4813,.F.);
#4813 = EDGE_CURVE('',#4814,#4806,#4816,.T.);
#4814 = VERTEX_POINT('',#4815);
#4815 = CARTESIAN_POINT('',(332.9755,-115.8755,0.));
#4816 = LINE('',#4817,#4818);
#4817 = CARTESIAN_POINT('',(332.9755,-115.8755,0.));
#4818 = VECTOR('',#4819,1.);
#4819 = DIRECTION('',(0.,1.,0.));
#4820 = ORIENTED_EDGE('',*,*,#4821,.F.);
#4821 = EDGE_CURVE('',#4822,#4814,#4824,.T.);
#4822 = VERTEX_POINT('',#4823);
#4823 = CARTESIAN_POINT('',(333.5875,-115.8755,0.));
#4824 = LINE('',#4825,#4826);
#4825 = CARTESIAN_POINT('',(333.5875,-115.8755,0.));
#4826 = VECTOR('',#4827,1.);
#4827 = DIRECTION('',(-1.,0.,0.));
#4828 = ORIENTED_EDGE('',*,*,#4829,.F.);
#4829 = EDGE_CURVE('',#4830,#4822,#4832,.T.);
#4830 = VERTEX_POINT('',#4831);
#4831 = CARTESIAN_POINT('',(334.0875,-116.3755,0.));
#4832 = CIRCLE('',#4833,0.500001333575);
#4833 = AXIS2_PLACEMENT_3D('',#4834,#4835,#4836);
#4834 = CARTESIAN_POINT('',(333.58749866642,-116.3755013335,0.));
#4835 = DIRECTION('',(0.,0.,1.));
#4836 = DIRECTION('',(0.999999999996,2.667139048935E-06,-0.));
#4837 = ORIENTED_EDGE('',*,*,#4838,.F.);
#4838 = EDGE_CURVE('',#4839,#4830,#4841,.T.);
#4839 = VERTEX_POINT('',#4840);
#4840 = CARTESIAN_POINT('',(334.0875,-122.3755,0.));
#4841 = LINE('',#4842,#4843);
#4842 = CARTESIAN_POINT('',(334.0875,-122.3755,0.));
#4843 = VECTOR('',#4844,1.);
#4844 = DIRECTION('',(0.,1.,0.));
#4845 = ORIENTED_EDGE('',*,*,#4846,.F.);
#4846 = EDGE_CURVE('',#4847,#4839,#4849,.T.);
#4847 = VERTEX_POINT('',#4848);
#4848 = CARTESIAN_POINT('',(333.5875,-122.8755,0.));
#4849 = CIRCLE('',#4850,0.500001333575);
#4850 = AXIS2_PLACEMENT_3D('',#4851,#4852,#4853);
#4851 = CARTESIAN_POINT('',(333.58749866642,-122.3754986664,0.));
#4852 = DIRECTION('',(0.,0.,1.));
#4853 = DIRECTION('',(2.667139077356E-06,-0.999999999996,0.));
#4854 = ORIENTED_EDGE('',*,*,#4855,.F.);
#4855 = EDGE_CURVE('',#4856,#4847,#4858,.T.);
#4856 = VERTEX_POINT('',#4857);
#4857 = CARTESIAN_POINT('',(332.9755,-122.8755,0.));
#4858 = LINE('',#4859,#4860);
#4859 = CARTESIAN_POINT('',(332.9755,-122.8755,0.));
#4860 = VECTOR('',#4861,1.);
#4861 = DIRECTION('',(1.,0.,0.));
#4862 = ORIENTED_EDGE('',*,*,#4863,.F.);
#4863 = EDGE_CURVE('',#4864,#4856,#4866,.T.);
#4864 = VERTEX_POINT('',#4865);
#4865 = CARTESIAN_POINT('',(332.9755,-124.4875,0.));
#4866 = LINE('',#4867,#4868);
#4867 = CARTESIAN_POINT('',(332.9755,-124.4875,0.));
#4868 = VECTOR('',#4869,1.);
#4869 = DIRECTION('',(0.,1.,0.));
#4870 = ORIENTED_EDGE('',*,*,#4871,.F.);
#4871 = EDGE_CURVE('',#4872,#4864,#4874,.T.);
#4872 = VERTEX_POINT('',#4873);
#4873 = CARTESIAN_POINT('',(332.4755,-124.9875,0.));
#4874 = CIRCLE('',#4875,0.500001333575);
#4875 = AXIS2_PLACEMENT_3D('',#4876,#4877,#4878);
#4876 = CARTESIAN_POINT('',(332.47549866642,-124.4874986664,0.));
#4877 = DIRECTION('',(0.,0.,1.));
#4878 = DIRECTION('',(2.667139304729E-06,-0.999999999996,0.));
#4879 = ORIENTED_EDGE('',*,*,#4880,.F.);
#4880 = EDGE_CURVE('',#4881,#4872,#4883,.T.);
#4881 = VERTEX_POINT('',#4882);
#4882 = CARTESIAN_POINT('',(326.4755,-124.9875,0.));
#4883 = LINE('',#4884,#4885);
#4884 = CARTESIAN_POINT('',(326.4755,-124.9875,0.));
#4885 = VECTOR('',#4886,1.);
#4886 = DIRECTION('',(1.,0.,0.));
#4887 = ORIENTED_EDGE('',*,*,#4888,.F.);
#4888 = EDGE_CURVE('',#4889,#4881,#4891,.T.);
#4889 = VERTEX_POINT('',#4890);
#4890 = CARTESIAN_POINT('',(325.9755,-124.4875,0.));
#4891 = CIRCLE('',#4892,0.500001333575);
#4892 = AXIS2_PLACEMENT_3D('',#4893,#4894,#4895);
#4893 = CARTESIAN_POINT('',(326.47550133357,-124.4874986664,0.));
#4894 = DIRECTION('',(0.,0.,1.));
#4895 = DIRECTION('',(-0.999999999996,-2.667139048935E-06,0.));
#4896 = ORIENTED_EDGE('',*,*,#4897,.F.);
#4897 = EDGE_CURVE('',#4898,#4889,#4900,.T.);
#4898 = VERTEX_POINT('',#4899);
#4899 = CARTESIAN_POINT('',(325.9755,-122.8755,0.));
#4900 = LINE('',#4901,#4902);
#4901 = CARTESIAN_POINT('',(325.9755,-122.8755,0.));
#4902 = VECTOR('',#4903,1.);
#4903 = DIRECTION('',(0.,-1.,0.));
#4904 = ORIENTED_EDGE('',*,*,#4905,.F.);
#4905 = EDGE_CURVE('',#4906,#4898,#4908,.T.);
#4906 = VERTEX_POINT('',#4907);
#4907 = CARTESIAN_POINT('',(324.5375,-122.8755,0.));
#4908 = LINE('',#4909,#4910);
#4909 = CARTESIAN_POINT('',(324.5375,-122.8755,0.));
#4910 = VECTOR('',#4911,1.);
#4911 = DIRECTION('',(1.,0.,0.));
#4912 = ORIENTED_EDGE('',*,*,#4913,.F.);
#4913 = EDGE_CURVE('',#4914,#4906,#4916,.T.);
#4914 = VERTEX_POINT('',#4915);
#4915 = CARTESIAN_POINT('',(324.5375,-123.4875,0.));
#4916 = LINE('',#4917,#4918);
#4917 = CARTESIAN_POINT('',(324.5375,-123.4875,0.));
#4918 = VECTOR('',#4919,1.);
#4919 = DIRECTION('',(0.,1.,0.));
#4920 = ORIENTED_EDGE('',*,*,#4921,.F.);
#4921 = EDGE_CURVE('',#4922,#4914,#4924,.T.);
#4922 = VERTEX_POINT('',#4923);
#4923 = CARTESIAN_POINT('',(324.0375,-123.9875,0.));
#4924 = CIRCLE('',#4925,0.500001333575);
#4925 = AXIS2_PLACEMENT_3D('',#4926,#4927,#4928);
#4926 = CARTESIAN_POINT('',(324.03749866642,-123.4874986664,0.));
#4927 = DIRECTION('',(0.,0.,1.));
#4928 = DIRECTION('',(2.667139304729E-06,-0.999999999996,0.));
#4929 = ORIENTED_EDGE('',*,*,#4930,.F.);
#4930 = EDGE_CURVE('',#4931,#4922,#4933,.T.);
#4931 = VERTEX_POINT('',#4932);
#4932 = CARTESIAN_POINT('',(309.0995,-123.9875,0.));
#4933 = LINE('',#4934,#4935);
#4934 = CARTESIAN_POINT('',(309.0995,-123.9875,0.));
#4935 = VECTOR('',#4936,1.);
#4936 = DIRECTION('',(1.,0.,0.));
#4937 = ORIENTED_EDGE('',*,*,#4938,.F.);
#4938 = EDGE_CURVE('',#4939,#4931,#4941,.T.);
#4939 = VERTEX_POINT('',#4940);
#4940 = CARTESIAN_POINT('',(309.0995,-124.4875,0.));
#4941 = LINE('',#4942,#4943);
#4942 = CARTESIAN_POINT('',(309.0995,-124.4875,0.));
#4943 = VECTOR('',#4944,1.);
#4944 = DIRECTION('',(0.,1.,0.));
#4945 = ORIENTED_EDGE('',*,*,#4946,.F.);
#4946 = EDGE_CURVE('',#4947,#4939,#4949,.T.);
#4947 = VERTEX_POINT('',#4948);
#4948 = CARTESIAN_POINT('',(308.5995,-124.9875,0.));
#4949 = CIRCLE('',#4950,0.500001333575);
#4950 = AXIS2_PLACEMENT_3D('',#4951,#4952,#4953);
#4951 = CARTESIAN_POINT('',(308.59949866642,-124.4874986664,0.));
#4952 = DIRECTION('',(0.,0.,1.));
#4953 = DIRECTION('',(2.667139077356E-06,-0.999999999996,0.));
#4954 = ORIENTED_EDGE('',*,*,#4955,.F.);
#4955 = EDGE_CURVE('',#4956,#4947,#4958,.T.);
#4956 = VERTEX_POINT('',#4957);
#4957 = CARTESIAN_POINT('',(302.5995,-124.9875,0.));
#4958 = LINE('',#4959,#4960);
#4959 = CARTESIAN_POINT('',(302.5995,-124.9875,0.));
#4960 = VECTOR('',#4961,1.);
#4961 = DIRECTION('',(1.,0.,0.));
#4962 = ORIENTED_EDGE('',*,*,#4963,.F.);
#4963 = EDGE_CURVE('',#4964,#4956,#4966,.T.);
#4964 = VERTEX_POINT('',#4965);
#4965 = CARTESIAN_POINT('',(302.0995,-124.4875,0.));
#4966 = CIRCLE('',#4967,0.500001333575);
#4967 = AXIS2_PLACEMENT_3D('',#4968,#4969,#4970);
#4968 = CARTESIAN_POINT('',(302.59950133357,-124.4874986664,0.));
#4969 = DIRECTION('',(0.,0.,1.));
#4970 = DIRECTION('',(-0.999999999996,-2.667139247886E-06,0.));
#4971 = ORIENTED_EDGE('',*,*,#4972,.F.);
#4972 = EDGE_CURVE('',#4973,#4964,#4975,.T.);
#4973 = VERTEX_POINT('',#4974);
#4974 = CARTESIAN_POINT('',(302.0995,-123.9875,0.));
#4975 = LINE('',#4976,#4977);
#4976 = CARTESIAN_POINT('',(302.0995,-123.9875,0.));
#4977 = VECTOR('',#4978,1.);
#4978 = DIRECTION('',(0.,-1.,0.));
#4979 = ORIENTED_EDGE('',*,*,#4980,.F.);
#4980 = EDGE_CURVE('',#4981,#4973,#4983,.T.);
#4981 = VERTEX_POINT('',#4982);
#4982 = CARTESIAN_POINT('',(299.1,-123.9875,0.));
#4983 = LINE('',#4984,#4985);
#4984 = CARTESIAN_POINT('',(299.1,-123.9875,0.));
#4985 = VECTOR('',#4986,1.);
#4986 = DIRECTION('',(1.,0.,0.));
#4987 = ORIENTED_EDGE('',*,*,#4988,.F.);
#4988 = EDGE_CURVE('',#4989,#4981,#4991,.T.);
#4989 = VERTEX_POINT('',#4990);
#4990 = CARTESIAN_POINT('',(298.6,-123.4875,0.));
#4991 = CIRCLE('',#4992,0.500001333575);
#4992 = AXIS2_PLACEMENT_3D('',#4993,#4994,#4995);
#4993 = CARTESIAN_POINT('',(299.10000133357,-123.4874986664,0.));
#4994 = DIRECTION('',(0.,0.,1.));
#4995 = DIRECTION('',(-0.999999999996,-2.667139048935E-06,0.));
#4996 = ORIENTED_EDGE('',*,*,#4997,.F.);
#4997 = EDGE_CURVE('',#4998,#4989,#5000,.T.);
#4998 = VERTEX_POINT('',#4999);
#4999 = CARTESIAN_POINT('',(298.6,-110.4875,0.));
#5000 = LINE('',#5001,#5002);
#5001 = CARTESIAN_POINT('',(298.6,-110.4875,0.));
#5002 = VECTOR('',#5003,1.);
#5003 = DIRECTION('',(0.,-1.,0.));
#5004 = ORIENTED_EDGE('',*,*,#5005,.F.);
#5005 = EDGE_CURVE('',#5006,#4998,#5008,.T.);
#5006 = VERTEX_POINT('',#5007);
#5007 = CARTESIAN_POINT('',(299.1,-109.9875,0.));
#5008 = CIRCLE('',#5009,0.500001333575);
#5009 = AXIS2_PLACEMENT_3D('',#5010,#5011,#5012);
#5010 = CARTESIAN_POINT('',(299.10000133357,-110.4875013335,0.));
#5011 = DIRECTION('',(0.,0.,1.));
#5012 = DIRECTION('',(-2.667139077356E-06,0.999999999996,0.));
#5013 = ORIENTED_EDGE('',*,*,#5014,.F.);
#5014 = EDGE_CURVE('',#5015,#5006,#5017,.T.);
#5015 = VERTEX_POINT('',#5016);
#5016 = CARTESIAN_POINT('',(320.0875,-109.9875,0.));
#5017 = LINE('',#5018,#5019);
#5018 = CARTESIAN_POINT('',(320.0875,-109.9875,0.));
#5019 = VECTOR('',#5020,1.);
#5020 = DIRECTION('',(-1.,0.,0.));
#5021 = ORIENTED_EDGE('',*,*,#5022,.F.);
#5022 = EDGE_CURVE('',#5023,#5015,#5025,.T.);
#5023 = VERTEX_POINT('',#5024);
#5024 = CARTESIAN_POINT('',(320.0875,-104.8875,0.));
#5025 = LINE('',#5026,#5027);
#5026 = CARTESIAN_POINT('',(320.0875,-104.8875,0.));
#5027 = VECTOR('',#5028,1.);
#5028 = DIRECTION('',(0.,-1.,0.));
#5029 = ORIENTED_EDGE('',*,*,#5030,.F.);
#5030 = EDGE_CURVE('',#5031,#5023,#5033,.T.);
#5031 = VERTEX_POINT('',#5032);
#5032 = CARTESIAN_POINT('',(318.2,-104.8875,0.));
#5033 = LINE('',#5034,#5035);
#5034 = CARTESIAN_POINT('',(318.2,-104.8875,0.));
#5035 = VECTOR('',#5036,1.);
#5036 = DIRECTION('',(1.,0.,0.));
#5037 = ORIENTED_EDGE('',*,*,#5038,.F.);
#5038 = EDGE_CURVE('',#5039,#5031,#5041,.T.);
#5039 = VERTEX_POINT('',#5040);
#5040 = CARTESIAN_POINT('',(317.7,-104.3875,0.));
#5041 = CIRCLE('',#5042,0.500001333575);
#5042 = AXIS2_PLACEMENT_3D('',#5043,#5044,#5045);
#5043 = CARTESIAN_POINT('',(318.20000133357,-104.3874986664,0.));
#5044 = DIRECTION('',(0.,0.,1.));
#5045 = DIRECTION('',(-0.999999999996,-2.667139276307E-06,0.));
#5046 = ORIENTED_EDGE('',*,*,#5047,.F.);
#5047 = EDGE_CURVE('',#4688,#5039,#5048,.T.);
#5048 = LINE('',#5049,#5050);
#5049 = CARTESIAN_POINT('',(317.7,-91.3875,0.));
#5050 = VECTOR('',#5051,1.);
#5051 = DIRECTION('',(0.,-1.,0.));
#5052 = FACE_BOUND('',#5053,.F.);
#5053 = EDGE_LOOP('',(#5054,#5065,#5073,#5082,#5090,#5099,#5107,#5116));
#5054 = ORIENTED_EDGE('',*,*,#5055,.F.);
#5055 = EDGE_CURVE('',#5056,#5058,#5060,.T.);
#5056 = VERTEX_POINT('',#5057);
#5057 = CARTESIAN_POINT('',(294.325,-90.8875,0.));
#5058 = VERTEX_POINT('',#5059);
#5059 = CARTESIAN_POINT('',(293.825,-91.3875,0.));
#5060 = CIRCLE('',#5061,0.500001333575);
#5061 = AXIS2_PLACEMENT_3D('',#5062,#5063,#5064);
#5062 = CARTESIAN_POINT('',(294.32500133357,-91.38750133357,0.));
#5063 = DIRECTION('',(0.,0.,1.));
#5064 = DIRECTION('',(-2.667139191042E-06,0.999999999996,0.));
#5065 = ORIENTED_EDGE('',*,*,#5066,.F.);
#5066 = EDGE_CURVE('',#5067,#5056,#5069,.T.);
#5067 = VERTEX_POINT('',#5068);
#5068 = CARTESIAN_POINT('',(307.325,-90.8875,0.));
#5069 = LINE('',#5070,#5071);
#5070 = CARTESIAN_POINT('',(307.325,-90.8875,0.));
#5071 = VECTOR('',#5072,1.);
#5072 = DIRECTION('',(-1.,0.,0.));
#5073 = ORIENTED_EDGE('',*,*,#5074,.F.);
#5074 = EDGE_CURVE('',#5075,#5067,#5077,.T.);
#5075 = VERTEX_POINT('',#5076);
#5076 = CARTESIAN_POINT('',(307.825,-91.3875,0.));
#5077 = CIRCLE('',#5078,0.500001333575);
#5078 = AXIS2_PLACEMENT_3D('',#5079,#5080,#5081);
#5079 = CARTESIAN_POINT('',(307.32499866642,-91.38750133357,0.));
#5080 = DIRECTION('',(0.,0.,1.));
#5081 = DIRECTION('',(0.999999999996,2.667139048935E-06,-0.));
#5082 = ORIENTED_EDGE('',*,*,#5083,.F.);
#5083 = EDGE_CURVE('',#5084,#5075,#5086,.T.);
#5084 = VERTEX_POINT('',#5085);
#5085 = CARTESIAN_POINT('',(307.825,-104.3875,0.));
#5086 = LINE('',#5087,#5088);
#5087 = CARTESIAN_POINT('',(307.825,-104.3875,0.));
#5088 = VECTOR('',#5089,1.);
#5089 = DIRECTION('',(0.,1.,0.));
#5090 = ORIENTED_EDGE('',*,*,#5091,.F.);
#5091 = EDGE_CURVE('',#5092,#5084,#5094,.T.);
#5092 = VERTEX_POINT('',#5093);
#5093 = CARTESIAN_POINT('',(307.325,-104.8875,0.));
#5094 = CIRCLE('',#5095,0.500001333575);
#5095 = AXIS2_PLACEMENT_3D('',#5096,#5097,#5098);
#5096 = CARTESIAN_POINT('',(307.32499866642,-104.3874986664,0.));
#5097 = DIRECTION('',(0.,0.,1.));
#5098 = DIRECTION('',(2.667139077356E-06,-0.999999999996,0.));
#5099 = ORIENTED_EDGE('',*,*,#5100,.F.);
#5100 = EDGE_CURVE('',#5101,#5092,#5103,.T.);
#5101 = VERTEX_POINT('',#5102);
#5102 = CARTESIAN_POINT('',(294.325,-104.8875,0.));
#5103 = LINE('',#5104,#5105);
#5104 = CARTESIAN_POINT('',(294.325,-104.8875,0.));
#5105 = VECTOR('',#5106,1.);
#5106 = DIRECTION('',(1.,0.,0.));
#5107 = ORIENTED_EDGE('',*,*,#5108,.F.);
#5108 = EDGE_CURVE('',#5109,#5101,#5111,.T.);
#5109 = VERTEX_POINT('',#5110);
#5110 = CARTESIAN_POINT('',(293.825,-104.3875,0.));
#5111 = CIRCLE('',#5112,0.500001333575);
#5112 = AXIS2_PLACEMENT_3D('',#5113,#5114,#5115);
#5113 = CARTESIAN_POINT('',(294.32500133357,-104.3874986664,0.));
#5114 = DIRECTION('',(0.,0.,1.));
#5115 = DIRECTION('',(-0.999999999996,-2.667139276307E-06,0.));
#5116 = ORIENTED_EDGE('',*,*,#5117,.F.);
#5117 = EDGE_CURVE('',#5058,#5109,#5118,.T.);
#5118 = LINE('',#5119,#5120);
#5119 = CARTESIAN_POINT('',(293.825,-91.3875,0.));
#5120 = VECTOR('',#5121,1.);
#5121 = DIRECTION('',(0.,-1.,0.));
#5122 = FACE_BOUND('',#5123,.F.);
#5123 = EDGE_LOOP('',(#5124,#5135,#5143,#5152,#5160,#5169,#5177,#5186));
#5124 = ORIENTED_EDGE('',*,*,#5125,.F.);
#5125 = EDGE_CURVE('',#5126,#5128,#5130,.T.);
#5126 = VERTEX_POINT('',#5127);
#5127 = CARTESIAN_POINT('',(342.075,-90.8875,0.));
#5128 = VERTEX_POINT('',#5129);
#5129 = CARTESIAN_POINT('',(341.575,-91.3875,0.));
#5130 = CIRCLE('',#5131,0.500001333575);
#5131 = AXIS2_PLACEMENT_3D('',#5132,#5133,#5134);
#5132 = CARTESIAN_POINT('',(342.07500133357,-91.38750133357,0.));
#5133 = DIRECTION('',(0.,0.,1.));
#5134 = DIRECTION('',(-2.667139191042E-06,0.999999999996,0.));
#5135 = ORIENTED_EDGE('',*,*,#5136,.F.);
#5136 = EDGE_CURVE('',#5137,#5126,#5139,.T.);
#5137 = VERTEX_POINT('',#5138);
#5138 = CARTESIAN_POINT('',(355.075,-90.8875,0.));
#5139 = LINE('',#5140,#5141);
#5140 = CARTESIAN_POINT('',(355.075,-90.8875,0.));
#5141 = VECTOR('',#5142,1.);
#5142 = DIRECTION('',(-1.,0.,0.));
#5143 = ORIENTED_EDGE('',*,*,#5144,.F.);
#5144 = EDGE_CURVE('',#5145,#5137,#5147,.T.);
#5145 = VERTEX_POINT('',#5146);
#5146 = CARTESIAN_POINT('',(355.575,-91.3875,0.));
#5147 = CIRCLE('',#5148,0.500001333575);
#5148 = AXIS2_PLACEMENT_3D('',#5149,#5150,#5151);
#5149 = CARTESIAN_POINT('',(355.07499866642,-91.38750133357,0.));
#5150 = DIRECTION('',(0.,0.,1.));
#5151 = DIRECTION('',(0.999999999996,2.667139048935E-06,-0.));
#5152 = ORIENTED_EDGE('',*,*,#5153,.F.);
#5153 = EDGE_CURVE('',#5154,#5145,#5156,.T.);
#5154 = VERTEX_POINT('',#5155);
#5155 = CARTESIAN_POINT('',(355.575,-104.3875,0.));
#5156 = LINE('',#5157,#5158);
#5157 = CARTESIAN_POINT('',(355.575,-104.3875,0.));
#5158 = VECTOR('',#5159,1.);
#5159 = DIRECTION('',(0.,1.,0.));
#5160 = ORIENTED_EDGE('',*,*,#5161,.F.);
#5161 = EDGE_CURVE('',#5162,#5154,#5164,.T.);
#5162 = VERTEX_POINT('',#5163);
#5163 = CARTESIAN_POINT('',(355.075,-104.8875,0.));
#5164 = CIRCLE('',#5165,0.500001333575);
#5165 = AXIS2_PLACEMENT_3D('',#5166,#5167,#5168);
#5166 = CARTESIAN_POINT('',(355.07499866642,-104.3874986664,0.));
#5167 = DIRECTION('',(0.,0.,1.));
#5168 = DIRECTION('',(2.667139077356E-06,-0.999999999996,0.));
#5169 = ORIENTED_EDGE('',*,*,#5170,.F.);
#5170 = EDGE_CURVE('',#5171,#5162,#5173,.T.);
#5171 = VERTEX_POINT('',#5172);
#5172 = CARTESIAN_POINT('',(342.075,-104.8875,0.));
#5173 = LINE('',#5174,#5175);
#5174 = CARTESIAN_POINT('',(342.075,-104.8875,0.));
#5175 = VECTOR('',#5176,1.);
#5176 = DIRECTION('',(1.,0.,0.));
#5177 = ORIENTED_EDGE('',*,*,#5178,.F.);
#5178 = EDGE_CURVE('',#5179,#5171,#5181,.T.);
#5179 = VERTEX_POINT('',#5180);
#5180 = CARTESIAN_POINT('',(341.575,-104.3875,0.));
#5181 = CIRCLE('',#5182,0.500001333575);
#5182 = AXIS2_PLACEMENT_3D('',#5183,#5184,#5185);
#5183 = CARTESIAN_POINT('',(342.07500133357,-104.3874986664,0.));
#5184 = DIRECTION('',(0.,0.,1.));
#5185 = DIRECTION('',(-0.999999999996,-2.667139276307E-06,0.));
#5186 = ORIENTED_EDGE('',*,*,#5187,.F.);
#5187 = EDGE_CURVE('',#5128,#5179,#5188,.T.);
#5188 = LINE('',#5189,#5190);
#5189 = CARTESIAN_POINT('',(341.575,-91.3875,0.));
#5190 = VECTOR('',#5191,1.);
#5191 = DIRECTION('',(0.,-1.,0.));
#5192 = FACE_BOUND('',#5193,.F.);
#5193 = EDGE_LOOP('',(#5194,#5205,#5213,#5222,#5230,#5239,#5247,#5256));
#5194 = ORIENTED_EDGE('',*,*,#5195,.F.);
#5195 = EDGE_CURVE('',#5196,#5198,#5200,.T.);
#5196 = VERTEX_POINT('',#5197);
#5197 = CARTESIAN_POINT('',(208.375,-71.7875,0.));
#5198 = VERTEX_POINT('',#5199);
#5199 = CARTESIAN_POINT('',(207.875,-72.2875,0.));
#5200 = CIRCLE('',#5201,0.500001333575);
#5201 = AXIS2_PLACEMENT_3D('',#5202,#5203,#5204);
#5202 = CARTESIAN_POINT('',(208.37500133357,-72.28750133357,0.));
#5203 = DIRECTION('',(0.,0.,1.));
#5204 = DIRECTION('',(-2.667139191042E-06,0.999999999996,0.));
#5205 = ORIENTED_EDGE('',*,*,#5206,.F.);
#5206 = EDGE_CURVE('',#5207,#5196,#5209,.T.);
#5207 = VERTEX_POINT('',#5208);
#5208 = CARTESIAN_POINT('',(221.375,-71.7875,0.));
#5209 = LINE('',#5210,#5211);
#5210 = CARTESIAN_POINT('',(221.375,-71.7875,0.));
#5211 = VECTOR('',#5212,1.);
#5212 = DIRECTION('',(-1.,0.,0.));
#5213 = ORIENTED_EDGE('',*,*,#5214,.F.);
#5214 = EDGE_CURVE('',#5215,#5207,#5217,.T.);
#5215 = VERTEX_POINT('',#5216);
#5216 = CARTESIAN_POINT('',(221.875,-72.2875,0.));
#5217 = CIRCLE('',#5218,0.500001333575);
#5218 = AXIS2_PLACEMENT_3D('',#5219,#5220,#5221);
#5219 = CARTESIAN_POINT('',(221.37499866642,-72.28750133357,0.));
#5220 = DIRECTION('',(0.,0.,1.));
#5221 = DIRECTION('',(0.999999999996,2.667139219464E-06,-0.));
#5222 = ORIENTED_EDGE('',*,*,#5223,.F.);
#5223 = EDGE_CURVE('',#5224,#5215,#5226,.T.);
#5224 = VERTEX_POINT('',#5225);
#5225 = CARTESIAN_POINT('',(221.875,-85.2875,0.));
#5226 = LINE('',#5227,#5228);
#5227 = CARTESIAN_POINT('',(221.875,-85.2875,0.));
#5228 = VECTOR('',#5229,1.);
#5229 = DIRECTION('',(0.,1.,0.));
#5230 = ORIENTED_EDGE('',*,*,#5231,.F.);
#5231 = EDGE_CURVE('',#5232,#5224,#5234,.T.);
#5232 = VERTEX_POINT('',#5233);
#5233 = CARTESIAN_POINT('',(221.375,-85.7875,0.));
#5234 = CIRCLE('',#5235,0.500001333575);
#5235 = AXIS2_PLACEMENT_3D('',#5236,#5237,#5238);
#5236 = CARTESIAN_POINT('',(221.37499866642,-85.28749866642,0.));
#5237 = DIRECTION('',(0.,0.,1.));
#5238 = DIRECTION('',(2.667139134199E-06,-0.999999999996,0.));
#5239 = ORIENTED_EDGE('',*,*,#5240,.F.);
#5240 = EDGE_CURVE('',#5241,#5232,#5243,.T.);
#5241 = VERTEX_POINT('',#5242);
#5242 = CARTESIAN_POINT('',(208.375,-85.7875,0.));
#5243 = LINE('',#5244,#5245);
#5244 = CARTESIAN_POINT('',(208.375,-85.7875,0.));
#5245 = VECTOR('',#5246,1.);
#5246 = DIRECTION('',(1.,0.,0.));
#5247 = ORIENTED_EDGE('',*,*,#5248,.F.);
#5248 = EDGE_CURVE('',#5249,#5241,#5251,.T.);
#5249 = VERTEX_POINT('',#5250);
#5250 = CARTESIAN_POINT('',(207.875,-85.2875,0.));
#5251 = CIRCLE('',#5252,0.500001333575);
#5252 = AXIS2_PLACEMENT_3D('',#5253,#5254,#5255);
#5253 = CARTESIAN_POINT('',(208.37500133357,-85.28749866642,0.));
#5254 = DIRECTION('',(0.,0.,1.));
#5255 = DIRECTION('',(-0.999999999996,-2.667139134199E-06,0.));
#5256 = ORIENTED_EDGE('',*,*,#5257,.F.);
#5257 = EDGE_CURVE('',#5198,#5249,#5258,.T.);
#5258 = LINE('',#5259,#5260);
#5259 = CARTESIAN_POINT('',(207.875,-72.2875,0.));
#5260 = VECTOR('',#5261,1.);
#5261 = DIRECTION('',(0.,-1.,0.));
#5262 = FACE_BOUND('',#5263,.F.);
#5263 = EDGE_LOOP('',(#5264,#5275,#5283,#5292,#5300,#5309,#5317,#5326));
#5264 = ORIENTED_EDGE('',*,*,#5265,.F.);
#5265 = EDGE_CURVE('',#5266,#5268,#5270,.T.);
#5266 = VERTEX_POINT('',#5267);
#5267 = CARTESIAN_POINT('',(227.475,-71.7875,0.));
#5268 = VERTEX_POINT('',#5269);
#5269 = CARTESIAN_POINT('',(226.975,-72.2875,0.));
#5270 = CIRCLE('',#5271,0.500001333575);
#5271 = AXIS2_PLACEMENT_3D('',#5272,#5273,#5274);
#5272 = CARTESIAN_POINT('',(227.47500133357,-72.28750133357,0.));
#5273 = DIRECTION('',(0.,0.,1.));
#5274 = DIRECTION('',(-2.667139247886E-06,0.999999999996,0.));
#5275 = ORIENTED_EDGE('',*,*,#5276,.F.);
#5276 = EDGE_CURVE('',#5277,#5266,#5279,.T.);
#5277 = VERTEX_POINT('',#5278);
#5278 = CARTESIAN_POINT('',(240.475,-71.7875,0.));
#5279 = LINE('',#5280,#5281);
#5280 = CARTESIAN_POINT('',(240.475,-71.7875,0.));
#5281 = VECTOR('',#5282,1.);
#5282 = DIRECTION('',(-1.,0.,0.));
#5283 = ORIENTED_EDGE('',*,*,#5284,.F.);
#5284 = EDGE_CURVE('',#5285,#5277,#5287,.T.);
#5285 = VERTEX_POINT('',#5286);
#5286 = CARTESIAN_POINT('',(240.975,-72.2875,0.));
#5287 = CIRCLE('',#5288,0.500001333575);
#5288 = AXIS2_PLACEMENT_3D('',#5289,#5290,#5291);
#5289 = CARTESIAN_POINT('',(240.47499866642,-72.28750133357,0.));
#5290 = DIRECTION('',(0.,0.,1.));
#5291 = DIRECTION('',(0.999999999996,2.667139219464E-06,-0.));
#5292 = ORIENTED_EDGE('',*,*,#5293,.F.);
#5293 = EDGE_CURVE('',#5294,#5285,#5296,.T.);
#5294 = VERTEX_POINT('',#5295);
#5295 = CARTESIAN_POINT('',(240.975,-85.2875,0.));
#5296 = LINE('',#5297,#5298);
#5297 = CARTESIAN_POINT('',(240.975,-85.2875,0.));
#5298 = VECTOR('',#5299,1.);
#5299 = DIRECTION('',(0.,1.,0.));
#5300 = ORIENTED_EDGE('',*,*,#5301,.F.);
#5301 = EDGE_CURVE('',#5302,#5294,#5304,.T.);
#5302 = VERTEX_POINT('',#5303);
#5303 = CARTESIAN_POINT('',(240.475,-85.7875,0.));
#5304 = CIRCLE('',#5305,0.500001333575);
#5305 = AXIS2_PLACEMENT_3D('',#5306,#5307,#5308);
#5306 = CARTESIAN_POINT('',(240.47499866642,-85.28749866642,0.));
#5307 = DIRECTION('',(0.,0.,1.));
#5308 = DIRECTION('',(2.667139191043E-06,-0.999999999996,0.));
#5309 = ORIENTED_EDGE('',*,*,#5310,.F.);
#5310 = EDGE_CURVE('',#5311,#5302,#5313,.T.);
#5311 = VERTEX_POINT('',#5312);
#5312 = CARTESIAN_POINT('',(227.475,-85.7875,0.));
#5313 = LINE('',#5314,#5315);
#5314 = CARTESIAN_POINT('',(227.475,-85.7875,0.));
#5315 = VECTOR('',#5316,1.);
#5316 = DIRECTION('',(1.,0.,0.));
#5317 = ORIENTED_EDGE('',*,*,#5318,.F.);
#5318 = EDGE_CURVE('',#5319,#5311,#5321,.T.);
#5319 = VERTEX_POINT('',#5320);
#5320 = CARTESIAN_POINT('',(226.975,-85.2875,0.));
#5321 = CIRCLE('',#5322,0.500001333575);
#5322 = AXIS2_PLACEMENT_3D('',#5323,#5324,#5325);
#5323 = CARTESIAN_POINT('',(227.47500133357,-85.28749866642,0.));
#5324 = DIRECTION('',(0.,0.,1.));
#5325 = DIRECTION('',(-0.999999999996,-2.667139134199E-06,0.));
#5326 = ORIENTED_EDGE('',*,*,#5327,.F.);
#5327 = EDGE_CURVE('',#5268,#5319,#5328,.T.);
#5328 = LINE('',#5329,#5330);
#5329 = CARTESIAN_POINT('',(226.975,-72.2875,0.));
#5330 = VECTOR('',#5331,1.);
#5331 = DIRECTION('',(0.,-1.,0.));
#5332 = FACE_BOUND('',#5333,.F.);
#5333 = EDGE_LOOP('',(#5334,#5345,#5353,#5362,#5370,#5379,#5387,#5396));
#5334 = ORIENTED_EDGE('',*,*,#5335,.F.);
#5335 = EDGE_CURVE('',#5336,#5338,#5340,.T.);
#5336 = VERTEX_POINT('',#5337);
#5337 = CARTESIAN_POINT('',(246.575,-71.7875,0.));
#5338 = VERTEX_POINT('',#5339);
#5339 = CARTESIAN_POINT('',(246.075,-72.2875,0.));
#5340 = CIRCLE('',#5341,0.500001333575);
#5341 = AXIS2_PLACEMENT_3D('',#5342,#5343,#5344);
#5342 = CARTESIAN_POINT('',(246.57500133357,-72.28750133357,0.));
#5343 = DIRECTION('',(0.,0.,1.));
#5344 = DIRECTION('',(-2.667139304729E-06,0.999999999996,0.));
#5345 = ORIENTED_EDGE('',*,*,#5346,.F.);
#5346 = EDGE_CURVE('',#5347,#5336,#5349,.T.);
#5347 = VERTEX_POINT('',#5348);
#5348 = CARTESIAN_POINT('',(259.575,-71.7875,0.));
#5349 = LINE('',#5350,#5351);
#5350 = CARTESIAN_POINT('',(259.575,-71.7875,0.));
#5351 = VECTOR('',#5352,1.);
#5352 = DIRECTION('',(-1.,0.,0.));
#5353 = ORIENTED_EDGE('',*,*,#5354,.F.);
#5354 = EDGE_CURVE('',#5355,#5347,#5357,.T.);
#5355 = VERTEX_POINT('',#5356);
#5356 = CARTESIAN_POINT('',(260.075,-72.2875,0.));
#5357 = CIRCLE('',#5358,0.500001333575);
#5358 = AXIS2_PLACEMENT_3D('',#5359,#5360,#5361);
#5359 = CARTESIAN_POINT('',(259.57499866642,-72.28750133357,0.));
#5360 = DIRECTION('',(0.,0.,1.));
#5361 = DIRECTION('',(0.999999999996,2.667139105778E-06,-0.));
#5362 = ORIENTED_EDGE('',*,*,#5363,.F.);
#5363 = EDGE_CURVE('',#5364,#5355,#5366,.T.);
#5364 = VERTEX_POINT('',#5365);
#5365 = CARTESIAN_POINT('',(260.075,-85.2875,0.));
#5366 = LINE('',#5367,#5368);
#5367 = CARTESIAN_POINT('',(260.075,-85.2875,0.));
#5368 = VECTOR('',#5369,1.);
#5369 = DIRECTION('',(0.,1.,0.));
#5370 = ORIENTED_EDGE('',*,*,#5371,.F.);
#5371 = EDGE_CURVE('',#5372,#5364,#5374,.T.);
#5372 = VERTEX_POINT('',#5373);
#5373 = CARTESIAN_POINT('',(259.575,-85.7875,0.));
#5374 = CIRCLE('',#5375,0.500001333575);
#5375 = AXIS2_PLACEMENT_3D('',#5376,#5377,#5378);
#5376 = CARTESIAN_POINT('',(259.57499866642,-85.28749866642,0.));
#5377 = DIRECTION('',(0.,0.,1.));
#5378 = DIRECTION('',(2.667139077356E-06,-0.999999999996,0.));
#5379 = ORIENTED_EDGE('',*,*,#5380,.F.);
#5380 = EDGE_CURVE('',#5381,#5372,#5383,.T.);
#5381 = VERTEX_POINT('',#5382);
#5382 = CARTESIAN_POINT('',(246.575,-85.7875,0.));
#5383 = LINE('',#5384,#5385);
#5384 = CARTESIAN_POINT('',(246.575,-85.7875,0.));
#5385 = VECTOR('',#5386,1.);
#5386 = DIRECTION('',(1.,0.,0.));
#5387 = ORIENTED_EDGE('',*,*,#5388,.F.);
#5388 = EDGE_CURVE('',#5389,#5381,#5391,.T.);
#5389 = VERTEX_POINT('',#5390);
#5390 = CARTESIAN_POINT('',(246.075,-85.2875,0.));
#5391 = CIRCLE('',#5392,0.500001333575);
#5392 = AXIS2_PLACEMENT_3D('',#5393,#5394,#5395);
#5393 = CARTESIAN_POINT('',(246.57500133357,-85.28749866642,0.));
#5394 = DIRECTION('',(0.,0.,1.));
#5395 = DIRECTION('',(-0.999999999996,-2.667139247886E-06,0.));
#5396 = ORIENTED_EDGE('',*,*,#5397,.F.);
#5397 = EDGE_CURVE('',#5338,#5389,#5398,.T.);
#5398 = LINE('',#5399,#5400);
#5399 = CARTESIAN_POINT('',(246.075,-72.2875,0.));
#5400 = VECTOR('',#5401,1.);
#5401 = DIRECTION('',(0.,-1.,0.));
#5402 = FACE_BOUND('',#5403,.F.);
#5403 = EDGE_LOOP('',(#5404,#5415,#5423,#5432,#5440,#5449,#5457,#5466));
#5404 = ORIENTED_EDGE('',*,*,#5405,.F.);
#5405 = EDGE_CURVE('',#5406,#5408,#5410,.T.);
#5406 = VERTEX_POINT('',#5407);
#5407 = CARTESIAN_POINT('',(265.675,-71.7875,0.));
#5408 = VERTEX_POINT('',#5409);
#5409 = CARTESIAN_POINT('',(265.175,-72.2875,0.));
#5410 = CIRCLE('',#5411,0.500001333575);
#5411 = AXIS2_PLACEMENT_3D('',#5412,#5413,#5414);
#5412 = CARTESIAN_POINT('',(265.67500133357,-72.28750133357,0.));
#5413 = DIRECTION('',(0.,0.,1.));
#5414 = DIRECTION('',(-2.667139077356E-06,0.999999999996,0.));
#5415 = ORIENTED_EDGE('',*,*,#5416,.F.);
#5416 = EDGE_CURVE('',#5417,#5406,#5419,.T.);
#5417 = VERTEX_POINT('',#5418);
#5418 = CARTESIAN_POINT('',(278.675,-71.7875,0.));
#5419 = LINE('',#5420,#5421);
#5420 = CARTESIAN_POINT('',(278.675,-71.7875,0.));
#5421 = VECTOR('',#5422,1.);
#5422 = DIRECTION('',(-1.,0.,0.));
#5423 = ORIENTED_EDGE('',*,*,#5424,.F.);
#5424 = EDGE_CURVE('',#5425,#5417,#5427,.T.);
#5425 = VERTEX_POINT('',#5426);
#5426 = CARTESIAN_POINT('',(279.175,-72.2875,0.));
#5427 = CIRCLE('',#5428,0.500001333575);
#5428 = AXIS2_PLACEMENT_3D('',#5429,#5430,#5431);
#5429 = CARTESIAN_POINT('',(278.67499866642,-72.28750133357,0.));
#5430 = DIRECTION('',(0.,0.,1.));
#5431 = DIRECTION('',(0.999999999996,2.667139304729E-06,-0.));
#5432 = ORIENTED_EDGE('',*,*,#5433,.F.);
#5433 = EDGE_CURVE('',#5434,#5425,#5436,.T.);
#5434 = VERTEX_POINT('',#5435);
#5435 = CARTESIAN_POINT('',(279.175,-85.2875,0.));
#5436 = LINE('',#5437,#5438);
#5437 = CARTESIAN_POINT('',(279.175,-85.2875,0.));
#5438 = VECTOR('',#5439,1.);
#5439 = DIRECTION('',(0.,1.,0.));
#5440 = ORIENTED_EDGE('',*,*,#5441,.F.);
#5441 = EDGE_CURVE('',#5442,#5434,#5444,.T.);
#5442 = VERTEX_POINT('',#5443);
#5443 = CARTESIAN_POINT('',(278.675,-85.7875,0.));
#5444 = CIRCLE('',#5445,0.500001333575);
#5445 = AXIS2_PLACEMENT_3D('',#5446,#5447,#5448);
#5446 = CARTESIAN_POINT('',(278.67499866642,-85.28749866642,0.));
#5447 = DIRECTION('',(0.,0.,1.));
#5448 = DIRECTION('',(2.667139191042E-06,-0.999999999996,0.));
#5449 = ORIENTED_EDGE('',*,*,#5450,.F.);
#5450 = EDGE_CURVE('',#5451,#5442,#5453,.T.);
#5451 = VERTEX_POINT('',#5452);
#5452 = CARTESIAN_POINT('',(265.675,-85.7875,0.));
#5453 = LINE('',#5454,#5455);
#5454 = CARTESIAN_POINT('',(265.675,-85.7875,0.));
#5455 = VECTOR('',#5456,1.);
#5456 = DIRECTION('',(1.,0.,0.));
#5457 = ORIENTED_EDGE('',*,*,#5458,.F.);
#5458 = EDGE_CURVE('',#5459,#5451,#5461,.T.);
#5459 = VERTEX_POINT('',#5460);
#5460 = CARTESIAN_POINT('',(265.175,-85.2875,0.));
#5461 = CIRCLE('',#5462,0.500001333575);
#5462 = AXIS2_PLACEMENT_3D('',#5463,#5464,#5465);
#5463 = CARTESIAN_POINT('',(265.67500133357,-85.28749866642,0.));
#5464 = DIRECTION('',(0.,0.,1.));
#5465 = DIRECTION('',(-0.999999999996,-2.667139048935E-06,0.));
#5466 = ORIENTED_EDGE('',*,*,#5467,.F.);
#5467 = EDGE_CURVE('',#5408,#5459,#5468,.T.);
#5468 = LINE('',#5469,#5470);
#5469 = CARTESIAN_POINT('',(265.175,-72.2875,0.));
#5470 = VECTOR('',#5471,1.);
#5471 = DIRECTION('',(0.,-1.,0.));
#5472 = FACE_BOUND('',#5473,.F.);
#5473 = EDGE_LOOP('',(#5474,#5485,#5493,#5502,#5510,#5519,#5527,#5536));
#5474 = ORIENTED_EDGE('',*,*,#5475,.F.);
#5475 = EDGE_CURVE('',#5476,#5478,#5480,.T.);
#5476 = VERTEX_POINT('',#5477);
#5477 = CARTESIAN_POINT('',(284.775,-71.7875,0.));
#5478 = VERTEX_POINT('',#5479);
#5479 = CARTESIAN_POINT('',(284.275,-72.2875,0.));
#5480 = CIRCLE('',#5481,0.500001333575);
#5481 = AXIS2_PLACEMENT_3D('',#5482,#5483,#5484);
#5482 = CARTESIAN_POINT('',(284.77500133357,-72.28750133357,0.));
#5483 = DIRECTION('',(0.,0.,1.));
#5484 = DIRECTION('',(-2.667139304729E-06,0.999999999996,0.));
#5485 = ORIENTED_EDGE('',*,*,#5486,.F.);
#5486 = EDGE_CURVE('',#5487,#5476,#5489,.T.);
#5487 = VERTEX_POINT('',#5488);
#5488 = CARTESIAN_POINT('',(297.775,-71.7875,0.));
#5489 = LINE('',#5490,#5491);
#5490 = CARTESIAN_POINT('',(297.775,-71.7875,0.));
#5491 = VECTOR('',#5492,1.);
#5492 = DIRECTION('',(-1.,0.,0.));
#5493 = ORIENTED_EDGE('',*,*,#5494,.F.);
#5494 = EDGE_CURVE('',#5495,#5487,#5497,.T.);
#5495 = VERTEX_POINT('',#5496);
#5496 = CARTESIAN_POINT('',(298.275,-72.2875,0.));
#5497 = CIRCLE('',#5498,0.500001333575);
#5498 = AXIS2_PLACEMENT_3D('',#5499,#5500,#5501);
#5499 = CARTESIAN_POINT('',(297.77499866642,-72.28750133357,0.));
#5500 = DIRECTION('',(0.,0.,1.));
#5501 = DIRECTION('',(0.999999999996,2.667139105778E-06,-0.));
#5502 = ORIENTED_EDGE('',*,*,#5503,.F.);
#5503 = EDGE_CURVE('',#5504,#5495,#5506,.T.);
#5504 = VERTEX_POINT('',#5505);
#5505 = CARTESIAN_POINT('',(298.275,-85.2875,0.));
#5506 = LINE('',#5507,#5508);
#5507 = CARTESIAN_POINT('',(298.275,-85.2875,0.));
#5508 = VECTOR('',#5509,1.);
#5509 = DIRECTION('',(0.,1.,0.));
#5510 = ORIENTED_EDGE('',*,*,#5511,.F.);
#5511 = EDGE_CURVE('',#5512,#5504,#5514,.T.);
#5512 = VERTEX_POINT('',#5513);
#5513 = CARTESIAN_POINT('',(297.775,-85.7875,0.));
#5514 = CIRCLE('',#5515,0.500001333575);
#5515 = AXIS2_PLACEMENT_3D('',#5516,#5517,#5518);
#5516 = CARTESIAN_POINT('',(297.77499866642,-85.28749866642,0.));
#5517 = DIRECTION('',(0.,0.,1.));
#5518 = DIRECTION('',(2.667139077356E-06,-0.999999999996,0.));
#5519 = ORIENTED_EDGE('',*,*,#5520,.F.);
#5520 = EDGE_CURVE('',#5521,#5512,#5523,.T.);
#5521 = VERTEX_POINT('',#5522);
#5522 = CARTESIAN_POINT('',(284.775,-85.7875,0.));
#5523 = LINE('',#5524,#5525);
#5524 = CARTESIAN_POINT('',(284.775,-85.7875,0.));
#5525 = VECTOR('',#5526,1.);
#5526 = DIRECTION('',(1.,0.,0.));
#5527 = ORIENTED_EDGE('',*,*,#5528,.F.);
#5528 = EDGE_CURVE('',#5529,#5521,#5531,.T.);
#5529 = VERTEX_POINT('',#5530);
#5530 = CARTESIAN_POINT('',(284.275,-85.2875,0.));
#5531 = CIRCLE('',#5532,0.500001333575);
#5532 = AXIS2_PLACEMENT_3D('',#5533,#5534,#5535);
#5533 = CARTESIAN_POINT('',(284.77500133357,-85.28749866642,0.));
#5534 = DIRECTION('',(0.,0.,1.));
#5535 = DIRECTION('',(-0.999999999996,-2.667139247885E-06,0.));
#5536 = ORIENTED_EDGE('',*,*,#5537,.F.);
#5537 = EDGE_CURVE('',#5478,#5529,#5538,.T.);
#5538 = LINE('',#5539,#5540);
#5539 = CARTESIAN_POINT('',(284.275,-72.2875,0.));
#5540 = VECTOR('',#5541,1.);
#5541 = DIRECTION('',(0.,-1.,0.));
#5542 = FACE_BOUND('',#5543,.F.);
#5543 = EDGE_LOOP('',(#5544,#5555,#5563,#5572,#5580,#5589,#5597,#5605,
    #5614,#5622,#5631,#5639,#5647,#5655,#5664,#5672,#5681,#5689,#5697,
    #5706));
#5544 = ORIENTED_EDGE('',*,*,#5545,.F.);
#5545 = EDGE_CURVE('',#5546,#5548,#5550,.T.);
#5546 = VERTEX_POINT('',#5547);
#5547 = CARTESIAN_POINT('',(303.875,-71.7875,0.));
#5548 = VERTEX_POINT('',#5549);
#5549 = CARTESIAN_POINT('',(303.375,-72.2875,0.));
#5550 = CIRCLE('',#5551,0.500001333575);
#5551 = AXIS2_PLACEMENT_3D('',#5552,#5553,#5554);
#5552 = CARTESIAN_POINT('',(303.87500133357,-72.28750133357,0.));
#5553 = DIRECTION('',(0.,0.,1.));
#5554 = DIRECTION('',(-2.667139304729E-06,0.999999999996,0.));
#5555 = ORIENTED_EDGE('',*,*,#5556,.F.);
#5556 = EDGE_CURVE('',#5557,#5546,#5559,.T.);
#5557 = VERTEX_POINT('',#5558);
#5558 = CARTESIAN_POINT('',(335.975,-71.7875,0.));
#5559 = LINE('',#5560,#5561);
#5560 = CARTESIAN_POINT('',(335.975,-71.7875,0.));
#5561 = VECTOR('',#5562,1.);
#5562 = DIRECTION('',(-1.,0.,0.));
#5563 = ORIENTED_EDGE('',*,*,#5564,.F.);
#5564 = EDGE_CURVE('',#5565,#5557,#5567,.T.);
#5565 = VERTEX_POINT('',#5566);
#5566 = CARTESIAN_POINT('',(336.475,-72.2875,0.));
#5567 = CIRCLE('',#5568,0.500001333575);
#5568 = AXIS2_PLACEMENT_3D('',#5569,#5570,#5571);
#5569 = CARTESIAN_POINT('',(335.97499866642,-72.28750133357,0.));
#5570 = DIRECTION('',(0.,0.,1.));
#5571 = DIRECTION('',(0.999999999996,2.667139304729E-06,-0.));
#5572 = ORIENTED_EDGE('',*,*,#5573,.F.);
#5573 = EDGE_CURVE('',#5574,#5565,#5576,.T.);
#5574 = VERTEX_POINT('',#5575);
#5575 = CARTESIAN_POINT('',(336.475,-85.2875,0.));
#5576 = LINE('',#5577,#5578);
#5577 = CARTESIAN_POINT('',(336.475,-85.2875,0.));
#5578 = VECTOR('',#5579,1.);
#5579 = DIRECTION('',(0.,1.,0.));
#5580 = ORIENTED_EDGE('',*,*,#5581,.F.);
#5581 = EDGE_CURVE('',#5582,#5574,#5584,.T.);
#5582 = VERTEX_POINT('',#5583);
#5583 = CARTESIAN_POINT('',(335.975,-85.7875,0.));
#5584 = CIRCLE('',#5585,0.500001333575);
#5585 = AXIS2_PLACEMENT_3D('',#5586,#5587,#5588);
#5586 = CARTESIAN_POINT('',(335.97499866642,-85.28749866642,0.));
#5587 = DIRECTION('',(0.,0.,1.));
#5588 = DIRECTION('',(2.667139304729E-06,-0.999999999996,0.));
#5589 = ORIENTED_EDGE('',*,*,#5590,.F.);
#5590 = EDGE_CURVE('',#5591,#5582,#5593,.T.);
#5591 = VERTEX_POINT('',#5592);
#5592 = CARTESIAN_POINT('',(335.363,-85.7875,0.));
#5593 = LINE('',#5594,#5595);
#5594 = CARTESIAN_POINT('',(335.363,-85.7875,0.));
#5595 = VECTOR('',#5596,1.);
#5596 = DIRECTION('',(1.,0.,0.));
#5597 = ORIENTED_EDGE('',*,*,#5598,.F.);
#5598 = EDGE_CURVE('',#5599,#5591,#5601,.T.);
#5599 = VERTEX_POINT('',#5600);
#5600 = CARTESIAN_POINT('',(335.363,-86.2875,0.));
#5601 = LINE('',#5602,#5603);
#5602 = CARTESIAN_POINT('',(335.363,-86.2875,0.));
#5603 = VECTOR('',#5604,1.);
#5604 = DIRECTION('',(0.,1.,0.));
#5605 = ORIENTED_EDGE('',*,*,#5606,.F.);
#5606 = EDGE_CURVE('',#5607,#5599,#5609,.T.);
#5607 = VERTEX_POINT('',#5608);
#5608 = CARTESIAN_POINT('',(334.863,-86.7875,0.));
#5609 = CIRCLE('',#5610,0.500001333575);
#5610 = AXIS2_PLACEMENT_3D('',#5611,#5612,#5613);
#5611 = CARTESIAN_POINT('',(334.86299866642,-86.28749866642,0.));
#5612 = DIRECTION('',(0.,0.,1.));
#5613 = DIRECTION('',(2.667139191042E-06,-0.999999999996,0.));
#5614 = ORIENTED_EDGE('',*,*,#5615,.F.);
#5615 = EDGE_CURVE('',#5616,#5607,#5618,.T.);
#5616 = VERTEX_POINT('',#5617);
#5617 = CARTESIAN_POINT('',(328.863,-86.7875,0.));
#5618 = LINE('',#5619,#5620);
#5619 = CARTESIAN_POINT('',(328.863,-86.7875,0.));
#5620 = VECTOR('',#5621,1.);
#5621 = DIRECTION('',(1.,0.,0.));
#5622 = ORIENTED_EDGE('',*,*,#5623,.F.);
#5623 = EDGE_CURVE('',#5624,#5616,#5626,.T.);
#5624 = VERTEX_POINT('',#5625);
#5625 = CARTESIAN_POINT('',(328.363,-86.2875,0.));
#5626 = CIRCLE('',#5627,0.500001333575);
#5627 = AXIS2_PLACEMENT_3D('',#5628,#5629,#5630);
#5628 = CARTESIAN_POINT('',(328.86300133357,-86.28749866642,0.));
#5629 = DIRECTION('',(0.,0.,1.));
#5630 = DIRECTION('',(-0.999999999996,-2.667139247886E-06,0.));
#5631 = ORIENTED_EDGE('',*,*,#5632,.F.);
#5632 = EDGE_CURVE('',#5633,#5624,#5635,.T.);
#5633 = VERTEX_POINT('',#5634);
#5634 = CARTESIAN_POINT('',(328.363,-85.7875,0.));
#5635 = LINE('',#5636,#5637);
#5636 = CARTESIAN_POINT('',(328.363,-85.7875,0.));
#5637 = VECTOR('',#5638,1.);
#5638 = DIRECTION('',(0.,-1.,0.));
#5639 = ORIENTED_EDGE('',*,*,#5640,.F.);
#5640 = EDGE_CURVE('',#5641,#5633,#5643,.T.);
#5641 = VERTEX_POINT('',#5642);
#5642 = CARTESIAN_POINT('',(311.487,-85.7875,0.));
#5643 = LINE('',#5644,#5645);
#5644 = CARTESIAN_POINT('',(311.487,-85.7875,0.));
#5645 = VECTOR('',#5646,1.);
#5646 = DIRECTION('',(1.,0.,0.));
#5647 = ORIENTED_EDGE('',*,*,#5648,.F.);
#5648 = EDGE_CURVE('',#5649,#5641,#5651,.T.);
#5649 = VERTEX_POINT('',#5650);
#5650 = CARTESIAN_POINT('',(311.487,-86.2875,0.));
#5651 = LINE('',#5652,#5653);
#5652 = CARTESIAN_POINT('',(311.487,-86.2875,0.));
#5653 = VECTOR('',#5654,1.);
#5654 = DIRECTION('',(0.,1.,0.));
#5655 = ORIENTED_EDGE('',*,*,#5656,.F.);
#5656 = EDGE_CURVE('',#5657,#5649,#5659,.T.);
#5657 = VERTEX_POINT('',#5658);
#5658 = CARTESIAN_POINT('',(310.987,-86.7875,0.));
#5659 = CIRCLE('',#5660,0.500001333575);
#5660 = AXIS2_PLACEMENT_3D('',#5661,#5662,#5663);
#5661 = CARTESIAN_POINT('',(310.98699866642,-86.28749866642,0.));
#5662 = DIRECTION('',(0.,0.,1.));
#5663 = DIRECTION('',(2.667139191042E-06,-0.999999999996,0.));
#5664 = ORIENTED_EDGE('',*,*,#5665,.F.);
#5665 = EDGE_CURVE('',#5666,#5657,#5668,.T.);
#5666 = VERTEX_POINT('',#5667);
#5667 = CARTESIAN_POINT('',(304.987,-86.7875,0.));
#5668 = LINE('',#5669,#5670);
#5669 = CARTESIAN_POINT('',(304.987,-86.7875,0.));
#5670 = VECTOR('',#5671,1.);
#5671 = DIRECTION('',(1.,0.,0.));
#5672 = ORIENTED_EDGE('',*,*,#5673,.F.);
#5673 = EDGE_CURVE('',#5674,#5666,#5676,.T.);
#5674 = VERTEX_POINT('',#5675);
#5675 = CARTESIAN_POINT('',(304.487,-86.2875,0.));
#5676 = CIRCLE('',#5677,0.500001333575);
#5677 = AXIS2_PLACEMENT_3D('',#5678,#5679,#5680);
#5678 = CARTESIAN_POINT('',(304.98700133357,-86.28749866642,0.));
#5679 = DIRECTION('',(0.,0.,1.));
#5680 = DIRECTION('',(-0.999999999996,-2.667139048935E-06,0.));
#5681 = ORIENTED_EDGE('',*,*,#5682,.F.);
#5682 = EDGE_CURVE('',#5683,#5674,#5685,.T.);
#5683 = VERTEX_POINT('',#5684);
#5684 = CARTESIAN_POINT('',(304.487,-85.7875,0.));
#5685 = LINE('',#5686,#5687);
#5686 = CARTESIAN_POINT('',(304.487,-85.7875,0.));
#5687 = VECTOR('',#5688,1.);
#5688 = DIRECTION('',(0.,-1.,0.));
#5689 = ORIENTED_EDGE('',*,*,#5690,.F.);
#5690 = EDGE_CURVE('',#5691,#5683,#5693,.T.);
#5691 = VERTEX_POINT('',#5692);
#5692 = CARTESIAN_POINT('',(303.875,-85.7875,0.));
#5693 = LINE('',#5694,#5695);
#5694 = CARTESIAN_POINT('',(303.875,-85.7875,0.));
#5695 = VECTOR('',#5696,1.);
#5696 = DIRECTION('',(1.,0.,0.));
#5697 = ORIENTED_EDGE('',*,*,#5698,.F.);
#5698 = EDGE_CURVE('',#5699,#5691,#5701,.T.);
#5699 = VERTEX_POINT('',#5700);
#5700 = CARTESIAN_POINT('',(303.375,-85.2875,0.));
#5701 = CIRCLE('',#5702,0.500001333575);
#5702 = AXIS2_PLACEMENT_3D('',#5703,#5704,#5705);
#5703 = CARTESIAN_POINT('',(303.87500133357,-85.28749866642,0.));
#5704 = DIRECTION('',(0.,0.,1.));
#5705 = DIRECTION('',(-0.999999999996,-2.667139247885E-06,0.));
#5706 = ORIENTED_EDGE('',*,*,#5707,.F.);
#5707 = EDGE_CURVE('',#5548,#5699,#5708,.T.);
#5708 = LINE('',#5709,#5710);
#5709 = CARTESIAN_POINT('',(303.375,-72.2875,0.));
#5710 = VECTOR('',#5711,1.);
#5711 = DIRECTION('',(0.,-1.,0.));
#5712 = FACE_BOUND('',#5713,.F.);
#5713 = EDGE_LOOP('',(#5714,#5725,#5733,#5742,#5750,#5759,#5767,#5776));
#5714 = ORIENTED_EDGE('',*,*,#5715,.F.);
#5715 = EDGE_CURVE('',#5716,#5718,#5720,.T.);
#5716 = VERTEX_POINT('',#5717);
#5717 = CARTESIAN_POINT('',(342.075,-71.7875,0.));
#5718 = VERTEX_POINT('',#5719);
#5719 = CARTESIAN_POINT('',(341.575,-72.2875,0.));
#5720 = CIRCLE('',#5721,0.500001333575);
#5721 = AXIS2_PLACEMENT_3D('',#5722,#5723,#5724);
#5722 = CARTESIAN_POINT('',(342.07500133357,-72.28750133357,0.));
#5723 = DIRECTION('',(0.,0.,1.));
#5724 = DIRECTION('',(-2.667139191042E-06,0.999999999996,0.));
#5725 = ORIENTED_EDGE('',*,*,#5726,.F.);
#5726 = EDGE_CURVE('',#5727,#5716,#5729,.T.);
#5727 = VERTEX_POINT('',#5728);
#5728 = CARTESIAN_POINT('',(355.075,-71.7875,0.));
#5729 = LINE('',#5730,#5731);
#5730 = CARTESIAN_POINT('',(355.075,-71.7875,0.));
#5731 = VECTOR('',#5732,1.);
#5732 = DIRECTION('',(-1.,0.,0.));
#5733 = ORIENTED_EDGE('',*,*,#5734,.F.);
#5734 = EDGE_CURVE('',#5735,#5727,#5737,.T.);
#5735 = VERTEX_POINT('',#5736);
#5736 = CARTESIAN_POINT('',(355.575,-72.2875,0.));
#5737 = CIRCLE('',#5738,0.500001333575);
#5738 = AXIS2_PLACEMENT_3D('',#5739,#5740,#5741);
#5739 = CARTESIAN_POINT('',(355.07499866642,-72.28750133357,0.));
#5740 = DIRECTION('',(0.,0.,1.));
#5741 = DIRECTION('',(0.999999999996,2.667139105778E-06,-0.));
#5742 = ORIENTED_EDGE('',*,*,#5743,.F.);
#5743 = EDGE_CURVE('',#5744,#5735,#5746,.T.);
#5744 = VERTEX_POINT('',#5745);
#5745 = CARTESIAN_POINT('',(355.575,-85.2875,0.));
#5746 = LINE('',#5747,#5748);
#5747 = CARTESIAN_POINT('',(355.575,-85.2875,0.));
#5748 = VECTOR('',#5749,1.);
#5749 = DIRECTION('',(0.,1.,0.));
#5750 = ORIENTED_EDGE('',*,*,#5751,.F.);
#5751 = EDGE_CURVE('',#5752,#5744,#5754,.T.);
#5752 = VERTEX_POINT('',#5753);
#5753 = CARTESIAN_POINT('',(355.075,-85.7875,0.));
#5754 = CIRCLE('',#5755,0.500001333575);
#5755 = AXIS2_PLACEMENT_3D('',#5756,#5757,#5758);
#5756 = CARTESIAN_POINT('',(355.07499866642,-85.28749866642,0.));
#5757 = DIRECTION('',(0.,0.,1.));
#5758 = DIRECTION('',(2.667139077356E-06,-0.999999999996,0.));
#5759 = ORIENTED_EDGE('',*,*,#5760,.F.);
#5760 = EDGE_CURVE('',#5761,#5752,#5763,.T.);
#5761 = VERTEX_POINT('',#5762);
#5762 = CARTESIAN_POINT('',(342.075,-85.7875,0.));
#5763 = LINE('',#5764,#5765);
#5764 = CARTESIAN_POINT('',(342.075,-85.7875,0.));
#5765 = VECTOR('',#5766,1.);
#5766 = DIRECTION('',(1.,0.,0.));
#5767 = ORIENTED_EDGE('',*,*,#5768,.F.);
#5768 = EDGE_CURVE('',#5769,#5761,#5771,.T.);
#5769 = VERTEX_POINT('',#5770);
#5770 = CARTESIAN_POINT('',(341.575,-85.2875,0.));
#5771 = CIRCLE('',#5772,0.500001333575);
#5772 = AXIS2_PLACEMENT_3D('',#5773,#5774,#5775);
#5773 = CARTESIAN_POINT('',(342.07500133357,-85.28749866642,0.));
#5774 = DIRECTION('',(0.,0.,1.));
#5775 = DIRECTION('',(-0.999999999996,-2.667139247886E-06,0.));
#5776 = ORIENTED_EDGE('',*,*,#5777,.F.);
#5777 = EDGE_CURVE('',#5718,#5769,#5778,.T.);
#5778 = LINE('',#5779,#5780);
#5779 = CARTESIAN_POINT('',(341.575,-72.2875,0.));
#5780 = VECTOR('',#5781,1.);
#5781 = DIRECTION('',(0.,-1.,0.));
#5782 = FACE_BOUND('',#5783,.F.);
#5783 = EDGE_LOOP('',(#5784));
#5784 = ORIENTED_EDGE('',*,*,#5785,.T.);
#5785 = EDGE_CURVE('',#5786,#5786,#5788,.T.);
#5786 = VERTEX_POINT('',#5787);
#5787 = CARTESIAN_POINT('',(360.5125,-75.6125,0.));
#5788 = CIRCLE('',#5789,1.6);
#5789 = AXIS2_PLACEMENT_3D('',#5790,#5791,#5792);
#5790 = CARTESIAN_POINT('',(360.5125,-74.0125,0.));
#5791 = DIRECTION('',(-0.,0.,-1.));
#5792 = DIRECTION('',(-3.552713678801E-14,-1.,0.));
#5793 = PLANE('',#5794);
#5794 = AXIS2_PLACEMENT_3D('',#5795,#5796,#5797);
#5795 = CARTESIAN_POINT('',(0.,0.,0.));
#5796 = DIRECTION('',(0.,0.,1.));
#5797 = DIRECTION('',(1.,0.,-0.));
#5798 = ADVANCED_FACE('',(#5799,#5845,#5856,#5926,#5996,#6066,#6077,
    #6088,#6183,#6253,#6348,#6526,#6596,#6666,#6736,#6806,#6876,#6946,
    #6957,#7027,#7097,#7217,#7287,#7298,#7368,#7438,#7508,#7578,#7648,
    #7718,#7788,#7858,#7928,#7998,#8009,#8079,#8149,#8219,#8289,#8359,
    #8429,#8499,#8569,#8639,#8709,#8779,#8849,#8919,#8989,#9059,#9129,
    #9199,#9210,#9280,#9350,#9420,#9490,#9560,#9630,#9700,#9770,#9840,
    #9910,#9980,#10050,#10120,#10190,#10260,#10271,#10341,#10711,#10781,
    #10851,#10921,#10991,#11061,#11131,#11201,#11371,#11441),#11452,.T.
  );
#5799 = FACE_BOUND('',#5800,.T.);
#5800 = EDGE_LOOP('',(#5801,#5802,#5803,#5812,#5820,#5829,#5837,#5844));
#5801 = ORIENTED_EDGE('',*,*,#49,.F.);
#5802 = ORIENTED_EDGE('',*,*,#91,.F.);
#5803 = ORIENTED_EDGE('',*,*,#5804,.F.);
#5804 = EDGE_CURVE('',#5805,#84,#5807,.T.);
#5805 = VERTEX_POINT('',#5806);
#5806 = CARTESIAN_POINT('',(45.3625,-74.0125,1.6));
#5807 = CIRCLE('',#5808,4.77499959086);
#5808 = AXIS2_PLACEMENT_3D('',#5809,#5810,#5811);
#5809 = CARTESIAN_POINT('',(50.13749959086,-74.01249959086,1.6));
#5810 = DIRECTION('',(0.,0.,-1.));
#5811 = DIRECTION('',(-1.,-8.568369366582E-08,-0.));
#5812 = ORIENTED_EDGE('',*,*,#5813,.F.);
#5813 = EDGE_CURVE('',#5814,#5805,#5816,.T.);
#5814 = VERTEX_POINT('',#5815);
#5815 = CARTESIAN_POINT('',(45.3625,-167.125,1.6));
#5816 = LINE('',#5817,#5818);
#5817 = CARTESIAN_POINT('',(45.3625,-167.125,1.6));
#5818 = VECTOR('',#5819,1.);
#5819 = DIRECTION('',(0.,1.,0.));
#5820 = ORIENTED_EDGE('',*,*,#5821,.F.);
#5821 = EDGE_CURVE('',#5822,#5814,#5824,.T.);
#5822 = VERTEX_POINT('',#5823);
#5823 = CARTESIAN_POINT('',(50.1375,-171.9,1.6));
#5824 = CIRCLE('',#5825,4.77499959086);
#5825 = AXIS2_PLACEMENT_3D('',#5826,#5827,#5828);
#5826 = CARTESIAN_POINT('',(50.13749959086,-167.1250004091,1.6));
#5827 = DIRECTION('',(0.,0.,-1.));
#5828 = DIRECTION('',(8.568369366582E-08,-1.,0.));
#5829 = ORIENTED_EDGE('',*,*,#5830,.F.);
#5830 = EDGE_CURVE('',#5831,#5822,#5833,.T.);
#5831 = VERTEX_POINT('',#5832);
#5832 = CARTESIAN_POINT('',(360.5125,-171.9,1.6));
#5833 = LINE('',#5834,#5835);
#5834 = CARTESIAN_POINT('',(360.5125,-171.9,1.6));
#5835 = VECTOR('',#5836,1.);
#5836 = DIRECTION('',(-1.,0.,0.));
#5837 = ORIENTED_EDGE('',*,*,#5838,.F.);
#5838 = EDGE_CURVE('',#114,#5831,#5839,.T.);
#5839 = CIRCLE('',#5840,4.77499959086);
#5840 = AXIS2_PLACEMENT_3D('',#5841,#5842,#5843);
#5841 = CARTESIAN_POINT('',(360.51250040914,-167.1250004091,1.6));
#5842 = DIRECTION('',(0.,0.,-1.));
#5843 = DIRECTION('',(1.,8.568368771363E-08,0.));
#5844 = ORIENTED_EDGE('',*,*,#113,.F.);
#5845 = FACE_BOUND('',#5846,.T.);
#5846 = EDGE_LOOP('',(#5847));
#5847 = ORIENTED_EDGE('',*,*,#5848,.T.);
#5848 = EDGE_CURVE('',#5849,#5849,#5851,.T.);
#5849 = VERTEX_POINT('',#5850);
#5850 = CARTESIAN_POINT('',(50.1375,-168.725,1.6));
#5851 = CIRCLE('',#5852,1.6);
#5852 = AXIS2_PLACEMENT_3D('',#5853,#5854,#5855);
#5853 = CARTESIAN_POINT('',(50.1375,-167.125,1.6));
#5854 = DIRECTION('',(-0.,0.,-1.));
#5855 = DIRECTION('',(-0.,-1.,0.));
#5856 = FACE_BOUND('',#5857,.T.);
#5857 = EDGE_LOOP('',(#5858,#5869,#5877,#5886,#5894,#5903,#5911,#5920));
#5858 = ORIENTED_EDGE('',*,*,#5859,.F.);
#5859 = EDGE_CURVE('',#5860,#5862,#5864,.T.);
#5860 = VERTEX_POINT('',#5861);
#5861 = CARTESIAN_POINT('',(57.9625,-148.1875,1.6));
#5862 = VERTEX_POINT('',#5863);
#5863 = CARTESIAN_POINT('',(57.4625,-148.6875,1.6));
#5864 = CIRCLE('',#5865,0.500001333575);
#5865 = AXIS2_PLACEMENT_3D('',#5866,#5867,#5868);
#5866 = CARTESIAN_POINT('',(57.962501333573,-148.6875013335,1.6));
#5867 = DIRECTION('',(0.,0.,1.));
#5868 = DIRECTION('',(-2.667139176832E-06,0.999999999996,0.));
#5869 = ORIENTED_EDGE('',*,*,#5870,.F.);
#5870 = EDGE_CURVE('',#5871,#5860,#5873,.T.);
#5871 = VERTEX_POINT('',#5872);
#5872 = CARTESIAN_POINT('',(73.35,-148.1875,1.6));
#5873 = LINE('',#5874,#5875);
#5874 = CARTESIAN_POINT('',(73.35,-148.1875,1.6));
#5875 = VECTOR('',#5876,1.);
#5876 = DIRECTION('',(-1.,0.,0.));
#5877 = ORIENTED_EDGE('',*,*,#5878,.F.);
#5878 = EDGE_CURVE('',#5879,#5871,#5881,.T.);
#5879 = VERTEX_POINT('',#5880);
#5880 = CARTESIAN_POINT('',(73.85,-148.6875,1.6));
#5881 = CIRCLE('',#5882,0.500001333575);
#5882 = AXIS2_PLACEMENT_3D('',#5883,#5884,#5885);
#5883 = CARTESIAN_POINT('',(73.349998666427,-148.6875013335,1.6));
#5884 = DIRECTION('',(0.,0.,1.));
#5885 = DIRECTION('',(0.999999999996,2.667139134199E-06,-0.));
#5886 = ORIENTED_EDGE('',*,*,#5887,.F.);
#5887 = EDGE_CURVE('',#5888,#5879,#5890,.T.);
#5888 = VERTEX_POINT('',#5889);
#5889 = CARTESIAN_POINT('',(73.85,-161.6875,1.6));
#5890 = LINE('',#5891,#5892);
#5891 = CARTESIAN_POINT('',(73.85,-161.6875,1.6));
#5892 = VECTOR('',#5893,1.);
#5893 = DIRECTION('',(0.,1.,0.));
#5894 = ORIENTED_EDGE('',*,*,#5895,.F.);
#5895 = EDGE_CURVE('',#5896,#5888,#5898,.T.);
#5896 = VERTEX_POINT('',#5897);
#5897 = CARTESIAN_POINT('',(73.35,-162.1875,1.6));
#5898 = CIRCLE('',#5899,0.500001333575);
#5899 = AXIS2_PLACEMENT_3D('',#5900,#5901,#5902);
#5900 = CARTESIAN_POINT('',(73.349998666427,-161.6874986664,1.6));
#5901 = DIRECTION('',(0.,0.,1.));
#5902 = DIRECTION('',(2.667139134199E-06,-0.999999999996,0.));
#5903 = ORIENTED_EDGE('',*,*,#5904,.F.);
#5904 = EDGE_CURVE('',#5905,#5896,#5907,.T.);
#5905 = VERTEX_POINT('',#5906);
#5906 = CARTESIAN_POINT('',(57.9625,-162.1875,1.6));
#5907 = LINE('',#5908,#5909);
#5908 = CARTESIAN_POINT('',(57.9625,-162.1875,1.6));
#5909 = VECTOR('',#5910,1.);
#5910 = DIRECTION('',(1.,0.,0.));
#5911 = ORIENTED_EDGE('',*,*,#5912,.F.);
#5912 = EDGE_CURVE('',#5913,#5905,#5915,.T.);
#5913 = VERTEX_POINT('',#5914);
#5914 = CARTESIAN_POINT('',(57.4625,-161.6875,1.6));
#5915 = CIRCLE('',#5916,0.500001333575);
#5916 = AXIS2_PLACEMENT_3D('',#5917,#5918,#5919);
#5917 = CARTESIAN_POINT('',(57.962501333573,-161.6874986664,1.6));
#5918 = DIRECTION('',(0.,0.,1.));
#5919 = DIRECTION('',(-0.999999999996,-2.667139134199E-06,0.));
#5920 = ORIENTED_EDGE('',*,*,#5921,.F.);
#5921 = EDGE_CURVE('',#5862,#5913,#5922,.T.);
#5922 = LINE('',#5923,#5924);
#5923 = CARTESIAN_POINT('',(57.4625,-148.6875,1.6));
#5924 = VECTOR('',#5925,1.);
#5925 = DIRECTION('',(0.,-1.,0.));
#5926 = FACE_BOUND('',#5927,.T.);
#5927 = EDGE_LOOP('',(#5928,#5939,#5947,#5956,#5964,#5973,#5981,#5990));
#5928 = ORIENTED_EDGE('',*,*,#5929,.F.);
#5929 = EDGE_CURVE('',#5930,#5932,#5934,.T.);
#5930 = VERTEX_POINT('',#5931);
#5931 = CARTESIAN_POINT('',(81.8375,-148.1875,1.6));
#5932 = VERTEX_POINT('',#5933);
#5933 = CARTESIAN_POINT('',(81.3375,-148.6875,1.6));
#5934 = CIRCLE('',#5935,0.500001333575);
#5935 = AXIS2_PLACEMENT_3D('',#5936,#5937,#5938);
#5936 = CARTESIAN_POINT('',(81.837501333573,-148.6875013335,1.6));
#5937 = DIRECTION('',(0.,0.,1.));
#5938 = DIRECTION('',(-2.667139134199E-06,0.999999999996,0.));
#5939 = ORIENTED_EDGE('',*,*,#5940,.F.);
#5940 = EDGE_CURVE('',#5941,#5930,#5943,.T.);
#5941 = VERTEX_POINT('',#5942);
#5942 = CARTESIAN_POINT('',(97.225,-148.1875,1.6));
#5943 = LINE('',#5944,#5945);
#5944 = CARTESIAN_POINT('',(97.225,-148.1875,1.6));
#5945 = VECTOR('',#5946,1.);
#5946 = DIRECTION('',(-1.,0.,0.));
#5947 = ORIENTED_EDGE('',*,*,#5948,.F.);
#5948 = EDGE_CURVE('',#5949,#5941,#5951,.T.);
#5949 = VERTEX_POINT('',#5950);
#5950 = CARTESIAN_POINT('',(97.725,-148.6875,1.6));
#5951 = CIRCLE('',#5952,0.500001333575);
#5952 = AXIS2_PLACEMENT_3D('',#5953,#5954,#5955);
#5953 = CARTESIAN_POINT('',(97.224998666427,-148.6875013335,1.6));
#5954 = DIRECTION('',(0.,0.,1.));
#5955 = DIRECTION('',(0.999999999996,2.667139134199E-06,-0.));
#5956 = ORIENTED_EDGE('',*,*,#5957,.F.);
#5957 = EDGE_CURVE('',#5958,#5949,#5960,.T.);
#5958 = VERTEX_POINT('',#5959);
#5959 = CARTESIAN_POINT('',(97.725,-161.6875,1.6));
#5960 = LINE('',#5961,#5962);
#5961 = CARTESIAN_POINT('',(97.725,-161.6875,1.6));
#5962 = VECTOR('',#5963,1.);
#5963 = DIRECTION('',(0.,1.,0.));
#5964 = ORIENTED_EDGE('',*,*,#5965,.F.);
#5965 = EDGE_CURVE('',#5966,#5958,#5968,.T.);
#5966 = VERTEX_POINT('',#5967);
#5967 = CARTESIAN_POINT('',(97.225,-162.1875,1.6));
#5968 = CIRCLE('',#5969,0.500001333575);
#5969 = AXIS2_PLACEMENT_3D('',#5970,#5971,#5972);
#5970 = CARTESIAN_POINT('',(97.224998666427,-161.6874986664,1.6));
#5971 = DIRECTION('',(0.,0.,1.));
#5972 = DIRECTION('',(2.667139134199E-06,-0.999999999996,0.));
#5973 = ORIENTED_EDGE('',*,*,#5974,.F.);
#5974 = EDGE_CURVE('',#5975,#5966,#5977,.T.);
#5975 = VERTEX_POINT('',#5976);
#5976 = CARTESIAN_POINT('',(81.8375,-162.1875,1.6));
#5977 = LINE('',#5978,#5979);
#5978 = CARTESIAN_POINT('',(81.8375,-162.1875,1.6));
#5979 = VECTOR('',#5980,1.);
#5980 = DIRECTION('',(1.,0.,0.));
#5981 = ORIENTED_EDGE('',*,*,#5982,.F.);
#5982 = EDGE_CURVE('',#5983,#5975,#5985,.T.);
#5983 = VERTEX_POINT('',#5984);
#5984 = CARTESIAN_POINT('',(81.3375,-161.6875,1.6));
#5985 = CIRCLE('',#5986,0.500001333575);
#5986 = AXIS2_PLACEMENT_3D('',#5987,#5988,#5989);
#5987 = CARTESIAN_POINT('',(81.837501333573,-161.6874986664,1.6));
#5988 = DIRECTION('',(0.,0.,1.));
#5989 = DIRECTION('',(-0.999999999996,-2.667139134199E-06,0.));
#5990 = ORIENTED_EDGE('',*,*,#5991,.F.);
#5991 = EDGE_CURVE('',#5932,#5983,#5992,.T.);
#5992 = LINE('',#5993,#5994);
#5993 = CARTESIAN_POINT('',(81.3375,-148.6875,1.6));
#5994 = VECTOR('',#5995,1.);
#5995 = DIRECTION('',(0.,-1.,0.));
#5996 = FACE_BOUND('',#5997,.T.);
#5997 = EDGE_LOOP('',(#5998,#6009,#6017,#6026,#6034,#6043,#6051,#6060));
#5998 = ORIENTED_EDGE('',*,*,#5999,.F.);
#5999 = EDGE_CURVE('',#6000,#6002,#6004,.T.);
#6000 = VERTEX_POINT('',#6001);
#6001 = CARTESIAN_POINT('',(105.7125,-148.1875,1.6));
#6002 = VERTEX_POINT('',#6003);
#6003 = CARTESIAN_POINT('',(105.2125,-148.6875,1.6));
#6004 = CIRCLE('',#6005,0.500001333575);
#6005 = AXIS2_PLACEMENT_3D('',#6006,#6007,#6008);
#6006 = CARTESIAN_POINT('',(105.71250133357,-148.6875013335,1.6));
#6007 = DIRECTION('',(0.,0.,1.));
#6008 = DIRECTION('',(-2.667139134199E-06,0.999999999996,0.));
#6009 = ORIENTED_EDGE('',*,*,#6010,.F.);
#6010 = EDGE_CURVE('',#6011,#6000,#6013,.T.);
#6011 = VERTEX_POINT('',#6012);
#6012 = CARTESIAN_POINT('',(121.1,-148.1875,1.6));
#6013 = LINE('',#6014,#6015);
#6014 = CARTESIAN_POINT('',(121.1,-148.1875,1.6));
#6015 = VECTOR('',#6016,1.);
#6016 = DIRECTION('',(-1.,0.,0.));
#6017 = ORIENTED_EDGE('',*,*,#6018,.F.);
#6018 = EDGE_CURVE('',#6019,#6011,#6021,.T.);
#6019 = VERTEX_POINT('',#6020);
#6020 = CARTESIAN_POINT('',(121.6,-148.6875,1.6));
#6021 = CIRCLE('',#6022,0.500001333575);
#6022 = AXIS2_PLACEMENT_3D('',#6023,#6024,#6025);
#6023 = CARTESIAN_POINT('',(121.09999866642,-148.6875013335,1.6));
#6024 = DIRECTION('',(0.,0.,1.));
#6025 = DIRECTION('',(0.999999999996,2.667139134199E-06,-0.));
#6026 = ORIENTED_EDGE('',*,*,#6027,.F.);
#6027 = EDGE_CURVE('',#6028,#6019,#6030,.T.);
#6028 = VERTEX_POINT('',#6029);
#6029 = CARTESIAN_POINT('',(121.6,-161.6875,1.6));
#6030 = LINE('',#6031,#6032);
#6031 = CARTESIAN_POINT('',(121.6,-161.6875,1.6));
#6032 = VECTOR('',#6033,1.);
#6033 = DIRECTION('',(0.,1.,0.));
#6034 = ORIENTED_EDGE('',*,*,#6035,.F.);
#6035 = EDGE_CURVE('',#6036,#6028,#6038,.T.);
#6036 = VERTEX_POINT('',#6037);
#6037 = CARTESIAN_POINT('',(121.1,-162.1875,1.6));
#6038 = CIRCLE('',#6039,0.500001333575);
#6039 = AXIS2_PLACEMENT_3D('',#6040,#6041,#6042);
#6040 = CARTESIAN_POINT('',(121.09999866642,-161.6874986664,1.6));
#6041 = DIRECTION('',(0.,0.,1.));
#6042 = DIRECTION('',(2.667139134199E-06,-0.999999999996,0.));
#6043 = ORIENTED_EDGE('',*,*,#6044,.F.);
#6044 = EDGE_CURVE('',#6045,#6036,#6047,.T.);
#6045 = VERTEX_POINT('',#6046);
#6046 = CARTESIAN_POINT('',(105.7125,-162.1875,1.6));
#6047 = LINE('',#6048,#6049);
#6048 = CARTESIAN_POINT('',(105.7125,-162.1875,1.6));
#6049 = VECTOR('',#6050,1.);
#6050 = DIRECTION('',(1.,0.,0.));
#6051 = ORIENTED_EDGE('',*,*,#6052,.F.);
#6052 = EDGE_CURVE('',#6053,#6045,#6055,.T.);
#6053 = VERTEX_POINT('',#6054);
#6054 = CARTESIAN_POINT('',(105.2125,-161.6875,1.6));
#6055 = CIRCLE('',#6056,0.500001333575);
#6056 = AXIS2_PLACEMENT_3D('',#6057,#6058,#6059);
#6057 = CARTESIAN_POINT('',(105.71250133357,-161.6874986664,1.6));
#6058 = DIRECTION('',(0.,0.,1.));
#6059 = DIRECTION('',(-0.999999999996,-2.667139134199E-06,0.));
#6060 = ORIENTED_EDGE('',*,*,#6061,.F.);
#6061 = EDGE_CURVE('',#6002,#6053,#6062,.T.);
#6062 = LINE('',#6063,#6064);
#6063 = CARTESIAN_POINT('',(105.2125,-148.6875,1.6));
#6064 = VECTOR('',#6065,1.);
#6065 = DIRECTION('',(0.,-1.,0.));
#6066 = FACE_BOUND('',#6067,.T.);
#6067 = EDGE_LOOP('',(#6068));
#6068 = ORIENTED_EDGE('',*,*,#6069,.T.);
#6069 = EDGE_CURVE('',#6070,#6070,#6072,.T.);
#6070 = VERTEX_POINT('',#6071);
#6071 = CARTESIAN_POINT('',(128.925,-168.725,1.6));
#6072 = CIRCLE('',#6073,1.6);
#6073 = AXIS2_PLACEMENT_3D('',#6074,#6075,#6076);
#6074 = CARTESIAN_POINT('',(128.925,-167.125,1.6));
#6075 = DIRECTION('',(-0.,0.,-1.));
#6076 = DIRECTION('',(-0.,-1.,0.));
#6077 = FACE_BOUND('',#6078,.T.);
#6078 = EDGE_LOOP('',(#6079));
#6079 = ORIENTED_EDGE('',*,*,#6080,.T.);
#6080 = EDGE_CURVE('',#6081,#6081,#6083,.T.);
#6081 = VERTEX_POINT('',#6082);
#6082 = CARTESIAN_POINT('',(205.325,-168.725,1.6));
#6083 = CIRCLE('',#6084,1.6);
#6084 = AXIS2_PLACEMENT_3D('',#6085,#6086,#6087);
#6085 = CARTESIAN_POINT('',(205.325,-167.125,1.6));
#6086 = DIRECTION('',(-0.,0.,-1.));
#6087 = DIRECTION('',(-0.,-1.,0.));
#6088 = FACE_BOUND('',#6089,.T.);
#6089 = EDGE_LOOP('',(#6090,#6101,#6109,#6118,#6126,#6134,#6143,#6151,
    #6160,#6168,#6177));
#6090 = ORIENTED_EDGE('',*,*,#6091,.F.);
#6091 = EDGE_CURVE('',#6092,#6094,#6096,.T.);
#6092 = VERTEX_POINT('',#6093);
#6093 = CARTESIAN_POINT('',(130.6995,-147.1875,1.6));
#6094 = VERTEX_POINT('',#6095);
#6095 = CARTESIAN_POINT('',(130.1995,-147.6875,1.6));
#6096 = CIRCLE('',#6097,0.500001333575);
#6097 = AXIS2_PLACEMENT_3D('',#6098,#6099,#6100);
#6098 = CARTESIAN_POINT('',(130.69950133357,-147.6875013335,1.6));
#6099 = DIRECTION('',(0.,0.,1.));
#6100 = DIRECTION('',(-2.667139134199E-06,0.999999999996,0.));
#6101 = ORIENTED_EDGE('',*,*,#6102,.F.);
#6102 = EDGE_CURVE('',#6103,#6092,#6105,.T.);
#6103 = VERTEX_POINT('',#6104);
#6104 = CARTESIAN_POINT('',(141.625,-147.1875,1.6));
#6105 = LINE('',#6106,#6107);
#6106 = CARTESIAN_POINT('',(141.625,-147.1875,1.6));
#6107 = VECTOR('',#6108,1.);
#6108 = DIRECTION('',(-1.,0.,0.));
#6109 = ORIENTED_EDGE('',*,*,#6110,.F.);
#6110 = EDGE_CURVE('',#6111,#6103,#6113,.T.);
#6111 = VERTEX_POINT('',#6112);
#6112 = CARTESIAN_POINT('',(142.125,-147.6875,1.6));
#6113 = CIRCLE('',#6114,0.500001333575);
#6114 = AXIS2_PLACEMENT_3D('',#6115,#6116,#6117);
#6115 = CARTESIAN_POINT('',(141.62499866642,-147.6875013335,1.6));
#6116 = DIRECTION('',(0.,0.,1.));
#6117 = DIRECTION('',(0.999999999996,2.667139134199E-06,-0.));
#6118 = ORIENTED_EDGE('',*,*,#6119,.F.);
#6119 = EDGE_CURVE('',#6120,#6111,#6122,.T.);
#6120 = VERTEX_POINT('',#6121);
#6121 = CARTESIAN_POINT('',(142.125,-148.1825,1.6));
#6122 = LINE('',#6123,#6124);
#6123 = CARTESIAN_POINT('',(142.125,-148.1825,1.6));
#6124 = VECTOR('',#6125,1.);
#6125 = DIRECTION('',(0.,1.,0.));
#6126 = ORIENTED_EDGE('',*,*,#6127,.F.);
#6127 = EDGE_CURVE('',#6128,#6120,#6130,.T.);
#6128 = VERTEX_POINT('',#6129);
#6129 = CARTESIAN_POINT('',(152.1375,-148.1875,1.6));
#6130 = LINE('',#6131,#6132);
#6131 = CARTESIAN_POINT('',(152.1375,-148.1875,1.6));
#6132 = VECTOR('',#6133,1.);
#6133 = DIRECTION('',(-0.999999875312,4.99375718008E-04,0.));
#6134 = ORIENTED_EDGE('',*,*,#6135,.F.);
#6135 = EDGE_CURVE('',#6136,#6128,#6138,.T.);
#6136 = VERTEX_POINT('',#6137);
#6137 = CARTESIAN_POINT('',(152.6375,-148.6875,1.6));
#6138 = CIRCLE('',#6139,0.500001333575);
#6139 = AXIS2_PLACEMENT_3D('',#6140,#6141,#6142);
#6140 = CARTESIAN_POINT('',(152.13749866642,-148.6875013335,1.6));
#6141 = DIRECTION('',(0.,0.,1.));
#6142 = DIRECTION('',(0.999999999996,2.667139134199E-06,-0.));
#6143 = ORIENTED_EDGE('',*,*,#6144,.F.);
#6144 = EDGE_CURVE('',#6145,#6136,#6147,.T.);
#6145 = VERTEX_POINT('',#6146);
#6146 = CARTESIAN_POINT('',(152.6375,-161.6875,1.6));
#6147 = LINE('',#6148,#6149);
#6148 = CARTESIAN_POINT('',(152.6375,-161.6875,1.6));
#6149 = VECTOR('',#6150,1.);
#6150 = DIRECTION('',(0.,1.,0.));
#6151 = ORIENTED_EDGE('',*,*,#6152,.F.);
#6152 = EDGE_CURVE('',#6153,#6145,#6155,.T.);
#6153 = VERTEX_POINT('',#6154);
#6154 = CARTESIAN_POINT('',(152.1375,-162.1875,1.6));
#6155 = CIRCLE('',#6156,0.500001333575);
#6156 = AXIS2_PLACEMENT_3D('',#6157,#6158,#6159);
#6157 = CARTESIAN_POINT('',(152.13749866642,-161.6874986664,1.6));
#6158 = DIRECTION('',(0.,0.,1.));
#6159 = DIRECTION('',(2.667139134199E-06,-0.999999999996,0.));
#6160 = ORIENTED_EDGE('',*,*,#6161,.F.);
#6161 = EDGE_CURVE('',#6162,#6153,#6164,.T.);
#6162 = VERTEX_POINT('',#6163);
#6163 = CARTESIAN_POINT('',(130.6995,-162.1875,1.6));
#6164 = LINE('',#6165,#6166);
#6165 = CARTESIAN_POINT('',(130.6995,-162.1875,1.6));
#6166 = VECTOR('',#6167,1.);
#6167 = DIRECTION('',(1.,0.,0.));
#6168 = ORIENTED_EDGE('',*,*,#6169,.F.);
#6169 = EDGE_CURVE('',#6170,#6162,#6172,.T.);
#6170 = VERTEX_POINT('',#6171);
#6171 = CARTESIAN_POINT('',(130.1995,-161.6875,1.6));
#6172 = CIRCLE('',#6173,0.500001333575);
#6173 = AXIS2_PLACEMENT_3D('',#6174,#6175,#6176);
#6174 = CARTESIAN_POINT('',(130.69950133357,-161.6874986664,1.6));
#6175 = DIRECTION('',(0.,0.,1.));
#6176 = DIRECTION('',(-0.999999999996,-2.667139134199E-06,0.));
#6177 = ORIENTED_EDGE('',*,*,#6178,.F.);
#6178 = EDGE_CURVE('',#6094,#6170,#6179,.T.);
#6179 = LINE('',#6180,#6181);
#6180 = CARTESIAN_POINT('',(130.1995,-147.6875,1.6));
#6181 = VECTOR('',#6182,1.);
#6182 = DIRECTION('',(0.,-1.,0.));
#6183 = FACE_BOUND('',#6184,.T.);
#6184 = EDGE_LOOP('',(#6185,#6196,#6204,#6213,#6221,#6230,#6238,#6247));
#6185 = ORIENTED_EDGE('',*,*,#6186,.F.);
#6186 = EDGE_CURVE('',#6187,#6189,#6191,.T.);
#6187 = VERTEX_POINT('',#6188);
#6188 = CARTESIAN_POINT('',(154.5755,-147.1875,1.6));
#6189 = VERTEX_POINT('',#6190);
#6190 = CARTESIAN_POINT('',(154.0755,-147.6875,1.6));
#6191 = CIRCLE('',#6192,0.500001333575);
#6192 = AXIS2_PLACEMENT_3D('',#6193,#6194,#6195);
#6193 = CARTESIAN_POINT('',(154.57550133357,-147.6875013335,1.6));
#6194 = DIRECTION('',(0.,0.,1.));
#6195 = DIRECTION('',(-2.667139191043E-06,0.999999999996,0.));
#6196 = ORIENTED_EDGE('',*,*,#6197,.F.);
#6197 = EDGE_CURVE('',#6198,#6187,#6200,.T.);
#6198 = VERTEX_POINT('',#6199);
#6199 = CARTESIAN_POINT('',(160.5755,-147.1875,1.6));
#6200 = LINE('',#6201,#6202);
#6201 = CARTESIAN_POINT('',(160.5755,-147.1875,1.6));
#6202 = VECTOR('',#6203,1.);
#6203 = DIRECTION('',(-1.,0.,0.));
#6204 = ORIENTED_EDGE('',*,*,#6205,.F.);
#6205 = EDGE_CURVE('',#6206,#6198,#6208,.T.);
#6206 = VERTEX_POINT('',#6207);
#6207 = CARTESIAN_POINT('',(161.0755,-147.6875,1.6));
#6208 = CIRCLE('',#6209,0.500001333575);
#6209 = AXIS2_PLACEMENT_3D('',#6210,#6211,#6212);
#6210 = CARTESIAN_POINT('',(160.57549866642,-147.6875013335,1.6));
#6211 = DIRECTION('',(0.,0.,1.));
#6212 = DIRECTION('',(0.999999999996,2.667139134199E-06,-0.));
#6213 = ORIENTED_EDGE('',*,*,#6214,.F.);
#6214 = EDGE_CURVE('',#6215,#6206,#6217,.T.);
#6215 = VERTEX_POINT('',#6216);
#6216 = CARTESIAN_POINT('',(161.0755,-161.6875,1.6));
#6217 = LINE('',#6218,#6219);
#6218 = CARTESIAN_POINT('',(161.0755,-161.6875,1.6));
#6219 = VECTOR('',#6220,1.);
#6220 = DIRECTION('',(0.,1.,0.));
#6221 = ORIENTED_EDGE('',*,*,#6222,.F.);
#6222 = EDGE_CURVE('',#6223,#6215,#6225,.T.);
#6223 = VERTEX_POINT('',#6224);
#6224 = CARTESIAN_POINT('',(160.5755,-162.1875,1.6));
#6225 = CIRCLE('',#6226,0.500001333575);
#6226 = AXIS2_PLACEMENT_3D('',#6227,#6228,#6229);
#6227 = CARTESIAN_POINT('',(160.57549866642,-161.6874986664,1.6));
#6228 = DIRECTION('',(0.,0.,1.));
#6229 = DIRECTION('',(2.667139191043E-06,-0.999999999996,0.));
#6230 = ORIENTED_EDGE('',*,*,#6231,.F.);
#6231 = EDGE_CURVE('',#6232,#6223,#6234,.T.);
#6232 = VERTEX_POINT('',#6233);
#6233 = CARTESIAN_POINT('',(154.5755,-162.1875,1.6));
#6234 = LINE('',#6235,#6236);
#6235 = CARTESIAN_POINT('',(154.5755,-162.1875,1.6));
#6236 = VECTOR('',#6237,1.);
#6237 = DIRECTION('',(1.,0.,0.));
#6238 = ORIENTED_EDGE('',*,*,#6239,.F.);
#6239 = EDGE_CURVE('',#6240,#6232,#6242,.T.);
#6240 = VERTEX_POINT('',#6241);
#6241 = CARTESIAN_POINT('',(154.0755,-161.6875,1.6));
#6242 = CIRCLE('',#6243,0.500001333575);
#6243 = AXIS2_PLACEMENT_3D('',#6244,#6245,#6246);
#6244 = CARTESIAN_POINT('',(154.57550133357,-161.6874986664,1.6));
#6245 = DIRECTION('',(0.,0.,1.));
#6246 = DIRECTION('',(-0.999999999996,-2.667139134199E-06,0.));
#6247 = ORIENTED_EDGE('',*,*,#6248,.F.);
#6248 = EDGE_CURVE('',#6189,#6240,#6249,.T.);
#6249 = LINE('',#6250,#6251);
#6250 = CARTESIAN_POINT('',(154.0755,-147.6875,1.6));
#6251 = VECTOR('',#6252,1.);
#6252 = DIRECTION('',(0.,-1.,0.));
#6253 = FACE_BOUND('',#6254,.T.);
#6254 = EDGE_LOOP('',(#6255,#6266,#6274,#6283,#6291,#6300,#6308,#6317,
    #6325,#6334,#6342));
#6255 = ORIENTED_EDGE('',*,*,#6256,.F.);
#6256 = EDGE_CURVE('',#6257,#6259,#6261,.T.);
#6257 = VERTEX_POINT('',#6258);
#6258 = CARTESIAN_POINT('',(202.3245,-147.1875,1.6));
#6259 = VERTEX_POINT('',#6260);
#6260 = CARTESIAN_POINT('',(201.8245,-147.6875,1.6));
#6261 = CIRCLE('',#6262,0.500001333575);
#6262 = AXIS2_PLACEMENT_3D('',#6263,#6264,#6265);
#6263 = CARTESIAN_POINT('',(202.32450133357,-147.6875013335,1.6));
#6264 = DIRECTION('',(0.,0.,1.));
#6265 = DIRECTION('',(-2.667139134199E-06,0.999999999996,0.));
#6266 = ORIENTED_EDGE('',*,*,#6267,.F.);
#6267 = EDGE_CURVE('',#6268,#6257,#6270,.T.);
#6268 = VERTEX_POINT('',#6269);
#6269 = CARTESIAN_POINT('',(208.3245,-147.1875,1.6));
#6270 = LINE('',#6271,#6272);
#6271 = CARTESIAN_POINT('',(208.3245,-147.1875,1.6));
#6272 = VECTOR('',#6273,1.);
#6273 = DIRECTION('',(-1.,0.,0.));
#6274 = ORIENTED_EDGE('',*,*,#6275,.F.);
#6275 = EDGE_CURVE('',#6276,#6268,#6278,.T.);
#6276 = VERTEX_POINT('',#6277);
#6277 = CARTESIAN_POINT('',(208.8245,-147.6875,1.6));
#6278 = CIRCLE('',#6279,0.500001333575);
#6279 = AXIS2_PLACEMENT_3D('',#6280,#6281,#6282);
#6280 = CARTESIAN_POINT('',(208.32449866642,-147.6875013335,1.6));
#6281 = DIRECTION('',(0.,0.,1.));
#6282 = DIRECTION('',(0.999999999996,2.667139134199E-06,-0.));
#6283 = ORIENTED_EDGE('',*,*,#6284,.F.);
#6284 = EDGE_CURVE('',#6285,#6276,#6287,.T.);
#6285 = VERTEX_POINT('',#6286);
#6286 = CARTESIAN_POINT('',(208.8245,-161.6875,1.6));
#6287 = LINE('',#6288,#6289);
#6288 = CARTESIAN_POINT('',(208.8245,-161.6875,1.6));
#6289 = VECTOR('',#6290,1.);
#6290 = DIRECTION('',(0.,1.,0.));
#6291 = ORIENTED_EDGE('',*,*,#6292,.F.);
#6292 = EDGE_CURVE('',#6293,#6285,#6295,.T.);
#6293 = VERTEX_POINT('',#6294);
#6294 = CARTESIAN_POINT('',(208.3245,-162.1875,1.6));
#6295 = CIRCLE('',#6296,0.500001333575);
#6296 = AXIS2_PLACEMENT_3D('',#6297,#6298,#6299);
#6297 = CARTESIAN_POINT('',(208.32449866642,-161.6874986664,1.6));
#6298 = DIRECTION('',(0.,0.,1.));
#6299 = DIRECTION('',(2.667139134199E-06,-0.999999999996,0.));
#6300 = ORIENTED_EDGE('',*,*,#6301,.F.);
#6301 = EDGE_CURVE('',#6302,#6293,#6304,.T.);
#6302 = VERTEX_POINT('',#6303);
#6303 = CARTESIAN_POINT('',(172.5625,-162.1875,1.6));
#6304 = LINE('',#6305,#6306);
#6305 = CARTESIAN_POINT('',(172.5625,-162.1875,1.6));
#6306 = VECTOR('',#6307,1.);
#6307 = DIRECTION('',(1.,0.,0.));
#6308 = ORIENTED_EDGE('',*,*,#6309,.F.);
#6309 = EDGE_CURVE('',#6310,#6302,#6312,.T.);
#6310 = VERTEX_POINT('',#6311);
#6311 = CARTESIAN_POINT('',(172.0625,-161.6875,1.6));
#6312 = CIRCLE('',#6313,0.500001333575);
#6313 = AXIS2_PLACEMENT_3D('',#6314,#6315,#6316);
#6314 = CARTESIAN_POINT('',(172.56250133357,-161.6874986664,1.6));
#6315 = DIRECTION('',(0.,0.,1.));
#6316 = DIRECTION('',(-0.999999999996,-2.667139134199E-06,0.));
#6317 = ORIENTED_EDGE('',*,*,#6318,.F.);
#6318 = EDGE_CURVE('',#6319,#6310,#6321,.T.);
#6319 = VERTEX_POINT('',#6320);
#6320 = CARTESIAN_POINT('',(172.0625,-148.6875,1.6));
#6321 = LINE('',#6322,#6323);
#6322 = CARTESIAN_POINT('',(172.0625,-148.6875,1.6));
#6323 = VECTOR('',#6324,1.);
#6324 = DIRECTION('',(0.,-1.,0.));
#6325 = ORIENTED_EDGE('',*,*,#6326,.F.);
#6326 = EDGE_CURVE('',#6327,#6319,#6329,.T.);
#6327 = VERTEX_POINT('',#6328);
#6328 = CARTESIAN_POINT('',(172.5625,-148.1875,1.6));
#6329 = CIRCLE('',#6330,0.500001333575);
#6330 = AXIS2_PLACEMENT_3D('',#6331,#6332,#6333);
#6331 = CARTESIAN_POINT('',(172.56250133357,-148.6875013335,1.6));
#6332 = DIRECTION('',(0.,0.,1.));
#6333 = DIRECTION('',(-2.667139134199E-06,0.999999999996,0.));
#6334 = ORIENTED_EDGE('',*,*,#6335,.F.);
#6335 = EDGE_CURVE('',#6336,#6327,#6338,.T.);
#6336 = VERTEX_POINT('',#6337);
#6337 = CARTESIAN_POINT('',(201.8245,-148.1825,1.6));
#6338 = LINE('',#6339,#6340);
#6339 = CARTESIAN_POINT('',(201.8245,-148.1825,1.6));
#6340 = VECTOR('',#6341,1.);
#6341 = DIRECTION('',(-0.999999985402,-1.708700679039E-04,0.));
#6342 = ORIENTED_EDGE('',*,*,#6343,.F.);
#6343 = EDGE_CURVE('',#6259,#6336,#6344,.T.);
#6344 = LINE('',#6345,#6346);
#6345 = CARTESIAN_POINT('',(201.8245,-147.6875,1.6));
#6346 = VECTOR('',#6347,1.);
#6347 = DIRECTION('',(0.,-1.,0.));
#6348 = FACE_BOUND('',#6349,.T.);
#6349 = EDGE_LOOP('',(#6350,#6361,#6369,#6378,#6386,#6395,#6403,#6411,
    #6420,#6428,#6437,#6445,#6453,#6461,#6469,#6478,#6486,#6495,#6503,
    #6511,#6520));
#6350 = ORIENTED_EDGE('',*,*,#6351,.F.);
#6351 = EDGE_CURVE('',#6352,#6354,#6356,.T.);
#6352 = VERTEX_POINT('',#6353);
#6353 = CARTESIAN_POINT('',(57.9625,-129.0875,1.6));
#6354 = VERTEX_POINT('',#6355);
#6355 = CARTESIAN_POINT('',(57.4625,-129.5875,1.6));
#6356 = CIRCLE('',#6357,0.500001333575);
#6357 = AXIS2_PLACEMENT_3D('',#6358,#6359,#6360);
#6358 = CARTESIAN_POINT('',(57.962501333573,-129.5875013335,1.6));
#6359 = DIRECTION('',(0.,0.,1.));
#6360 = DIRECTION('',(-2.667139176832E-06,0.999999999996,0.));
#6361 = ORIENTED_EDGE('',*,*,#6362,.F.);
#6362 = EDGE_CURVE('',#6363,#6352,#6365,.T.);
#6363 = VERTEX_POINT('',#6364);
#6364 = CARTESIAN_POINT('',(92.45,-129.0875,1.6));
#6365 = LINE('',#6366,#6367);
#6366 = CARTESIAN_POINT('',(92.45,-129.0875,1.6));
#6367 = VECTOR('',#6368,1.);
#6368 = DIRECTION('',(-1.,0.,0.));
#6369 = ORIENTED_EDGE('',*,*,#6370,.F.);
#6370 = EDGE_CURVE('',#6371,#6363,#6373,.T.);
#6371 = VERTEX_POINT('',#6372);
#6372 = CARTESIAN_POINT('',(92.95,-129.5875,1.6));
#6373 = CIRCLE('',#6374,0.500001333575);
#6374 = AXIS2_PLACEMENT_3D('',#6375,#6376,#6377);
#6375 = CARTESIAN_POINT('',(92.449998666427,-129.5875013335,1.6));
#6376 = DIRECTION('',(0.,0.,1.));
#6377 = DIRECTION('',(0.999999999996,2.667139247886E-06,-0.));
#6378 = ORIENTED_EDGE('',*,*,#6379,.F.);
#6379 = EDGE_CURVE('',#6380,#6371,#6382,.T.);
#6380 = VERTEX_POINT('',#6381);
#6381 = CARTESIAN_POINT('',(92.95,-142.5875,1.6));
#6382 = LINE('',#6383,#6384);
#6383 = CARTESIAN_POINT('',(92.95,-142.5875,1.6));
#6384 = VECTOR('',#6385,1.);
#6385 = DIRECTION('',(0.,1.,0.));
#6386 = ORIENTED_EDGE('',*,*,#6387,.F.);
#6387 = EDGE_CURVE('',#6388,#6380,#6390,.T.);
#6388 = VERTEX_POINT('',#6389);
#6389 = CARTESIAN_POINT('',(92.45,-143.0875,1.6));
#6390 = CIRCLE('',#6391,0.500001333575);
#6391 = AXIS2_PLACEMENT_3D('',#6392,#6393,#6394);
#6392 = CARTESIAN_POINT('',(92.449998666427,-142.5874986664,1.6));
#6393 = DIRECTION('',(0.,0.,1.));
#6394 = DIRECTION('',(2.667139191042E-06,-0.999999999996,0.));
#6395 = ORIENTED_EDGE('',*,*,#6396,.F.);
#6396 = EDGE_CURVE('',#6397,#6388,#6399,.T.);
#6397 = VERTEX_POINT('',#6398);
#6398 = CARTESIAN_POINT('',(89.45,-143.0925,1.6));
#6399 = LINE('',#6400,#6401);
#6400 = CARTESIAN_POINT('',(89.45,-143.0925,1.6));
#6401 = VECTOR('',#6402,1.);
#6402 = DIRECTION('',(0.999998611114,1.666664351855E-03,0.));
#6403 = ORIENTED_EDGE('',*,*,#6404,.F.);
#6404 = EDGE_CURVE('',#6405,#6397,#6407,.T.);
#6405 = VERTEX_POINT('',#6406);
#6406 = CARTESIAN_POINT('',(89.4505,-143.5875,1.6));
#6407 = LINE('',#6408,#6409);
#6408 = CARTESIAN_POINT('',(89.4505,-143.5875,1.6));
#6409 = VECTOR('',#6410,1.);
#6410 = DIRECTION('',(-1.010100494801E-03,0.999999489848,0.));
#6411 = ORIENTED_EDGE('',*,*,#6412,.F.);
#6412 = EDGE_CURVE('',#6413,#6405,#6415,.T.);
#6413 = VERTEX_POINT('',#6414);
#6414 = CARTESIAN_POINT('',(88.9505,-144.0875,1.6));
#6415 = CIRCLE('',#6416,0.500001333575);
#6416 = AXIS2_PLACEMENT_3D('',#6417,#6418,#6419);
#6417 = CARTESIAN_POINT('',(88.950498666427,-143.5874986664,1.6));
#6418 = DIRECTION('',(0.,0.,1.));
#6419 = DIRECTION('',(2.667139219464E-06,-0.999999999996,0.));
#6420 = ORIENTED_EDGE('',*,*,#6421,.F.);
#6421 = EDGE_CURVE('',#6422,#6413,#6424,.T.);
#6422 = VERTEX_POINT('',#6423);
#6423 = CARTESIAN_POINT('',(82.9505,-144.0875,1.6));
#6424 = LINE('',#6425,#6426);
#6425 = CARTESIAN_POINT('',(82.9505,-144.0875,1.6));
#6426 = VECTOR('',#6427,1.);
#6427 = DIRECTION('',(1.,0.,0.));
#6428 = ORIENTED_EDGE('',*,*,#6429,.F.);
#6429 = EDGE_CURVE('',#6430,#6422,#6432,.T.);
#6430 = VERTEX_POINT('',#6431);
#6431 = CARTESIAN_POINT('',(82.4505,-143.5875,1.6));
#6432 = CIRCLE('',#6433,0.500001333575);
#6433 = AXIS2_PLACEMENT_3D('',#6434,#6435,#6436);
#6434 = CARTESIAN_POINT('',(82.950501333573,-143.5874986664,1.6));
#6435 = DIRECTION('',(0.,0.,1.));
#6436 = DIRECTION('',(-0.999999999996,-2.667139191043E-06,0.));
#6437 = ORIENTED_EDGE('',*,*,#6438,.F.);
#6438 = EDGE_CURVE('',#6439,#6430,#6441,.T.);
#6439 = VERTEX_POINT('',#6440);
#6440 = CARTESIAN_POINT('',(82.45,-143.5875,1.6));
#6441 = LINE('',#6442,#6443);
#6442 = CARTESIAN_POINT('',(82.45,-143.5875,1.6));
#6443 = VECTOR('',#6444,1.);
#6444 = DIRECTION('',(1.,0.,0.));
#6445 = ORIENTED_EDGE('',*,*,#6446,.F.);
#6446 = EDGE_CURVE('',#6447,#6439,#6449,.T.);
#6447 = VERTEX_POINT('',#6448);
#6448 = CARTESIAN_POINT('',(82.45,-143.0925,1.6));
#6449 = LINE('',#6450,#6451);
#6450 = CARTESIAN_POINT('',(82.45,-143.0925,1.6));
#6451 = VECTOR('',#6452,1.);
#6452 = DIRECTION('',(0.,-1.,0.));
#6453 = ORIENTED_EDGE('',*,*,#6454,.F.);
#6454 = EDGE_CURVE('',#6455,#6447,#6457,.T.);
#6455 = VERTEX_POINT('',#6456);
#6456 = CARTESIAN_POINT('',(65.57,-143.0925,1.6));
#6457 = LINE('',#6458,#6459);
#6458 = CARTESIAN_POINT('',(65.57,-143.0925,1.6));
#6459 = VECTOR('',#6460,1.);
#6460 = DIRECTION('',(1.,0.,0.));
#6461 = ORIENTED_EDGE('',*,*,#6462,.F.);
#6462 = EDGE_CURVE('',#6463,#6455,#6465,.T.);
#6463 = VERTEX_POINT('',#6464);
#6464 = CARTESIAN_POINT('',(65.5745,-143.5875,1.6));
#6465 = LINE('',#6466,#6467);
#6466 = CARTESIAN_POINT('',(65.5745,-143.5875,1.6));
#6467 = VECTOR('',#6468,1.);
#6468 = DIRECTION('',(-9.090533456806E-03,0.999958680247,0.));
#6469 = ORIENTED_EDGE('',*,*,#6470,.F.);
#6470 = EDGE_CURVE('',#6471,#6463,#6473,.T.);
#6471 = VERTEX_POINT('',#6472);
#6472 = CARTESIAN_POINT('',(65.0745,-144.0875,1.6));
#6473 = CIRCLE('',#6474,0.500001333575);
#6474 = AXIS2_PLACEMENT_3D('',#6475,#6476,#6477);
#6475 = CARTESIAN_POINT('',(65.074498666427,-143.5874986664,1.6));
#6476 = DIRECTION('',(0.,0.,1.));
#6477 = DIRECTION('',(2.667139134199E-06,-0.999999999996,0.));
#6478 = ORIENTED_EDGE('',*,*,#6479,.F.);
#6479 = EDGE_CURVE('',#6480,#6471,#6482,.T.);
#6480 = VERTEX_POINT('',#6481);
#6481 = CARTESIAN_POINT('',(59.0745,-144.0875,1.6));
#6482 = LINE('',#6483,#6484);
#6483 = CARTESIAN_POINT('',(59.0745,-144.0875,1.6));
#6484 = VECTOR('',#6485,1.);
#6485 = DIRECTION('',(1.,0.,0.));
#6486 = ORIENTED_EDGE('',*,*,#6487,.F.);
#6487 = EDGE_CURVE('',#6488,#6480,#6490,.T.);
#6488 = VERTEX_POINT('',#6489);
#6489 = CARTESIAN_POINT('',(58.5745,-143.5875,1.6));
#6490 = CIRCLE('',#6491,0.500001333575);
#6491 = AXIS2_PLACEMENT_3D('',#6492,#6493,#6494);
#6492 = CARTESIAN_POINT('',(59.074501333573,-143.5874986664,1.6));
#6493 = DIRECTION('',(0.,0.,1.));
#6494 = DIRECTION('',(-0.999999999996,-2.667139191042E-06,0.));
#6495 = ORIENTED_EDGE('',*,*,#6496,.F.);
#6496 = EDGE_CURVE('',#6497,#6488,#6499,.T.);
#6497 = VERTEX_POINT('',#6498);
#6498 = CARTESIAN_POINT('',(58.5745,-143.0925,1.6));
#6499 = LINE('',#6500,#6501);
#6500 = CARTESIAN_POINT('',(58.5745,-143.0925,1.6));
#6501 = VECTOR('',#6502,1.);
#6502 = DIRECTION('',(0.,-1.,0.));
#6503 = ORIENTED_EDGE('',*,*,#6504,.F.);
#6504 = EDGE_CURVE('',#6505,#6497,#6507,.T.);
#6505 = VERTEX_POINT('',#6506);
#6506 = CARTESIAN_POINT('',(57.9625,-143.0875,1.6));
#6507 = LINE('',#6508,#6509);
#6508 = CARTESIAN_POINT('',(57.9625,-143.0875,1.6));
#6509 = VECTOR('',#6510,1.);
#6510 = DIRECTION('',(0.999966627755,-8.169661991452E-03,0.));
#6511 = ORIENTED_EDGE('',*,*,#6512,.F.);
#6512 = EDGE_CURVE('',#6513,#6505,#6515,.T.);
#6513 = VERTEX_POINT('',#6514);
#6514 = CARTESIAN_POINT('',(57.4625,-142.5875,1.6));
#6515 = CIRCLE('',#6516,0.500001333575);
#6516 = AXIS2_PLACEMENT_3D('',#6517,#6518,#6519);
#6517 = CARTESIAN_POINT('',(57.962501333573,-142.5874986664,1.6));
#6518 = DIRECTION('',(0.,0.,1.));
#6519 = DIRECTION('',(-0.999999999996,-2.667139191042E-06,0.));
#6520 = ORIENTED_EDGE('',*,*,#6521,.F.);
#6521 = EDGE_CURVE('',#6354,#6513,#6522,.T.);
#6522 = LINE('',#6523,#6524);
#6523 = CARTESIAN_POINT('',(57.4625,-129.5875,1.6));
#6524 = VECTOR('',#6525,1.);
#6525 = DIRECTION('',(0.,-1.,0.));
#6526 = FACE_BOUND('',#6527,.T.);
#6527 = EDGE_LOOP('',(#6528,#6539,#6547,#6556,#6564,#6573,#6581,#6590));
#6528 = ORIENTED_EDGE('',*,*,#6529,.F.);
#6529 = EDGE_CURVE('',#6530,#6532,#6534,.T.);
#6530 = VERTEX_POINT('',#6531);
#6531 = CARTESIAN_POINT('',(98.55,-129.0875,1.6));
#6532 = VERTEX_POINT('',#6533);
#6533 = CARTESIAN_POINT('',(98.05,-129.5875,1.6));
#6534 = CIRCLE('',#6535,0.500001333575);
#6535 = AXIS2_PLACEMENT_3D('',#6536,#6537,#6538);
#6536 = CARTESIAN_POINT('',(98.550001333573,-129.5875013335,1.6));
#6537 = DIRECTION('',(0.,0.,1.));
#6538 = DIRECTION('',(-2.667139191042E-06,0.999999999996,0.));
#6539 = ORIENTED_EDGE('',*,*,#6540,.F.);
#6540 = EDGE_CURVE('',#6541,#6530,#6543,.T.);
#6541 = VERTEX_POINT('',#6542);
#6542 = CARTESIAN_POINT('',(111.55,-129.0875,1.6));
#6543 = LINE('',#6544,#6545);
#6544 = CARTESIAN_POINT('',(111.55,-129.0875,1.6));
#6545 = VECTOR('',#6546,1.);
#6546 = DIRECTION('',(-1.,0.,0.));
#6547 = ORIENTED_EDGE('',*,*,#6548,.F.);
#6548 = EDGE_CURVE('',#6549,#6541,#6551,.T.);
#6549 = VERTEX_POINT('',#6550);
#6550 = CARTESIAN_POINT('',(112.05,-129.5875,1.6));
#6551 = CIRCLE('',#6552,0.500001333575);
#6552 = AXIS2_PLACEMENT_3D('',#6553,#6554,#6555);
#6553 = CARTESIAN_POINT('',(111.54999866642,-129.5875013335,1.6));
#6554 = DIRECTION('',(0.,0.,1.));
#6555 = DIRECTION('',(0.999999999996,2.667139191043E-06,-0.));
#6556 = ORIENTED_EDGE('',*,*,#6557,.F.);
#6557 = EDGE_CURVE('',#6558,#6549,#6560,.T.);
#6558 = VERTEX_POINT('',#6559);
#6559 = CARTESIAN_POINT('',(112.05,-142.5875,1.6));
#6560 = LINE('',#6561,#6562);
#6561 = CARTESIAN_POINT('',(112.05,-142.5875,1.6));
#6562 = VECTOR('',#6563,1.);
#6563 = DIRECTION('',(0.,1.,0.));
#6564 = ORIENTED_EDGE('',*,*,#6565,.F.);
#6565 = EDGE_CURVE('',#6566,#6558,#6568,.T.);
#6566 = VERTEX_POINT('',#6567);
#6567 = CARTESIAN_POINT('',(111.55,-143.0875,1.6));
#6568 = CIRCLE('',#6569,0.500001333575);
#6569 = AXIS2_PLACEMENT_3D('',#6570,#6571,#6572);
#6570 = CARTESIAN_POINT('',(111.54999866642,-142.5874986664,1.6));
#6571 = DIRECTION('',(0.,0.,1.));
#6572 = DIRECTION('',(2.667139134199E-06,-0.999999999996,0.));
#6573 = ORIENTED_EDGE('',*,*,#6574,.F.);
#6574 = EDGE_CURVE('',#6575,#6566,#6577,.T.);
#6575 = VERTEX_POINT('',#6576);
#6576 = CARTESIAN_POINT('',(98.55,-143.0875,1.6));
#6577 = LINE('',#6578,#6579);
#6578 = CARTESIAN_POINT('',(98.55,-143.0875,1.6));
#6579 = VECTOR('',#6580,1.);
#6580 = DIRECTION('',(1.,0.,0.));
#6581 = ORIENTED_EDGE('',*,*,#6582,.F.);
#6582 = EDGE_CURVE('',#6583,#6575,#6585,.T.);
#6583 = VERTEX_POINT('',#6584);
#6584 = CARTESIAN_POINT('',(98.05,-142.5875,1.6));
#6585 = CIRCLE('',#6586,0.500001333575);
#6586 = AXIS2_PLACEMENT_3D('',#6587,#6588,#6589);
#6587 = CARTESIAN_POINT('',(98.550001333573,-142.5874986664,1.6));
#6588 = DIRECTION('',(0.,0.,1.));
#6589 = DIRECTION('',(-0.999999999996,-2.667139247886E-06,0.));
#6590 = ORIENTED_EDGE('',*,*,#6591,.F.);
#6591 = EDGE_CURVE('',#6532,#6583,#6592,.T.);
#6592 = LINE('',#6593,#6594);
#6593 = CARTESIAN_POINT('',(98.05,-129.5875,1.6));
#6594 = VECTOR('',#6595,1.);
#6595 = DIRECTION('',(0.,-1.,0.));
#6596 = FACE_BOUND('',#6597,.T.);
#6597 = EDGE_LOOP('',(#6598,#6609,#6617,#6626,#6634,#6643,#6651,#6660));
#6598 = ORIENTED_EDGE('',*,*,#6599,.F.);
#6599 = EDGE_CURVE('',#6600,#6602,#6604,.T.);
#6600 = VERTEX_POINT('',#6601);
#6601 = CARTESIAN_POINT('',(117.65,-129.0875,1.6));
#6602 = VERTEX_POINT('',#6603);
#6603 = CARTESIAN_POINT('',(117.15,-129.5875,1.6));
#6604 = CIRCLE('',#6605,0.500001333575);
#6605 = AXIS2_PLACEMENT_3D('',#6606,#6607,#6608);
#6606 = CARTESIAN_POINT('',(117.65000133357,-129.5875013335,1.6));
#6607 = DIRECTION('',(0.,0.,1.));
#6608 = DIRECTION('',(-2.667139134199E-06,0.999999999996,0.));
#6609 = ORIENTED_EDGE('',*,*,#6610,.F.);
#6610 = EDGE_CURVE('',#6611,#6600,#6613,.T.);
#6611 = VERTEX_POINT('',#6612);
#6612 = CARTESIAN_POINT('',(130.65,-129.0875,1.6));
#6613 = LINE('',#6614,#6615);
#6614 = CARTESIAN_POINT('',(130.65,-129.0875,1.6));
#6615 = VECTOR('',#6616,1.);
#6616 = DIRECTION('',(-1.,0.,0.));
#6617 = ORIENTED_EDGE('',*,*,#6618,.F.);
#6618 = EDGE_CURVE('',#6619,#6611,#6621,.T.);
#6619 = VERTEX_POINT('',#6620);
#6620 = CARTESIAN_POINT('',(131.15,-129.5875,1.6));
#6621 = CIRCLE('',#6622,0.500001333575);
#6622 = AXIS2_PLACEMENT_3D('',#6623,#6624,#6625);
#6623 = CARTESIAN_POINT('',(130.64999866642,-129.5875013335,1.6));
#6624 = DIRECTION('',(0.,0.,1.));
#6625 = DIRECTION('',(0.999999999996,2.667139191042E-06,-0.));
#6626 = ORIENTED_EDGE('',*,*,#6627,.F.);
#6627 = EDGE_CURVE('',#6628,#6619,#6630,.T.);
#6628 = VERTEX_POINT('',#6629);
#6629 = CARTESIAN_POINT('',(131.15,-142.5875,1.6));
#6630 = LINE('',#6631,#6632);
#6631 = CARTESIAN_POINT('',(131.15,-142.5875,1.6));
#6632 = VECTOR('',#6633,1.);
#6633 = DIRECTION('',(0.,1.,0.));
#6634 = ORIENTED_EDGE('',*,*,#6635,.F.);
#6635 = EDGE_CURVE('',#6636,#6628,#6638,.T.);
#6636 = VERTEX_POINT('',#6637);
#6637 = CARTESIAN_POINT('',(130.65,-143.0875,1.6));
#6638 = CIRCLE('',#6639,0.500001333575);
#6639 = AXIS2_PLACEMENT_3D('',#6640,#6641,#6642);
#6640 = CARTESIAN_POINT('',(130.64999866642,-142.5874986664,1.6));
#6641 = DIRECTION('',(0.,0.,1.));
#6642 = DIRECTION('',(2.667139191042E-06,-0.999999999996,0.));
#6643 = ORIENTED_EDGE('',*,*,#6644,.F.);
#6644 = EDGE_CURVE('',#6645,#6636,#6647,.T.);
#6645 = VERTEX_POINT('',#6646);
#6646 = CARTESIAN_POINT('',(117.65,-143.0875,1.6));
#6647 = LINE('',#6648,#6649);
#6648 = CARTESIAN_POINT('',(117.65,-143.0875,1.6));
#6649 = VECTOR('',#6650,1.);
#6650 = DIRECTION('',(1.,0.,0.));
#6651 = ORIENTED_EDGE('',*,*,#6652,.F.);
#6652 = EDGE_CURVE('',#6653,#6645,#6655,.T.);
#6653 = VERTEX_POINT('',#6654);
#6654 = CARTESIAN_POINT('',(117.15,-142.5875,1.6));
#6655 = CIRCLE('',#6656,0.500001333575);
#6656 = AXIS2_PLACEMENT_3D('',#6657,#6658,#6659);
#6657 = CARTESIAN_POINT('',(117.65000133357,-142.5874986664,1.6));
#6658 = DIRECTION('',(0.,0.,1.));
#6659 = DIRECTION('',(-0.999999999996,-2.667139191043E-06,0.));
#6660 = ORIENTED_EDGE('',*,*,#6661,.F.);
#6661 = EDGE_CURVE('',#6602,#6653,#6662,.T.);
#6662 = LINE('',#6663,#6664);
#6663 = CARTESIAN_POINT('',(117.15,-129.5875,1.6));
#6664 = VECTOR('',#6665,1.);
#6665 = DIRECTION('',(0.,-1.,0.));
#6666 = FACE_BOUND('',#6667,.T.);
#6667 = EDGE_LOOP('',(#6668,#6679,#6687,#6696,#6704,#6713,#6721,#6730));
#6668 = ORIENTED_EDGE('',*,*,#6669,.F.);
#6669 = EDGE_CURVE('',#6670,#6672,#6674,.T.);
#6670 = VERTEX_POINT('',#6671);
#6671 = CARTESIAN_POINT('',(136.75,-129.0875,1.6));
#6672 = VERTEX_POINT('',#6673);
#6673 = CARTESIAN_POINT('',(136.25,-129.5875,1.6));
#6674 = CIRCLE('',#6675,0.500001333575);
#6675 = AXIS2_PLACEMENT_3D('',#6676,#6677,#6678);
#6676 = CARTESIAN_POINT('',(136.75000133357,-129.5875013335,1.6));
#6677 = DIRECTION('',(0.,0.,1.));
#6678 = DIRECTION('',(-2.667139134199E-06,0.999999999996,0.));
#6679 = ORIENTED_EDGE('',*,*,#6680,.F.);
#6680 = EDGE_CURVE('',#6681,#6670,#6683,.T.);
#6681 = VERTEX_POINT('',#6682);
#6682 = CARTESIAN_POINT('',(149.75,-129.0875,1.6));
#6683 = LINE('',#6684,#6685);
#6684 = CARTESIAN_POINT('',(149.75,-129.0875,1.6));
#6685 = VECTOR('',#6686,1.);
#6686 = DIRECTION('',(-1.,0.,0.));
#6687 = ORIENTED_EDGE('',*,*,#6688,.F.);
#6688 = EDGE_CURVE('',#6689,#6681,#6691,.T.);
#6689 = VERTEX_POINT('',#6690);
#6690 = CARTESIAN_POINT('',(150.25,-129.5875,1.6));
#6691 = CIRCLE('',#6692,0.500001333575);
#6692 = AXIS2_PLACEMENT_3D('',#6693,#6694,#6695);
#6693 = CARTESIAN_POINT('',(149.74999866642,-129.5875013335,1.6));
#6694 = DIRECTION('',(0.,0.,1.));
#6695 = DIRECTION('',(0.999999999996,2.667139191043E-06,-0.));
#6696 = ORIENTED_EDGE('',*,*,#6697,.F.);
#6697 = EDGE_CURVE('',#6698,#6689,#6700,.T.);
#6698 = VERTEX_POINT('',#6699);
#6699 = CARTESIAN_POINT('',(150.25,-142.5875,1.6));
#6700 = LINE('',#6701,#6702);
#6701 = CARTESIAN_POINT('',(150.25,-142.5875,1.6));
#6702 = VECTOR('',#6703,1.);
#6703 = DIRECTION('',(0.,1.,0.));
#6704 = ORIENTED_EDGE('',*,*,#6705,.F.);
#6705 = EDGE_CURVE('',#6706,#6698,#6708,.T.);
#6706 = VERTEX_POINT('',#6707);
#6707 = CARTESIAN_POINT('',(149.75,-143.0875,1.6));
#6708 = CIRCLE('',#6709,0.500001333575);
#6709 = AXIS2_PLACEMENT_3D('',#6710,#6711,#6712);
#6710 = CARTESIAN_POINT('',(149.74999866642,-142.5874986664,1.6));
#6711 = DIRECTION('',(0.,0.,1.));
#6712 = DIRECTION('',(2.667139134199E-06,-0.999999999996,0.));
#6713 = ORIENTED_EDGE('',*,*,#6714,.F.);
#6714 = EDGE_CURVE('',#6715,#6706,#6717,.T.);
#6715 = VERTEX_POINT('',#6716);
#6716 = CARTESIAN_POINT('',(136.75,-143.0875,1.6));
#6717 = LINE('',#6718,#6719);
#6718 = CARTESIAN_POINT('',(136.75,-143.0875,1.6));
#6719 = VECTOR('',#6720,1.);
#6720 = DIRECTION('',(1.,0.,0.));
#6721 = ORIENTED_EDGE('',*,*,#6722,.F.);
#6722 = EDGE_CURVE('',#6723,#6715,#6725,.T.);
#6723 = VERTEX_POINT('',#6724);
#6724 = CARTESIAN_POINT('',(136.25,-142.5875,1.6));
#6725 = CIRCLE('',#6726,0.500001333575);
#6726 = AXIS2_PLACEMENT_3D('',#6727,#6728,#6729);
#6727 = CARTESIAN_POINT('',(136.75000133357,-142.5874986664,1.6));
#6728 = DIRECTION('',(0.,0.,1.));
#6729 = DIRECTION('',(-0.999999999996,-2.667139191043E-06,0.));
#6730 = ORIENTED_EDGE('',*,*,#6731,.F.);
#6731 = EDGE_CURVE('',#6672,#6723,#6732,.T.);
#6732 = LINE('',#6733,#6734);
#6733 = CARTESIAN_POINT('',(136.25,-129.5875,1.6));
#6734 = VECTOR('',#6735,1.);
#6735 = DIRECTION('',(0.,-1.,0.));
#6736 = FACE_BOUND('',#6737,.T.);
#6737 = EDGE_LOOP('',(#6738,#6749,#6757,#6766,#6774,#6783,#6791,#6800));
#6738 = ORIENTED_EDGE('',*,*,#6739,.F.);
#6739 = EDGE_CURVE('',#6740,#6742,#6744,.T.);
#6740 = VERTEX_POINT('',#6741);
#6741 = CARTESIAN_POINT('',(155.85,-129.0875,1.6));
#6742 = VERTEX_POINT('',#6743);
#6743 = CARTESIAN_POINT('',(155.35,-129.5875,1.6));
#6744 = CIRCLE('',#6745,0.500001333575);
#6745 = AXIS2_PLACEMENT_3D('',#6746,#6747,#6748);
#6746 = CARTESIAN_POINT('',(155.85000133357,-129.5875013335,1.6));
#6747 = DIRECTION('',(0.,0.,1.));
#6748 = DIRECTION('',(-2.667139191042E-06,0.999999999996,0.));
#6749 = ORIENTED_EDGE('',*,*,#6750,.F.);
#6750 = EDGE_CURVE('',#6751,#6740,#6753,.T.);
#6751 = VERTEX_POINT('',#6752);
#6752 = CARTESIAN_POINT('',(168.85,-129.0875,1.6));
#6753 = LINE('',#6754,#6755);
#6754 = CARTESIAN_POINT('',(168.85,-129.0875,1.6));
#6755 = VECTOR('',#6756,1.);
#6756 = DIRECTION('',(-1.,0.,0.));
#6757 = ORIENTED_EDGE('',*,*,#6758,.F.);
#6758 = EDGE_CURVE('',#6759,#6751,#6761,.T.);
#6759 = VERTEX_POINT('',#6760);
#6760 = CARTESIAN_POINT('',(169.35,-129.5875,1.6));
#6761 = CIRCLE('',#6762,0.500001333575);
#6762 = AXIS2_PLACEMENT_3D('',#6763,#6764,#6765);
#6763 = CARTESIAN_POINT('',(168.84999866642,-129.5875013335,1.6));
#6764 = DIRECTION('',(0.,0.,1.));
#6765 = DIRECTION('',(0.999999999996,2.667139191042E-06,-0.));
#6766 = ORIENTED_EDGE('',*,*,#6767,.F.);
#6767 = EDGE_CURVE('',#6768,#6759,#6770,.T.);
#6768 = VERTEX_POINT('',#6769);
#6769 = CARTESIAN_POINT('',(169.35,-142.5875,1.6));
#6770 = LINE('',#6771,#6772);
#6771 = CARTESIAN_POINT('',(169.35,-142.5875,1.6));
#6772 = VECTOR('',#6773,1.);
#6773 = DIRECTION('',(0.,1.,0.));
#6774 = ORIENTED_EDGE('',*,*,#6775,.F.);
#6775 = EDGE_CURVE('',#6776,#6768,#6778,.T.);
#6776 = VERTEX_POINT('',#6777);
#6777 = CARTESIAN_POINT('',(168.85,-143.0875,1.6));
#6778 = CIRCLE('',#6779,0.500001333575);
#6779 = AXIS2_PLACEMENT_3D('',#6780,#6781,#6782);
#6780 = CARTESIAN_POINT('',(168.84999866642,-142.5874986664,1.6));
#6781 = DIRECTION('',(0.,0.,1.));
#6782 = DIRECTION('',(2.667139191042E-06,-0.999999999996,0.));
#6783 = ORIENTED_EDGE('',*,*,#6784,.F.);
#6784 = EDGE_CURVE('',#6785,#6776,#6787,.T.);
#6785 = VERTEX_POINT('',#6786);
#6786 = CARTESIAN_POINT('',(155.85,-143.0875,1.6));
#6787 = LINE('',#6788,#6789);
#6788 = CARTESIAN_POINT('',(155.85,-143.0875,1.6));
#6789 = VECTOR('',#6790,1.);
#6790 = DIRECTION('',(1.,0.,0.));
#6791 = ORIENTED_EDGE('',*,*,#6792,.F.);
#6792 = EDGE_CURVE('',#6793,#6785,#6795,.T.);
#6793 = VERTEX_POINT('',#6794);
#6794 = CARTESIAN_POINT('',(155.35,-142.5875,1.6));
#6795 = CIRCLE('',#6796,0.500001333575);
#6796 = AXIS2_PLACEMENT_3D('',#6797,#6798,#6799);
#6797 = CARTESIAN_POINT('',(155.85000133357,-142.5874986664,1.6));
#6798 = DIRECTION('',(0.,0.,1.));
#6799 = DIRECTION('',(-0.999999999996,-2.667139191042E-06,0.));
#6800 = ORIENTED_EDGE('',*,*,#6801,.F.);
#6801 = EDGE_CURVE('',#6742,#6793,#6802,.T.);
#6802 = LINE('',#6803,#6804);
#6803 = CARTESIAN_POINT('',(155.35,-129.5875,1.6));
#6804 = VECTOR('',#6805,1.);
#6805 = DIRECTION('',(0.,-1.,0.));
#6806 = FACE_BOUND('',#6807,.T.);
#6807 = EDGE_LOOP('',(#6808,#6819,#6827,#6836,#6844,#6853,#6861,#6870));
#6808 = ORIENTED_EDGE('',*,*,#6809,.F.);
#6809 = EDGE_CURVE('',#6810,#6812,#6814,.T.);
#6810 = VERTEX_POINT('',#6811);
#6811 = CARTESIAN_POINT('',(174.95,-129.0875,1.6));
#6812 = VERTEX_POINT('',#6813);
#6813 = CARTESIAN_POINT('',(174.45,-129.5875,1.6));
#6814 = CIRCLE('',#6815,0.500001333575);
#6815 = AXIS2_PLACEMENT_3D('',#6816,#6817,#6818);
#6816 = CARTESIAN_POINT('',(174.95000133357,-129.5875013335,1.6));
#6817 = DIRECTION('',(0.,0.,1.));
#6818 = DIRECTION('',(-2.667139247886E-06,0.999999999996,0.));
#6819 = ORIENTED_EDGE('',*,*,#6820,.F.);
#6820 = EDGE_CURVE('',#6821,#6810,#6823,.T.);
#6821 = VERTEX_POINT('',#6822);
#6822 = CARTESIAN_POINT('',(187.95,-129.0875,1.6));
#6823 = LINE('',#6824,#6825);
#6824 = CARTESIAN_POINT('',(187.95,-129.0875,1.6));
#6825 = VECTOR('',#6826,1.);
#6826 = DIRECTION('',(-1.,0.,0.));
#6827 = ORIENTED_EDGE('',*,*,#6828,.F.);
#6828 = EDGE_CURVE('',#6829,#6821,#6831,.T.);
#6829 = VERTEX_POINT('',#6830);
#6830 = CARTESIAN_POINT('',(188.45,-129.5875,1.6));
#6831 = CIRCLE('',#6832,0.500001333575);
#6832 = AXIS2_PLACEMENT_3D('',#6833,#6834,#6835);
#6833 = CARTESIAN_POINT('',(187.94999866642,-129.5875013335,1.6));
#6834 = DIRECTION('',(0.,0.,1.));
#6835 = DIRECTION('',(0.999999999996,2.667139191043E-06,-0.));
#6836 = ORIENTED_EDGE('',*,*,#6837,.F.);
#6837 = EDGE_CURVE('',#6838,#6829,#6840,.T.);
#6838 = VERTEX_POINT('',#6839);
#6839 = CARTESIAN_POINT('',(188.45,-142.5875,1.6));
#6840 = LINE('',#6841,#6842);
#6841 = CARTESIAN_POINT('',(188.45,-142.5875,1.6));
#6842 = VECTOR('',#6843,1.);
#6843 = DIRECTION('',(0.,1.,0.));
#6844 = ORIENTED_EDGE('',*,*,#6845,.F.);
#6845 = EDGE_CURVE('',#6846,#6838,#6848,.T.);
#6846 = VERTEX_POINT('',#6847);
#6847 = CARTESIAN_POINT('',(187.95,-143.0875,1.6));
#6848 = CIRCLE('',#6849,0.500001333575);
#6849 = AXIS2_PLACEMENT_3D('',#6850,#6851,#6852);
#6850 = CARTESIAN_POINT('',(187.94999866642,-142.5874986664,1.6));
#6851 = DIRECTION('',(0.,0.,1.));
#6852 = DIRECTION('',(2.667139134199E-06,-0.999999999996,0.));
#6853 = ORIENTED_EDGE('',*,*,#6854,.F.);
#6854 = EDGE_CURVE('',#6855,#6846,#6857,.T.);
#6855 = VERTEX_POINT('',#6856);
#6856 = CARTESIAN_POINT('',(174.95,-143.0875,1.6));
#6857 = LINE('',#6858,#6859);
#6858 = CARTESIAN_POINT('',(174.95,-143.0875,1.6));
#6859 = VECTOR('',#6860,1.);
#6860 = DIRECTION('',(1.,0.,0.));
#6861 = ORIENTED_EDGE('',*,*,#6862,.F.);
#6862 = EDGE_CURVE('',#6863,#6855,#6865,.T.);
#6863 = VERTEX_POINT('',#6864);
#6864 = CARTESIAN_POINT('',(174.45,-142.5875,1.6));
#6865 = CIRCLE('',#6866,0.500001333575);
#6866 = AXIS2_PLACEMENT_3D('',#6867,#6868,#6869);
#6867 = CARTESIAN_POINT('',(174.95000133357,-142.5874986664,1.6));
#6868 = DIRECTION('',(0.,0.,1.));
#6869 = DIRECTION('',(-0.999999999996,-2.667139247886E-06,0.));
#6870 = ORIENTED_EDGE('',*,*,#6871,.F.);
#6871 = EDGE_CURVE('',#6812,#6863,#6872,.T.);
#6872 = LINE('',#6873,#6874);
#6873 = CARTESIAN_POINT('',(174.45,-129.5875,1.6));
#6874 = VECTOR('',#6875,1.);
#6875 = DIRECTION('',(0.,-1.,0.));
#6876 = FACE_BOUND('',#6877,.T.);
#6877 = EDGE_LOOP('',(#6878,#6889,#6897,#6906,#6914,#6923,#6931,#6940));
#6878 = ORIENTED_EDGE('',*,*,#6879,.F.);
#6879 = EDGE_CURVE('',#6880,#6882,#6884,.T.);
#6880 = VERTEX_POINT('',#6881);
#6881 = CARTESIAN_POINT('',(194.05,-129.0875,1.6));
#6882 = VERTEX_POINT('',#6883);
#6883 = CARTESIAN_POINT('',(193.55,-129.5875,1.6));
#6884 = CIRCLE('',#6885,0.500001333575);
#6885 = AXIS2_PLACEMENT_3D('',#6886,#6887,#6888);
#6886 = CARTESIAN_POINT('',(194.05000133357,-129.5875013335,1.6));
#6887 = DIRECTION('',(0.,0.,1.));
#6888 = DIRECTION('',(-2.667139134199E-06,0.999999999996,0.));
#6889 = ORIENTED_EDGE('',*,*,#6890,.F.);
#6890 = EDGE_CURVE('',#6891,#6880,#6893,.T.);
#6891 = VERTEX_POINT('',#6892);
#6892 = CARTESIAN_POINT('',(207.05,-129.0875,1.6));
#6893 = LINE('',#6894,#6895);
#6894 = CARTESIAN_POINT('',(207.05,-129.0875,1.6));
#6895 = VECTOR('',#6896,1.);
#6896 = DIRECTION('',(-1.,0.,0.));
#6897 = ORIENTED_EDGE('',*,*,#6898,.F.);
#6898 = EDGE_CURVE('',#6899,#6891,#6901,.T.);
#6899 = VERTEX_POINT('',#6900);
#6900 = CARTESIAN_POINT('',(207.55,-129.5875,1.6));
#6901 = CIRCLE('',#6902,0.500001333575);
#6902 = AXIS2_PLACEMENT_3D('',#6903,#6904,#6905);
#6903 = CARTESIAN_POINT('',(207.04999866642,-129.5875013335,1.6));
#6904 = DIRECTION('',(0.,0.,1.));
#6905 = DIRECTION('',(0.999999999996,2.667139247886E-06,-0.));
#6906 = ORIENTED_EDGE('',*,*,#6907,.F.);
#6907 = EDGE_CURVE('',#6908,#6899,#6910,.T.);
#6908 = VERTEX_POINT('',#6909);
#6909 = CARTESIAN_POINT('',(207.55,-142.5875,1.6));
#6910 = LINE('',#6911,#6912);
#6911 = CARTESIAN_POINT('',(207.55,-142.5875,1.6));
#6912 = VECTOR('',#6913,1.);
#6913 = DIRECTION('',(0.,1.,0.));
#6914 = ORIENTED_EDGE('',*,*,#6915,.F.);
#6915 = EDGE_CURVE('',#6916,#6908,#6918,.T.);
#6916 = VERTEX_POINT('',#6917);
#6917 = CARTESIAN_POINT('',(207.05,-143.0875,1.6));
#6918 = CIRCLE('',#6919,0.500001333575);
#6919 = AXIS2_PLACEMENT_3D('',#6920,#6921,#6922);
#6920 = CARTESIAN_POINT('',(207.04999866642,-142.5874986664,1.6));
#6921 = DIRECTION('',(0.,0.,1.));
#6922 = DIRECTION('',(2.667139247886E-06,-0.999999999996,0.));
#6923 = ORIENTED_EDGE('',*,*,#6924,.F.);
#6924 = EDGE_CURVE('',#6925,#6916,#6927,.T.);
#6925 = VERTEX_POINT('',#6926);
#6926 = CARTESIAN_POINT('',(194.05,-143.0875,1.6));
#6927 = LINE('',#6928,#6929);
#6928 = CARTESIAN_POINT('',(194.05,-143.0875,1.6));
#6929 = VECTOR('',#6930,1.);
#6930 = DIRECTION('',(1.,0.,0.));
#6931 = ORIENTED_EDGE('',*,*,#6932,.F.);
#6932 = EDGE_CURVE('',#6933,#6925,#6935,.T.);
#6933 = VERTEX_POINT('',#6934);
#6934 = CARTESIAN_POINT('',(193.55,-142.5875,1.6));
#6935 = CIRCLE('',#6936,0.500001333575);
#6936 = AXIS2_PLACEMENT_3D('',#6937,#6938,#6939);
#6937 = CARTESIAN_POINT('',(194.05000133357,-142.5874986664,1.6));
#6938 = DIRECTION('',(0.,0.,1.));
#6939 = DIRECTION('',(-0.999999999996,-2.667139191043E-06,0.));
#6940 = ORIENTED_EDGE('',*,*,#6941,.F.);
#6941 = EDGE_CURVE('',#6882,#6933,#6942,.T.);
#6942 = LINE('',#6943,#6944);
#6943 = CARTESIAN_POINT('',(193.55,-129.5875,1.6));
#6944 = VECTOR('',#6945,1.);
#6945 = DIRECTION('',(0.,-1.,0.));
#6946 = FACE_BOUND('',#6947,.T.);
#6947 = EDGE_LOOP('',(#6948));
#6948 = ORIENTED_EDGE('',*,*,#6949,.T.);
#6949 = EDGE_CURVE('',#6950,#6950,#6952,.T.);
#6950 = VERTEX_POINT('',#6951);
#6951 = CARTESIAN_POINT('',(281.725,-168.725,1.6));
#6952 = CIRCLE('',#6953,1.6);
#6953 = AXIS2_PLACEMENT_3D('',#6954,#6955,#6956);
#6954 = CARTESIAN_POINT('',(281.725,-167.125,1.6));
#6955 = DIRECTION('',(-0.,0.,-1.));
#6956 = DIRECTION('',(-0.,-1.,0.));
#6957 = FACE_BOUND('',#6958,.T.);
#6958 = EDGE_LOOP('',(#6959,#6970,#6978,#6987,#6995,#7004,#7012,#7021));
#6959 = ORIENTED_EDGE('',*,*,#6960,.F.);
#6960 = EDGE_CURVE('',#6961,#6963,#6965,.T.);
#6961 = VERTEX_POINT('',#6962);
#6962 = CARTESIAN_POINT('',(210.7625,-148.1875,1.6));
#6963 = VERTEX_POINT('',#6964);
#6964 = CARTESIAN_POINT('',(210.2625,-148.6875,1.6));
#6965 = CIRCLE('',#6966,0.500001333575);
#6966 = AXIS2_PLACEMENT_3D('',#6967,#6968,#6969);
#6967 = CARTESIAN_POINT('',(210.76250133357,-148.6875013335,1.6));
#6968 = DIRECTION('',(0.,0.,1.));
#6969 = DIRECTION('',(-2.667139247886E-06,0.999999999996,0.));
#6970 = ORIENTED_EDGE('',*,*,#6971,.F.);
#6971 = EDGE_CURVE('',#6972,#6961,#6974,.T.);
#6972 = VERTEX_POINT('',#6973);
#6973 = CARTESIAN_POINT('',(223.7625,-148.1875,1.6));
#6974 = LINE('',#6975,#6976);
#6975 = CARTESIAN_POINT('',(223.7625,-148.1875,1.6));
#6976 = VECTOR('',#6977,1.);
#6977 = DIRECTION('',(-1.,0.,0.));
#6978 = ORIENTED_EDGE('',*,*,#6979,.F.);
#6979 = EDGE_CURVE('',#6980,#6972,#6982,.T.);
#6980 = VERTEX_POINT('',#6981);
#6981 = CARTESIAN_POINT('',(224.2625,-148.6875,1.6));
#6982 = CIRCLE('',#6983,0.500001333575);
#6983 = AXIS2_PLACEMENT_3D('',#6984,#6985,#6986);
#6984 = CARTESIAN_POINT('',(223.76249866642,-148.6875013335,1.6));
#6985 = DIRECTION('',(0.,0.,1.));
#6986 = DIRECTION('',(0.999999999996,2.667139134199E-06,-0.));
#6987 = ORIENTED_EDGE('',*,*,#6988,.F.);
#6988 = EDGE_CURVE('',#6989,#6980,#6991,.T.);
#6989 = VERTEX_POINT('',#6990);
#6990 = CARTESIAN_POINT('',(224.2625,-161.6875,1.6));
#6991 = LINE('',#6992,#6993);
#6992 = CARTESIAN_POINT('',(224.2625,-161.6875,1.6));
#6993 = VECTOR('',#6994,1.);
#6994 = DIRECTION('',(0.,1.,0.));
#6995 = ORIENTED_EDGE('',*,*,#6996,.F.);
#6996 = EDGE_CURVE('',#6997,#6989,#6999,.T.);
#6997 = VERTEX_POINT('',#6998);
#6998 = CARTESIAN_POINT('',(223.7625,-162.1875,1.6));
#6999 = CIRCLE('',#7000,0.500001333575);
#7000 = AXIS2_PLACEMENT_3D('',#7001,#7002,#7003);
#7001 = CARTESIAN_POINT('',(223.76249866642,-161.6874986664,1.6));
#7002 = DIRECTION('',(0.,0.,1.));
#7003 = DIRECTION('',(2.667139134199E-06,-0.999999999996,0.));
#7004 = ORIENTED_EDGE('',*,*,#7005,.F.);
#7005 = EDGE_CURVE('',#7006,#6997,#7008,.T.);
#7006 = VERTEX_POINT('',#7007);
#7007 = CARTESIAN_POINT('',(210.7625,-162.1875,1.6));
#7008 = LINE('',#7009,#7010);
#7009 = CARTESIAN_POINT('',(210.7625,-162.1875,1.6));
#7010 = VECTOR('',#7011,1.);
#7011 = DIRECTION('',(1.,0.,0.));
#7012 = ORIENTED_EDGE('',*,*,#7013,.F.);
#7013 = EDGE_CURVE('',#7014,#7006,#7016,.T.);
#7014 = VERTEX_POINT('',#7015);
#7015 = CARTESIAN_POINT('',(210.2625,-161.6875,1.6));
#7016 = CIRCLE('',#7017,0.500001333575);
#7017 = AXIS2_PLACEMENT_3D('',#7018,#7019,#7020);
#7018 = CARTESIAN_POINT('',(210.76250133357,-161.6874986664,1.6));
#7019 = DIRECTION('',(0.,0.,1.));
#7020 = DIRECTION('',(-0.999999999996,-2.667139191042E-06,0.));
#7021 = ORIENTED_EDGE('',*,*,#7022,.F.);
#7022 = EDGE_CURVE('',#6963,#7014,#7023,.T.);
#7023 = LINE('',#7024,#7025);
#7024 = CARTESIAN_POINT('',(210.2625,-148.6875,1.6));
#7025 = VECTOR('',#7026,1.);
#7026 = DIRECTION('',(0.,-1.,0.));
#7027 = FACE_BOUND('',#7028,.T.);
#7028 = EDGE_LOOP('',(#7029,#7040,#7048,#7057,#7065,#7074,#7082,#7091));
#7029 = ORIENTED_EDGE('',*,*,#7030,.F.);
#7030 = EDGE_CURVE('',#7031,#7033,#7035,.T.);
#7031 = VERTEX_POINT('',#7032);
#7032 = CARTESIAN_POINT('',(226.2005,-147.1875,1.6));
#7033 = VERTEX_POINT('',#7034);
#7034 = CARTESIAN_POINT('',(225.7005,-147.6875,1.6));
#7035 = CIRCLE('',#7036,0.500001333575);
#7036 = AXIS2_PLACEMENT_3D('',#7037,#7038,#7039);
#7037 = CARTESIAN_POINT('',(226.20050133357,-147.6875013335,1.6));
#7038 = DIRECTION('',(0.,0.,1.));
#7039 = DIRECTION('',(-2.667139191043E-06,0.999999999996,0.));
#7040 = ORIENTED_EDGE('',*,*,#7041,.F.);
#7041 = EDGE_CURVE('',#7042,#7031,#7044,.T.);
#7042 = VERTEX_POINT('',#7043);
#7043 = CARTESIAN_POINT('',(236.8375,-147.1875,1.6));
#7044 = LINE('',#7045,#7046);
#7045 = CARTESIAN_POINT('',(236.8375,-147.1875,1.6));
#7046 = VECTOR('',#7047,1.);
#7047 = DIRECTION('',(-1.,0.,0.));
#7048 = ORIENTED_EDGE('',*,*,#7049,.F.);
#7049 = EDGE_CURVE('',#7050,#7042,#7052,.T.);
#7050 = VERTEX_POINT('',#7051);
#7051 = CARTESIAN_POINT('',(237.3375,-147.6875,1.6));
#7052 = CIRCLE('',#7053,0.500001333575);
#7053 = AXIS2_PLACEMENT_3D('',#7054,#7055,#7056);
#7054 = CARTESIAN_POINT('',(236.83749866642,-147.6875013335,1.6));
#7055 = DIRECTION('',(0.,0.,1.));
#7056 = DIRECTION('',(0.999999999996,2.667139134199E-06,-0.));
#7057 = ORIENTED_EDGE('',*,*,#7058,.F.);
#7058 = EDGE_CURVE('',#7059,#7050,#7061,.T.);
#7059 = VERTEX_POINT('',#7060);
#7060 = CARTESIAN_POINT('',(237.3375,-161.6875,1.6));
#7061 = LINE('',#7062,#7063);
#7062 = CARTESIAN_POINT('',(237.3375,-161.6875,1.6));
#7063 = VECTOR('',#7064,1.);
#7064 = DIRECTION('',(0.,1.,0.));
#7065 = ORIENTED_EDGE('',*,*,#7066,.F.);
#7066 = EDGE_CURVE('',#7067,#7059,#7069,.T.);
#7067 = VERTEX_POINT('',#7068);
#7068 = CARTESIAN_POINT('',(236.8375,-162.1875,1.6));
#7069 = CIRCLE('',#7070,0.500001333575);
#7070 = AXIS2_PLACEMENT_3D('',#7071,#7072,#7073);
#7071 = CARTESIAN_POINT('',(236.83749866642,-161.6874986664,1.6));
#7072 = DIRECTION('',(0.,0.,1.));
#7073 = DIRECTION('',(2.667139191043E-06,-0.999999999996,0.));
#7074 = ORIENTED_EDGE('',*,*,#7075,.F.);
#7075 = EDGE_CURVE('',#7076,#7067,#7078,.T.);
#7076 = VERTEX_POINT('',#7077);
#7077 = CARTESIAN_POINT('',(226.2005,-162.1875,1.6));
#7078 = LINE('',#7079,#7080);
#7079 = CARTESIAN_POINT('',(226.2005,-162.1875,1.6));
#7080 = VECTOR('',#7081,1.);
#7081 = DIRECTION('',(1.,0.,0.));
#7082 = ORIENTED_EDGE('',*,*,#7083,.F.);
#7083 = EDGE_CURVE('',#7084,#7076,#7086,.T.);
#7084 = VERTEX_POINT('',#7085);
#7085 = CARTESIAN_POINT('',(225.7005,-161.6875,1.6));
#7086 = CIRCLE('',#7087,0.500001333575);
#7087 = AXIS2_PLACEMENT_3D('',#7088,#7089,#7090);
#7088 = CARTESIAN_POINT('',(226.20050133357,-161.6874986664,1.6));
#7089 = DIRECTION('',(0.,0.,1.));
#7090 = DIRECTION('',(-0.999999999996,-2.667139134199E-06,0.));
#7091 = ORIENTED_EDGE('',*,*,#7092,.F.);
#7092 = EDGE_CURVE('',#7033,#7084,#7093,.T.);
#7093 = LINE('',#7094,#7095);
#7094 = CARTESIAN_POINT('',(225.7005,-147.6875,1.6));
#7095 = VECTOR('',#7096,1.);
#7096 = DIRECTION('',(0.,-1.,0.));
#7097 = FACE_BOUND('',#7098,.T.);
#7098 = EDGE_LOOP('',(#7099,#7110,#7118,#7127,#7135,#7143,#7152,#7160,
    #7169,#7177,#7186,#7194,#7203,#7211));
#7099 = ORIENTED_EDGE('',*,*,#7100,.F.);
#7100 = EDGE_CURVE('',#7101,#7103,#7105,.T.);
#7101 = VERTEX_POINT('',#7102);
#7102 = CARTESIAN_POINT('',(249.925,-147.1875,1.6));
#7103 = VERTEX_POINT('',#7104);
#7104 = CARTESIAN_POINT('',(249.425,-147.6875,1.6));
#7105 = CIRCLE('',#7106,0.500001333575);
#7106 = AXIS2_PLACEMENT_3D('',#7107,#7108,#7109);
#7107 = CARTESIAN_POINT('',(249.92500133357,-147.6875013335,1.6));
#7108 = DIRECTION('',(0.,0.,1.));
#7109 = DIRECTION('',(-2.667139134199E-06,0.999999999996,0.));
#7110 = ORIENTED_EDGE('',*,*,#7111,.F.);
#7111 = EDGE_CURVE('',#7112,#7101,#7114,.T.);
#7112 = VERTEX_POINT('',#7113);
#7113 = CARTESIAN_POINT('',(255.925,-147.1875,1.6));
#7114 = LINE('',#7115,#7116);
#7115 = CARTESIAN_POINT('',(255.925,-147.1875,1.6));
#7116 = VECTOR('',#7117,1.);
#7117 = DIRECTION('',(-1.,0.,0.));
#7118 = ORIENTED_EDGE('',*,*,#7119,.F.);
#7119 = EDGE_CURVE('',#7120,#7112,#7122,.T.);
#7120 = VERTEX_POINT('',#7121);
#7121 = CARTESIAN_POINT('',(256.425,-147.6875,1.6));
#7122 = CIRCLE('',#7123,0.500001333575);
#7123 = AXIS2_PLACEMENT_3D('',#7124,#7125,#7126);
#7124 = CARTESIAN_POINT('',(255.92499866642,-147.6875013335,1.6));
#7125 = DIRECTION('',(0.,0.,1.));
#7126 = DIRECTION('',(0.999999999996,2.667139191042E-06,-0.));
#7127 = ORIENTED_EDGE('',*,*,#7128,.F.);
#7128 = EDGE_CURVE('',#7129,#7120,#7131,.T.);
#7129 = VERTEX_POINT('',#7130);
#7130 = CARTESIAN_POINT('',(256.425,-148.1875,1.6));
#7131 = LINE('',#7132,#7133);
#7132 = CARTESIAN_POINT('',(256.425,-148.1875,1.6));
#7133 = VECTOR('',#7134,1.);
#7134 = DIRECTION('',(0.,1.,0.));
#7135 = ORIENTED_EDGE('',*,*,#7136,.F.);
#7136 = EDGE_CURVE('',#7137,#7129,#7139,.T.);
#7137 = VERTEX_POINT('',#7138);
#7138 = CARTESIAN_POINT('',(261.9625,-148.1875,1.6));
#7139 = LINE('',#7140,#7141);
#7140 = CARTESIAN_POINT('',(261.9625,-148.1875,1.6));
#7141 = VECTOR('',#7142,1.);
#7142 = DIRECTION('',(-1.,0.,0.));
#7143 = ORIENTED_EDGE('',*,*,#7144,.F.);
#7144 = EDGE_CURVE('',#7145,#7137,#7147,.T.);
#7145 = VERTEX_POINT('',#7146);
#7146 = CARTESIAN_POINT('',(262.4625,-148.6875,1.6));
#7147 = CIRCLE('',#7148,0.500001333575);
#7148 = AXIS2_PLACEMENT_3D('',#7149,#7150,#7151);
#7149 = CARTESIAN_POINT('',(261.96249866642,-148.6875013335,1.6));
#7150 = DIRECTION('',(0.,0.,1.));
#7151 = DIRECTION('',(0.999999999996,2.667139020513E-06,-0.));
#7152 = ORIENTED_EDGE('',*,*,#7153,.F.);
#7153 = EDGE_CURVE('',#7154,#7145,#7156,.T.);
#7154 = VERTEX_POINT('',#7155);
#7155 = CARTESIAN_POINT('',(262.4625,-161.6875,1.6));
#7156 = LINE('',#7157,#7158);
#7157 = CARTESIAN_POINT('',(262.4625,-161.6875,1.6));
#7158 = VECTOR('',#7159,1.);
#7159 = DIRECTION('',(0.,1.,0.));
#7160 = ORIENTED_EDGE('',*,*,#7161,.F.);
#7161 = EDGE_CURVE('',#7162,#7154,#7164,.T.);
#7162 = VERTEX_POINT('',#7163);
#7163 = CARTESIAN_POINT('',(261.9625,-162.1875,1.6));
#7164 = CIRCLE('',#7165,0.500001333575);
#7165 = AXIS2_PLACEMENT_3D('',#7166,#7167,#7168);
#7166 = CARTESIAN_POINT('',(261.96249866642,-161.6874986664,1.6));
#7167 = DIRECTION('',(0.,0.,1.));
#7168 = DIRECTION('',(2.667139077356E-06,-0.999999999996,0.));
#7169 = ORIENTED_EDGE('',*,*,#7170,.F.);
#7170 = EDGE_CURVE('',#7171,#7162,#7173,.T.);
#7171 = VERTEX_POINT('',#7172);
#7172 = CARTESIAN_POINT('',(248.9625,-162.1875,1.6));
#7173 = LINE('',#7174,#7175);
#7174 = CARTESIAN_POINT('',(248.9625,-162.1875,1.6));
#7175 = VECTOR('',#7176,1.);
#7176 = DIRECTION('',(1.,0.,0.));
#7177 = ORIENTED_EDGE('',*,*,#7178,.F.);
#7178 = EDGE_CURVE('',#7179,#7171,#7181,.T.);
#7179 = VERTEX_POINT('',#7180);
#7180 = CARTESIAN_POINT('',(248.4625,-161.6875,1.6));
#7181 = CIRCLE('',#7182,0.500001333575);
#7182 = AXIS2_PLACEMENT_3D('',#7183,#7184,#7185);
#7183 = CARTESIAN_POINT('',(248.96250133357,-161.6874986664,1.6));
#7184 = DIRECTION('',(0.,0.,1.));
#7185 = DIRECTION('',(-0.999999999996,-2.667139134199E-06,0.));
#7186 = ORIENTED_EDGE('',*,*,#7187,.F.);
#7187 = EDGE_CURVE('',#7188,#7179,#7190,.T.);
#7188 = VERTEX_POINT('',#7189);
#7189 = CARTESIAN_POINT('',(248.4625,-148.6875,1.6));
#7190 = LINE('',#7191,#7192);
#7191 = CARTESIAN_POINT('',(248.4625,-148.6875,1.6));
#7192 = VECTOR('',#7193,1.);
#7193 = DIRECTION('',(0.,-1.,0.));
#7194 = ORIENTED_EDGE('',*,*,#7195,.F.);
#7195 = EDGE_CURVE('',#7196,#7188,#7198,.T.);
#7196 = VERTEX_POINT('',#7197);
#7197 = CARTESIAN_POINT('',(248.9625,-148.1875,1.6));
#7198 = CIRCLE('',#7199,0.500001333575);
#7199 = AXIS2_PLACEMENT_3D('',#7200,#7201,#7202);
#7200 = CARTESIAN_POINT('',(248.96250133357,-148.6875013335,1.6));
#7201 = DIRECTION('',(0.,0.,1.));
#7202 = DIRECTION('',(-2.667139191043E-06,0.999999999996,0.));
#7203 = ORIENTED_EDGE('',*,*,#7204,.F.);
#7204 = EDGE_CURVE('',#7205,#7196,#7207,.T.);
#7205 = VERTEX_POINT('',#7206);
#7206 = CARTESIAN_POINT('',(249.425,-148.1875,1.6));
#7207 = LINE('',#7208,#7209);
#7208 = CARTESIAN_POINT('',(249.425,-148.1875,1.6));
#7209 = VECTOR('',#7210,1.);
#7210 = DIRECTION('',(-1.,0.,0.));
#7211 = ORIENTED_EDGE('',*,*,#7212,.F.);
#7212 = EDGE_CURVE('',#7103,#7205,#7213,.T.);
#7213 = LINE('',#7214,#7215);
#7214 = CARTESIAN_POINT('',(249.425,-147.6875,1.6));
#7215 = VECTOR('',#7216,1.);
#7216 = DIRECTION('',(0.,-1.,0.));
#7217 = FACE_BOUND('',#7218,.T.);
#7218 = EDGE_LOOP('',(#7219,#7230,#7238,#7247,#7255,#7264,#7272,#7281));
#7219 = ORIENTED_EDGE('',*,*,#7220,.F.);
#7220 = EDGE_CURVE('',#7221,#7223,#7225,.T.);
#7221 = VERTEX_POINT('',#7222);
#7222 = CARTESIAN_POINT('',(270.45,-148.1875,1.6));
#7223 = VERTEX_POINT('',#7224);
#7224 = CARTESIAN_POINT('',(269.95,-148.6875,1.6));
#7225 = CIRCLE('',#7226,0.500001333575);
#7226 = AXIS2_PLACEMENT_3D('',#7227,#7228,#7229);
#7227 = CARTESIAN_POINT('',(270.45000133357,-148.6875013335,1.6));
#7228 = DIRECTION('',(0.,0.,1.));
#7229 = DIRECTION('',(-2.667139191042E-06,0.999999999996,0.));
#7230 = ORIENTED_EDGE('',*,*,#7231,.F.);
#7231 = EDGE_CURVE('',#7232,#7221,#7234,.T.);
#7232 = VERTEX_POINT('',#7233);
#7233 = CARTESIAN_POINT('',(285.8375,-148.1875,1.6));
#7234 = LINE('',#7235,#7236);
#7235 = CARTESIAN_POINT('',(285.8375,-148.1875,1.6));
#7236 = VECTOR('',#7237,1.);
#7237 = DIRECTION('',(-1.,0.,0.));
#7238 = ORIENTED_EDGE('',*,*,#7239,.F.);
#7239 = EDGE_CURVE('',#7240,#7232,#7242,.T.);
#7240 = VERTEX_POINT('',#7241);
#7241 = CARTESIAN_POINT('',(286.3375,-148.6875,1.6));
#7242 = CIRCLE('',#7243,0.500001333575);
#7243 = AXIS2_PLACEMENT_3D('',#7244,#7245,#7246);
#7244 = CARTESIAN_POINT('',(285.83749866642,-148.6875013335,1.6));
#7245 = DIRECTION('',(0.,0.,1.));
#7246 = DIRECTION('',(0.999999999996,2.667139020513E-06,-0.));
#7247 = ORIENTED_EDGE('',*,*,#7248,.F.);
#7248 = EDGE_CURVE('',#7249,#7240,#7251,.T.);
#7249 = VERTEX_POINT('',#7250);
#7250 = CARTESIAN_POINT('',(286.3375,-161.6875,1.6));
#7251 = LINE('',#7252,#7253);
#7252 = CARTESIAN_POINT('',(286.3375,-161.6875,1.6));
#7253 = VECTOR('',#7254,1.);
#7254 = DIRECTION('',(0.,1.,0.));
#7255 = ORIENTED_EDGE('',*,*,#7256,.F.);
#7256 = EDGE_CURVE('',#7257,#7249,#7259,.T.);
#7257 = VERTEX_POINT('',#7258);
#7258 = CARTESIAN_POINT('',(285.8375,-162.1875,1.6));
#7259 = CIRCLE('',#7260,0.500001333575);
#7260 = AXIS2_PLACEMENT_3D('',#7261,#7262,#7263);
#7261 = CARTESIAN_POINT('',(285.83749866642,-161.6874986664,1.6));
#7262 = DIRECTION('',(0.,0.,1.));
#7263 = DIRECTION('',(2.667139077356E-06,-0.999999999996,0.));
#7264 = ORIENTED_EDGE('',*,*,#7265,.F.);
#7265 = EDGE_CURVE('',#7266,#7257,#7268,.T.);
#7266 = VERTEX_POINT('',#7267);
#7267 = CARTESIAN_POINT('',(270.45,-162.1875,1.6));
#7268 = LINE('',#7269,#7270);
#7269 = CARTESIAN_POINT('',(270.45,-162.1875,1.6));
#7270 = VECTOR('',#7271,1.);
#7271 = DIRECTION('',(1.,0.,0.));
#7272 = ORIENTED_EDGE('',*,*,#7273,.F.);
#7273 = EDGE_CURVE('',#7274,#7266,#7276,.T.);
#7274 = VERTEX_POINT('',#7275);
#7275 = CARTESIAN_POINT('',(269.95,-161.6875,1.6));
#7276 = CIRCLE('',#7277,0.500001333575);
#7277 = AXIS2_PLACEMENT_3D('',#7278,#7279,#7280);
#7278 = CARTESIAN_POINT('',(270.45000133357,-161.6874986664,1.6));
#7279 = DIRECTION('',(0.,0.,1.));
#7280 = DIRECTION('',(-0.999999999996,-2.667139191042E-06,0.));
#7281 = ORIENTED_EDGE('',*,*,#7282,.F.);
#7282 = EDGE_CURVE('',#7223,#7274,#7283,.T.);
#7283 = LINE('',#7284,#7285);
#7284 = CARTESIAN_POINT('',(269.95,-148.6875,1.6));
#7285 = VECTOR('',#7286,1.);
#7286 = DIRECTION('',(0.,-1.,0.));
#7287 = FACE_BOUND('',#7288,.T.);
#7288 = EDGE_LOOP('',(#7289));
#7289 = ORIENTED_EDGE('',*,*,#7290,.T.);
#7290 = EDGE_CURVE('',#7291,#7291,#7293,.T.);
#7291 = VERTEX_POINT('',#7292);
#7292 = CARTESIAN_POINT('',(360.5125,-168.725,1.6));
#7293 = CIRCLE('',#7294,1.6);
#7294 = AXIS2_PLACEMENT_3D('',#7295,#7296,#7297);
#7295 = CARTESIAN_POINT('',(360.5125,-167.125,1.6));
#7296 = DIRECTION('',(-0.,0.,-1.));
#7297 = DIRECTION('',(-3.552713678801E-14,-1.,0.));
#7298 = FACE_BOUND('',#7299,.T.);
#7299 = EDGE_LOOP('',(#7300,#7311,#7319,#7328,#7336,#7345,#7353,#7362));
#7300 = ORIENTED_EDGE('',*,*,#7301,.F.);
#7301 = EDGE_CURVE('',#7302,#7304,#7306,.T.);
#7302 = VERTEX_POINT('',#7303);
#7303 = CARTESIAN_POINT('',(303.875,-148.1875,1.6));
#7304 = VERTEX_POINT('',#7305);
#7305 = CARTESIAN_POINT('',(303.375,-148.6875,1.6));
#7306 = CIRCLE('',#7307,0.500001333575);
#7307 = AXIS2_PLACEMENT_3D('',#7308,#7309,#7310);
#7308 = CARTESIAN_POINT('',(303.87500133357,-148.6875013335,1.6));
#7309 = DIRECTION('',(0.,0.,1.));
#7310 = DIRECTION('',(-2.667139304729E-06,0.999999999996,0.));
#7311 = ORIENTED_EDGE('',*,*,#7312,.F.);
#7312 = EDGE_CURVE('',#7313,#7302,#7315,.T.);
#7313 = VERTEX_POINT('',#7314);
#7314 = CARTESIAN_POINT('',(316.875,-148.1875,1.6));
#7315 = LINE('',#7316,#7317);
#7316 = CARTESIAN_POINT('',(316.875,-148.1875,1.6));
#7317 = VECTOR('',#7318,1.);
#7318 = DIRECTION('',(-1.,0.,0.));
#7319 = ORIENTED_EDGE('',*,*,#7320,.F.);
#7320 = EDGE_CURVE('',#7321,#7313,#7323,.T.);
#7321 = VERTEX_POINT('',#7322);
#7322 = CARTESIAN_POINT('',(317.375,-148.6875,1.6));
#7323 = CIRCLE('',#7324,0.500001333575);
#7324 = AXIS2_PLACEMENT_3D('',#7325,#7326,#7327);
#7325 = CARTESIAN_POINT('',(316.87499866642,-148.6875013335,1.6));
#7326 = DIRECTION('',(0.,0.,1.));
#7327 = DIRECTION('',(0.999999999996,2.667139191042E-06,-0.));
#7328 = ORIENTED_EDGE('',*,*,#7329,.F.);
#7329 = EDGE_CURVE('',#7330,#7321,#7332,.T.);
#7330 = VERTEX_POINT('',#7331);
#7331 = CARTESIAN_POINT('',(317.375,-161.6875,1.6));
#7332 = LINE('',#7333,#7334);
#7333 = CARTESIAN_POINT('',(317.375,-161.6875,1.6));
#7334 = VECTOR('',#7335,1.);
#7335 = DIRECTION('',(0.,1.,0.));
#7336 = ORIENTED_EDGE('',*,*,#7337,.F.);
#7337 = EDGE_CURVE('',#7338,#7330,#7340,.T.);
#7338 = VERTEX_POINT('',#7339);
#7339 = CARTESIAN_POINT('',(316.875,-162.1875,1.6));
#7340 = CIRCLE('',#7341,0.500001333575);
#7341 = AXIS2_PLACEMENT_3D('',#7342,#7343,#7344);
#7342 = CARTESIAN_POINT('',(316.87499866642,-161.6874986664,1.6));
#7343 = DIRECTION('',(0.,0.,1.));
#7344 = DIRECTION('',(2.667139304729E-06,-0.999999999996,0.));
#7345 = ORIENTED_EDGE('',*,*,#7346,.F.);
#7346 = EDGE_CURVE('',#7347,#7338,#7349,.T.);
#7347 = VERTEX_POINT('',#7348);
#7348 = CARTESIAN_POINT('',(303.875,-162.1875,1.6));
#7349 = LINE('',#7350,#7351);
#7350 = CARTESIAN_POINT('',(303.875,-162.1875,1.6));
#7351 = VECTOR('',#7352,1.);
#7352 = DIRECTION('',(1.,0.,0.));
#7353 = ORIENTED_EDGE('',*,*,#7354,.F.);
#7354 = EDGE_CURVE('',#7355,#7347,#7357,.T.);
#7355 = VERTEX_POINT('',#7356);
#7356 = CARTESIAN_POINT('',(303.375,-161.6875,1.6));
#7357 = CIRCLE('',#7358,0.500001333575);
#7358 = AXIS2_PLACEMENT_3D('',#7359,#7360,#7361);
#7359 = CARTESIAN_POINT('',(303.87500133357,-161.6874986664,1.6));
#7360 = DIRECTION('',(0.,0.,1.));
#7361 = DIRECTION('',(-0.999999999996,-2.667139191042E-06,0.));
#7362 = ORIENTED_EDGE('',*,*,#7363,.F.);
#7363 = EDGE_CURVE('',#7304,#7355,#7364,.T.);
#7364 = LINE('',#7365,#7366);
#7365 = CARTESIAN_POINT('',(303.375,-148.6875,1.6));
#7366 = VECTOR('',#7367,1.);
#7367 = DIRECTION('',(0.,-1.,0.));
#7368 = FACE_BOUND('',#7369,.T.);
#7369 = EDGE_LOOP('',(#7370,#7381,#7389,#7398,#7406,#7415,#7423,#7432));
#7370 = ORIENTED_EDGE('',*,*,#7371,.F.);
#7371 = EDGE_CURVE('',#7372,#7374,#7376,.T.);
#7372 = VERTEX_POINT('',#7373);
#7373 = CARTESIAN_POINT('',(322.975,-148.1875,1.6));
#7374 = VERTEX_POINT('',#7375);
#7375 = CARTESIAN_POINT('',(322.475,-148.6875,1.6));
#7376 = CIRCLE('',#7377,0.500001333575);
#7377 = AXIS2_PLACEMENT_3D('',#7378,#7379,#7380);
#7378 = CARTESIAN_POINT('',(322.97500133357,-148.6875013335,1.6));
#7379 = DIRECTION('',(0.,0.,1.));
#7380 = DIRECTION('',(-2.667139077356E-06,0.999999999996,0.));
#7381 = ORIENTED_EDGE('',*,*,#7382,.F.);
#7382 = EDGE_CURVE('',#7383,#7372,#7385,.T.);
#7383 = VERTEX_POINT('',#7384);
#7384 = CARTESIAN_POINT('',(335.975,-148.1875,1.6));
#7385 = LINE('',#7386,#7387);
#7386 = CARTESIAN_POINT('',(335.975,-148.1875,1.6));
#7387 = VECTOR('',#7388,1.);
#7388 = DIRECTION('',(-1.,0.,0.));
#7389 = ORIENTED_EDGE('',*,*,#7390,.F.);
#7390 = EDGE_CURVE('',#7391,#7383,#7393,.T.);
#7391 = VERTEX_POINT('',#7392);
#7392 = CARTESIAN_POINT('',(336.475,-148.6875,1.6));
#7393 = CIRCLE('',#7394,0.500001333575);
#7394 = AXIS2_PLACEMENT_3D('',#7395,#7396,#7397);
#7395 = CARTESIAN_POINT('',(335.97499866642,-148.6875013335,1.6));
#7396 = DIRECTION('',(0.,0.,1.));
#7397 = DIRECTION('',(0.999999999996,2.667139191042E-06,-0.));
#7398 = ORIENTED_EDGE('',*,*,#7399,.F.);
#7399 = EDGE_CURVE('',#7400,#7391,#7402,.T.);
#7400 = VERTEX_POINT('',#7401);
#7401 = CARTESIAN_POINT('',(336.475,-161.6875,1.6));
#7402 = LINE('',#7403,#7404);
#7403 = CARTESIAN_POINT('',(336.475,-161.6875,1.6));
#7404 = VECTOR('',#7405,1.);
#7405 = DIRECTION('',(0.,1.,0.));
#7406 = ORIENTED_EDGE('',*,*,#7407,.F.);
#7407 = EDGE_CURVE('',#7408,#7400,#7410,.T.);
#7408 = VERTEX_POINT('',#7409);
#7409 = CARTESIAN_POINT('',(335.975,-162.1875,1.6));
#7410 = CIRCLE('',#7411,0.500001333575);
#7411 = AXIS2_PLACEMENT_3D('',#7412,#7413,#7414);
#7412 = CARTESIAN_POINT('',(335.97499866642,-161.6874986664,1.6));
#7413 = DIRECTION('',(0.,0.,1.));
#7414 = DIRECTION('',(2.667139304729E-06,-0.999999999996,0.));
#7415 = ORIENTED_EDGE('',*,*,#7416,.F.);
#7416 = EDGE_CURVE('',#7417,#7408,#7419,.T.);
#7417 = VERTEX_POINT('',#7418);
#7418 = CARTESIAN_POINT('',(322.975,-162.1875,1.6));
#7419 = LINE('',#7420,#7421);
#7420 = CARTESIAN_POINT('',(322.975,-162.1875,1.6));
#7421 = VECTOR('',#7422,1.);
#7422 = DIRECTION('',(1.,0.,0.));
#7423 = ORIENTED_EDGE('',*,*,#7424,.F.);
#7424 = EDGE_CURVE('',#7425,#7417,#7427,.T.);
#7425 = VERTEX_POINT('',#7426);
#7426 = CARTESIAN_POINT('',(322.475,-161.6875,1.6));
#7427 = CIRCLE('',#7428,0.500001333575);
#7428 = AXIS2_PLACEMENT_3D('',#7429,#7430,#7431);
#7429 = CARTESIAN_POINT('',(322.97500133357,-161.6874986664,1.6));
#7430 = DIRECTION('',(0.,0.,1.));
#7431 = DIRECTION('',(-0.999999999996,-2.667139020513E-06,0.));
#7432 = ORIENTED_EDGE('',*,*,#7433,.F.);
#7433 = EDGE_CURVE('',#7374,#7425,#7434,.T.);
#7434 = LINE('',#7435,#7436);
#7435 = CARTESIAN_POINT('',(322.475,-148.6875,1.6));
#7436 = VECTOR('',#7437,1.);
#7437 = DIRECTION('',(0.,-1.,0.));
#7438 = FACE_BOUND('',#7439,.T.);
#7439 = EDGE_LOOP('',(#7440,#7451,#7459,#7468,#7476,#7485,#7493,#7502));
#7440 = ORIENTED_EDGE('',*,*,#7441,.F.);
#7441 = EDGE_CURVE('',#7442,#7444,#7446,.T.);
#7442 = VERTEX_POINT('',#7443);
#7443 = CARTESIAN_POINT('',(342.075,-148.1875,1.6));
#7444 = VERTEX_POINT('',#7445);
#7445 = CARTESIAN_POINT('',(341.575,-148.6875,1.6));
#7446 = CIRCLE('',#7447,0.500001333575);
#7447 = AXIS2_PLACEMENT_3D('',#7448,#7449,#7450);
#7448 = CARTESIAN_POINT('',(342.07500133357,-148.6875013335,1.6));
#7449 = DIRECTION('',(0.,0.,1.));
#7450 = DIRECTION('',(-2.667139191042E-06,0.999999999996,0.));
#7451 = ORIENTED_EDGE('',*,*,#7452,.F.);
#7452 = EDGE_CURVE('',#7453,#7442,#7455,.T.);
#7453 = VERTEX_POINT('',#7454);
#7454 = CARTESIAN_POINT('',(355.075,-148.1875,1.6));
#7455 = LINE('',#7456,#7457);
#7456 = CARTESIAN_POINT('',(355.075,-148.1875,1.6));
#7457 = VECTOR('',#7458,1.);
#7458 = DIRECTION('',(-1.,0.,0.));
#7459 = ORIENTED_EDGE('',*,*,#7460,.F.);
#7460 = EDGE_CURVE('',#7461,#7453,#7463,.T.);
#7461 = VERTEX_POINT('',#7462);
#7462 = CARTESIAN_POINT('',(355.575,-148.6875,1.6));
#7463 = CIRCLE('',#7464,0.500001333575);
#7464 = AXIS2_PLACEMENT_3D('',#7465,#7466,#7467);
#7465 = CARTESIAN_POINT('',(355.07499866642,-148.6875013335,1.6));
#7466 = DIRECTION('',(0.,0.,1.));
#7467 = DIRECTION('',(0.999999999996,2.667139020513E-06,-0.));
#7468 = ORIENTED_EDGE('',*,*,#7469,.F.);
#7469 = EDGE_CURVE('',#7470,#7461,#7472,.T.);
#7470 = VERTEX_POINT('',#7471);
#7471 = CARTESIAN_POINT('',(355.575,-161.6875,1.6));
#7472 = LINE('',#7473,#7474);
#7473 = CARTESIAN_POINT('',(355.575,-161.6875,1.6));
#7474 = VECTOR('',#7475,1.);
#7475 = DIRECTION('',(0.,1.,0.));
#7476 = ORIENTED_EDGE('',*,*,#7477,.F.);
#7477 = EDGE_CURVE('',#7478,#7470,#7480,.T.);
#7478 = VERTEX_POINT('',#7479);
#7479 = CARTESIAN_POINT('',(355.075,-162.1875,1.6));
#7480 = CIRCLE('',#7481,0.500001333575);
#7481 = AXIS2_PLACEMENT_3D('',#7482,#7483,#7484);
#7482 = CARTESIAN_POINT('',(355.07499866642,-161.6874986664,1.6));
#7483 = DIRECTION('',(0.,0.,1.));
#7484 = DIRECTION('',(2.667139077356E-06,-0.999999999996,0.));
#7485 = ORIENTED_EDGE('',*,*,#7486,.F.);
#7486 = EDGE_CURVE('',#7487,#7478,#7489,.T.);
#7487 = VERTEX_POINT('',#7488);
#7488 = CARTESIAN_POINT('',(342.075,-162.1875,1.6));
#7489 = LINE('',#7490,#7491);
#7490 = CARTESIAN_POINT('',(342.075,-162.1875,1.6));
#7491 = VECTOR('',#7492,1.);
#7492 = DIRECTION('',(1.,0.,0.));
#7493 = ORIENTED_EDGE('',*,*,#7494,.F.);
#7494 = EDGE_CURVE('',#7495,#7487,#7497,.T.);
#7495 = VERTEX_POINT('',#7496);
#7496 = CARTESIAN_POINT('',(341.575,-161.6875,1.6));
#7497 = CIRCLE('',#7498,0.500001333575);
#7498 = AXIS2_PLACEMENT_3D('',#7499,#7500,#7501);
#7499 = CARTESIAN_POINT('',(342.07500133357,-161.6874986664,1.6));
#7500 = DIRECTION('',(0.,0.,1.));
#7501 = DIRECTION('',(-0.999999999996,-2.667139191042E-06,0.));
#7502 = ORIENTED_EDGE('',*,*,#7503,.F.);
#7503 = EDGE_CURVE('',#7444,#7495,#7504,.T.);
#7504 = LINE('',#7505,#7506);
#7505 = CARTESIAN_POINT('',(341.575,-148.6875,1.6));
#7506 = VECTOR('',#7507,1.);
#7507 = DIRECTION('',(0.,-1.,0.));
#7508 = FACE_BOUND('',#7509,.T.);
#7509 = EDGE_LOOP('',(#7510,#7521,#7529,#7538,#7546,#7555,#7563,#7572));
#7510 = ORIENTED_EDGE('',*,*,#7511,.F.);
#7511 = EDGE_CURVE('',#7512,#7514,#7516,.T.);
#7512 = VERTEX_POINT('',#7513);
#7513 = CARTESIAN_POINT('',(213.15,-129.0875,1.6));
#7514 = VERTEX_POINT('',#7515);
#7515 = CARTESIAN_POINT('',(212.65,-129.5875,1.6));
#7516 = CIRCLE('',#7517,0.500001333575);
#7517 = AXIS2_PLACEMENT_3D('',#7518,#7519,#7520);
#7518 = CARTESIAN_POINT('',(213.15000133357,-129.5875013335,1.6));
#7519 = DIRECTION('',(0.,0.,1.));
#7520 = DIRECTION('',(-2.667139191042E-06,0.999999999996,0.));
#7521 = ORIENTED_EDGE('',*,*,#7522,.F.);
#7522 = EDGE_CURVE('',#7523,#7512,#7525,.T.);
#7523 = VERTEX_POINT('',#7524);
#7524 = CARTESIAN_POINT('',(226.15,-129.0875,1.6));
#7525 = LINE('',#7526,#7527);
#7526 = CARTESIAN_POINT('',(226.15,-129.0875,1.6));
#7527 = VECTOR('',#7528,1.);
#7528 = DIRECTION('',(-1.,0.,0.));
#7529 = ORIENTED_EDGE('',*,*,#7530,.F.);
#7530 = EDGE_CURVE('',#7531,#7523,#7533,.T.);
#7531 = VERTEX_POINT('',#7532);
#7532 = CARTESIAN_POINT('',(226.65,-129.5875,1.6));
#7533 = CIRCLE('',#7534,0.500001333575);
#7534 = AXIS2_PLACEMENT_3D('',#7535,#7536,#7537);
#7535 = CARTESIAN_POINT('',(226.14999866642,-129.5875013335,1.6));
#7536 = DIRECTION('',(0.,0.,1.));
#7537 = DIRECTION('',(0.999999999996,2.667139191042E-06,-0.));
#7538 = ORIENTED_EDGE('',*,*,#7539,.F.);
#7539 = EDGE_CURVE('',#7540,#7531,#7542,.T.);
#7540 = VERTEX_POINT('',#7541);
#7541 = CARTESIAN_POINT('',(226.65,-142.5875,1.6));
#7542 = LINE('',#7543,#7544);
#7543 = CARTESIAN_POINT('',(226.65,-142.5875,1.6));
#7544 = VECTOR('',#7545,1.);
#7545 = DIRECTION('',(0.,1.,0.));
#7546 = ORIENTED_EDGE('',*,*,#7547,.F.);
#7547 = EDGE_CURVE('',#7548,#7540,#7550,.T.);
#7548 = VERTEX_POINT('',#7549);
#7549 = CARTESIAN_POINT('',(226.15,-143.0875,1.6));
#7550 = CIRCLE('',#7551,0.500001333575);
#7551 = AXIS2_PLACEMENT_3D('',#7552,#7553,#7554);
#7552 = CARTESIAN_POINT('',(226.14999866642,-142.5874986664,1.6));
#7553 = DIRECTION('',(0.,0.,1.));
#7554 = DIRECTION('',(2.667139191042E-06,-0.999999999996,0.));
#7555 = ORIENTED_EDGE('',*,*,#7556,.F.);
#7556 = EDGE_CURVE('',#7557,#7548,#7559,.T.);
#7557 = VERTEX_POINT('',#7558);
#7558 = CARTESIAN_POINT('',(213.15,-143.0875,1.6));
#7559 = LINE('',#7560,#7561);
#7560 = CARTESIAN_POINT('',(213.15,-143.0875,1.6));
#7561 = VECTOR('',#7562,1.);
#7562 = DIRECTION('',(1.,0.,0.));
#7563 = ORIENTED_EDGE('',*,*,#7564,.F.);
#7564 = EDGE_CURVE('',#7565,#7557,#7567,.T.);
#7565 = VERTEX_POINT('',#7566);
#7566 = CARTESIAN_POINT('',(212.65,-142.5875,1.6));
#7567 = CIRCLE('',#7568,0.500001333575);
#7568 = AXIS2_PLACEMENT_3D('',#7569,#7570,#7571);
#7569 = CARTESIAN_POINT('',(213.15000133357,-142.5874986664,1.6));
#7570 = DIRECTION('',(0.,0.,1.));
#7571 = DIRECTION('',(-0.999999999996,-2.667139191042E-06,0.));
#7572 = ORIENTED_EDGE('',*,*,#7573,.F.);
#7573 = EDGE_CURVE('',#7514,#7565,#7574,.T.);
#7574 = LINE('',#7575,#7576);
#7575 = CARTESIAN_POINT('',(212.65,-129.5875,1.6));
#7576 = VECTOR('',#7577,1.);
#7577 = DIRECTION('',(0.,-1.,0.));
#7578 = FACE_BOUND('',#7579,.T.);
#7579 = EDGE_LOOP('',(#7580,#7591,#7599,#7608,#7616,#7625,#7633,#7642));
#7580 = ORIENTED_EDGE('',*,*,#7581,.F.);
#7581 = EDGE_CURVE('',#7582,#7584,#7586,.T.);
#7582 = VERTEX_POINT('',#7583);
#7583 = CARTESIAN_POINT('',(232.25,-129.0875,1.6));
#7584 = VERTEX_POINT('',#7585);
#7585 = CARTESIAN_POINT('',(231.75,-129.5875,1.6));
#7586 = CIRCLE('',#7587,0.500001333575);
#7587 = AXIS2_PLACEMENT_3D('',#7588,#7589,#7590);
#7588 = CARTESIAN_POINT('',(232.25000133357,-129.5875013335,1.6));
#7589 = DIRECTION('',(0.,0.,1.));
#7590 = DIRECTION('',(-2.667139134199E-06,0.999999999996,0.));
#7591 = ORIENTED_EDGE('',*,*,#7592,.F.);
#7592 = EDGE_CURVE('',#7593,#7582,#7595,.T.);
#7593 = VERTEX_POINT('',#7594);
#7594 = CARTESIAN_POINT('',(245.25,-129.0875,1.6));
#7595 = LINE('',#7596,#7597);
#7596 = CARTESIAN_POINT('',(245.25,-129.0875,1.6));
#7597 = VECTOR('',#7598,1.);
#7598 = DIRECTION('',(-1.,0.,0.));
#7599 = ORIENTED_EDGE('',*,*,#7600,.F.);
#7600 = EDGE_CURVE('',#7601,#7593,#7603,.T.);
#7601 = VERTEX_POINT('',#7602);
#7602 = CARTESIAN_POINT('',(245.75,-129.5875,1.6));
#7603 = CIRCLE('',#7604,0.500001333575);
#7604 = AXIS2_PLACEMENT_3D('',#7605,#7606,#7607);
#7605 = CARTESIAN_POINT('',(245.24999866642,-129.5875013335,1.6));
#7606 = DIRECTION('',(0.,0.,1.));
#7607 = DIRECTION('',(0.999999999996,2.667139191043E-06,-0.));
#7608 = ORIENTED_EDGE('',*,*,#7609,.F.);
#7609 = EDGE_CURVE('',#7610,#7601,#7612,.T.);
#7610 = VERTEX_POINT('',#7611);
#7611 = CARTESIAN_POINT('',(245.75,-142.5875,1.6));
#7612 = LINE('',#7613,#7614);
#7613 = CARTESIAN_POINT('',(245.75,-142.5875,1.6));
#7614 = VECTOR('',#7615,1.);
#7615 = DIRECTION('',(0.,1.,0.));
#7616 = ORIENTED_EDGE('',*,*,#7617,.F.);
#7617 = EDGE_CURVE('',#7618,#7610,#7620,.T.);
#7618 = VERTEX_POINT('',#7619);
#7619 = CARTESIAN_POINT('',(245.25,-143.0875,1.6));
#7620 = CIRCLE('',#7621,0.500001333575);
#7621 = AXIS2_PLACEMENT_3D('',#7622,#7623,#7624);
#7622 = CARTESIAN_POINT('',(245.24999866642,-142.5874986664,1.6));
#7623 = DIRECTION('',(0.,0.,1.));
#7624 = DIRECTION('',(2.667139134199E-06,-0.999999999996,0.));
#7625 = ORIENTED_EDGE('',*,*,#7626,.F.);
#7626 = EDGE_CURVE('',#7627,#7618,#7629,.T.);
#7627 = VERTEX_POINT('',#7628);
#7628 = CARTESIAN_POINT('',(232.25,-143.0875,1.6));
#7629 = LINE('',#7630,#7631);
#7630 = CARTESIAN_POINT('',(232.25,-143.0875,1.6));
#7631 = VECTOR('',#7632,1.);
#7632 = DIRECTION('',(1.,0.,0.));
#7633 = ORIENTED_EDGE('',*,*,#7634,.F.);
#7634 = EDGE_CURVE('',#7635,#7627,#7637,.T.);
#7635 = VERTEX_POINT('',#7636);
#7636 = CARTESIAN_POINT('',(231.75,-142.5875,1.6));
#7637 = CIRCLE('',#7638,0.500001333575);
#7638 = AXIS2_PLACEMENT_3D('',#7639,#7640,#7641);
#7639 = CARTESIAN_POINT('',(232.25000133357,-142.5874986664,1.6));
#7640 = DIRECTION('',(0.,0.,1.));
#7641 = DIRECTION('',(-0.999999999996,-2.667139191043E-06,0.));
#7642 = ORIENTED_EDGE('',*,*,#7643,.F.);
#7643 = EDGE_CURVE('',#7584,#7635,#7644,.T.);
#7644 = LINE('',#7645,#7646);
#7645 = CARTESIAN_POINT('',(231.75,-129.5875,1.6));
#7646 = VECTOR('',#7647,1.);
#7647 = DIRECTION('',(0.,-1.,0.));
#7648 = FACE_BOUND('',#7649,.T.);
#7649 = EDGE_LOOP('',(#7650,#7661,#7669,#7678,#7686,#7695,#7703,#7712));
#7650 = ORIENTED_EDGE('',*,*,#7651,.F.);
#7651 = EDGE_CURVE('',#7652,#7654,#7656,.T.);
#7652 = VERTEX_POINT('',#7653);
#7653 = CARTESIAN_POINT('',(251.35,-129.0875,1.6));
#7654 = VERTEX_POINT('',#7655);
#7655 = CARTESIAN_POINT('',(250.85,-129.5875,1.6));
#7656 = CIRCLE('',#7657,0.500001333575);
#7657 = AXIS2_PLACEMENT_3D('',#7658,#7659,#7660);
#7658 = CARTESIAN_POINT('',(251.35000133357,-129.5875013335,1.6));
#7659 = DIRECTION('',(0.,0.,1.));
#7660 = DIRECTION('',(-2.667139191042E-06,0.999999999996,0.));
#7661 = ORIENTED_EDGE('',*,*,#7662,.F.);
#7662 = EDGE_CURVE('',#7663,#7652,#7665,.T.);
#7663 = VERTEX_POINT('',#7664);
#7664 = CARTESIAN_POINT('',(264.35,-129.0875,1.6));
#7665 = LINE('',#7666,#7667);
#7666 = CARTESIAN_POINT('',(264.35,-129.0875,1.6));
#7667 = VECTOR('',#7668,1.);
#7668 = DIRECTION('',(-1.,0.,0.));
#7669 = ORIENTED_EDGE('',*,*,#7670,.F.);
#7670 = EDGE_CURVE('',#7671,#7663,#7673,.T.);
#7671 = VERTEX_POINT('',#7672);
#7672 = CARTESIAN_POINT('',(264.85,-129.5875,1.6));
#7673 = CIRCLE('',#7674,0.500001333575);
#7674 = AXIS2_PLACEMENT_3D('',#7675,#7676,#7677);
#7675 = CARTESIAN_POINT('',(264.34999866642,-129.5875013335,1.6));
#7676 = DIRECTION('',(0.,0.,1.));
#7677 = DIRECTION('',(0.999999999996,2.667139247885E-06,-0.));
#7678 = ORIENTED_EDGE('',*,*,#7679,.F.);
#7679 = EDGE_CURVE('',#7680,#7671,#7682,.T.);
#7680 = VERTEX_POINT('',#7681);
#7681 = CARTESIAN_POINT('',(264.85,-142.5875,1.6));
#7682 = LINE('',#7683,#7684);
#7683 = CARTESIAN_POINT('',(264.85,-142.5875,1.6));
#7684 = VECTOR('',#7685,1.);
#7685 = DIRECTION('',(0.,1.,0.));
#7686 = ORIENTED_EDGE('',*,*,#7687,.F.);
#7687 = EDGE_CURVE('',#7688,#7680,#7690,.T.);
#7688 = VERTEX_POINT('',#7689);
#7689 = CARTESIAN_POINT('',(264.35,-143.0875,1.6));
#7690 = CIRCLE('',#7691,0.500001333575);
#7691 = AXIS2_PLACEMENT_3D('',#7692,#7693,#7694);
#7692 = CARTESIAN_POINT('',(264.34999866642,-142.5874986664,1.6));
#7693 = DIRECTION('',(0.,0.,1.));
#7694 = DIRECTION('',(2.667139304729E-06,-0.999999999996,0.));
#7695 = ORIENTED_EDGE('',*,*,#7696,.F.);
#7696 = EDGE_CURVE('',#7697,#7688,#7699,.T.);
#7697 = VERTEX_POINT('',#7698);
#7698 = CARTESIAN_POINT('',(251.35,-143.0875,1.6));
#7699 = LINE('',#7700,#7701);
#7700 = CARTESIAN_POINT('',(251.35,-143.0875,1.6));
#7701 = VECTOR('',#7702,1.);
#7702 = DIRECTION('',(1.,0.,0.));
#7703 = ORIENTED_EDGE('',*,*,#7704,.F.);
#7704 = EDGE_CURVE('',#7705,#7697,#7707,.T.);
#7705 = VERTEX_POINT('',#7706);
#7706 = CARTESIAN_POINT('',(250.85,-142.5875,1.6));
#7707 = CIRCLE('',#7708,0.500001333575);
#7708 = AXIS2_PLACEMENT_3D('',#7709,#7710,#7711);
#7709 = CARTESIAN_POINT('',(251.35000133357,-142.5874986664,1.6));
#7710 = DIRECTION('',(0.,0.,1.));
#7711 = DIRECTION('',(-0.999999999996,-2.667139191042E-06,0.));
#7712 = ORIENTED_EDGE('',*,*,#7713,.F.);
#7713 = EDGE_CURVE('',#7654,#7705,#7714,.T.);
#7714 = LINE('',#7715,#7716);
#7715 = CARTESIAN_POINT('',(250.85,-129.5875,1.6));
#7716 = VECTOR('',#7717,1.);
#7717 = DIRECTION('',(0.,-1.,0.));
#7718 = FACE_BOUND('',#7719,.T.);
#7719 = EDGE_LOOP('',(#7720,#7731,#7739,#7748,#7756,#7765,#7773,#7782));
#7720 = ORIENTED_EDGE('',*,*,#7721,.F.);
#7721 = EDGE_CURVE('',#7722,#7724,#7726,.T.);
#7722 = VERTEX_POINT('',#7723);
#7723 = CARTESIAN_POINT('',(270.45,-129.0875,1.6));
#7724 = VERTEX_POINT('',#7725);
#7725 = CARTESIAN_POINT('',(269.95,-129.5875,1.6));
#7726 = CIRCLE('',#7727,0.500001333575);
#7727 = AXIS2_PLACEMENT_3D('',#7728,#7729,#7730);
#7728 = CARTESIAN_POINT('',(270.45000133357,-129.5875013335,1.6));
#7729 = DIRECTION('',(0.,0.,1.));
#7730 = DIRECTION('',(-2.667139191042E-06,0.999999999996,0.));
#7731 = ORIENTED_EDGE('',*,*,#7732,.F.);
#7732 = EDGE_CURVE('',#7733,#7722,#7735,.T.);
#7733 = VERTEX_POINT('',#7734);
#7734 = CARTESIAN_POINT('',(283.45,-129.0875,1.6));
#7735 = LINE('',#7736,#7737);
#7736 = CARTESIAN_POINT('',(283.45,-129.0875,1.6));
#7737 = VECTOR('',#7738,1.);
#7738 = DIRECTION('',(-1.,0.,0.));
#7739 = ORIENTED_EDGE('',*,*,#7740,.F.);
#7740 = EDGE_CURVE('',#7741,#7733,#7743,.T.);
#7741 = VERTEX_POINT('',#7742);
#7742 = CARTESIAN_POINT('',(283.95,-129.5875,1.6));
#7743 = CIRCLE('',#7744,0.500001333575);
#7744 = AXIS2_PLACEMENT_3D('',#7745,#7746,#7747);
#7745 = CARTESIAN_POINT('',(283.44999866642,-129.5875013335,1.6));
#7746 = DIRECTION('',(0.,0.,1.));
#7747 = DIRECTION('',(0.999999999996,2.667139077356E-06,-0.));
#7748 = ORIENTED_EDGE('',*,*,#7749,.F.);
#7749 = EDGE_CURVE('',#7750,#7741,#7752,.T.);
#7750 = VERTEX_POINT('',#7751);
#7751 = CARTESIAN_POINT('',(283.95,-142.5875,1.6));
#7752 = LINE('',#7753,#7754);
#7753 = CARTESIAN_POINT('',(283.95,-142.5875,1.6));
#7754 = VECTOR('',#7755,1.);
#7755 = DIRECTION('',(0.,1.,0.));
#7756 = ORIENTED_EDGE('',*,*,#7757,.F.);
#7757 = EDGE_CURVE('',#7758,#7750,#7760,.T.);
#7758 = VERTEX_POINT('',#7759);
#7759 = CARTESIAN_POINT('',(283.45,-143.0875,1.6));
#7760 = CIRCLE('',#7761,0.500001333575);
#7761 = AXIS2_PLACEMENT_3D('',#7762,#7763,#7764);
#7762 = CARTESIAN_POINT('',(283.44999866642,-142.5874986664,1.6));
#7763 = DIRECTION('',(0.,0.,1.));
#7764 = DIRECTION('',(2.667139077356E-06,-0.999999999996,0.));
#7765 = ORIENTED_EDGE('',*,*,#7766,.F.);
#7766 = EDGE_CURVE('',#7767,#7758,#7769,.T.);
#7767 = VERTEX_POINT('',#7768);
#7768 = CARTESIAN_POINT('',(270.45,-143.0875,1.6));
#7769 = LINE('',#7770,#7771);
#7770 = CARTESIAN_POINT('',(270.45,-143.0875,1.6));
#7771 = VECTOR('',#7772,1.);
#7772 = DIRECTION('',(1.,0.,0.));
#7773 = ORIENTED_EDGE('',*,*,#7774,.F.);
#7774 = EDGE_CURVE('',#7775,#7767,#7777,.T.);
#7775 = VERTEX_POINT('',#7776);
#7776 = CARTESIAN_POINT('',(269.95,-142.5875,1.6));
#7777 = CIRCLE('',#7778,0.500001333575);
#7778 = AXIS2_PLACEMENT_3D('',#7779,#7780,#7781);
#7779 = CARTESIAN_POINT('',(270.45000133357,-142.5874986664,1.6));
#7780 = DIRECTION('',(0.,0.,1.));
#7781 = DIRECTION('',(-0.999999999996,-2.667139247886E-06,0.));
#7782 = ORIENTED_EDGE('',*,*,#7783,.F.);
#7783 = EDGE_CURVE('',#7724,#7775,#7784,.T.);
#7784 = LINE('',#7785,#7786);
#7785 = CARTESIAN_POINT('',(269.95,-129.5875,1.6));
#7786 = VECTOR('',#7787,1.);
#7787 = DIRECTION('',(0.,-1.,0.));
#7788 = FACE_BOUND('',#7789,.T.);
#7789 = EDGE_LOOP('',(#7790,#7801,#7809,#7818,#7826,#7835,#7843,#7852));
#7790 = ORIENTED_EDGE('',*,*,#7791,.F.);
#7791 = EDGE_CURVE('',#7792,#7794,#7796,.T.);
#7792 = VERTEX_POINT('',#7793);
#7793 = CARTESIAN_POINT('',(296.7125,-129.0875,1.6));
#7794 = VERTEX_POINT('',#7795);
#7795 = CARTESIAN_POINT('',(296.2125,-129.5875,1.6));
#7796 = CIRCLE('',#7797,0.500001333575);
#7797 = AXIS2_PLACEMENT_3D('',#7798,#7799,#7800);
#7798 = CARTESIAN_POINT('',(296.71250133357,-129.5875013335,1.6));
#7799 = DIRECTION('',(0.,0.,1.));
#7800 = DIRECTION('',(-2.667139304729E-06,0.999999999996,0.));
#7801 = ORIENTED_EDGE('',*,*,#7802,.F.);
#7802 = EDGE_CURVE('',#7803,#7792,#7805,.T.);
#7803 = VERTEX_POINT('',#7804);
#7804 = CARTESIAN_POINT('',(309.7125,-129.0875,1.6));
#7805 = LINE('',#7806,#7807);
#7806 = CARTESIAN_POINT('',(309.7125,-129.0875,1.6));
#7807 = VECTOR('',#7808,1.);
#7808 = DIRECTION('',(-1.,0.,0.));
#7809 = ORIENTED_EDGE('',*,*,#7810,.F.);
#7810 = EDGE_CURVE('',#7811,#7803,#7813,.T.);
#7811 = VERTEX_POINT('',#7812);
#7812 = CARTESIAN_POINT('',(310.2125,-129.5875,1.6));
#7813 = CIRCLE('',#7814,0.500001333575);
#7814 = AXIS2_PLACEMENT_3D('',#7815,#7816,#7817);
#7815 = CARTESIAN_POINT('',(309.71249866642,-129.5875013335,1.6));
#7816 = DIRECTION('',(0.,0.,1.));
#7817 = DIRECTION('',(0.999999999996,2.667139077356E-06,-0.));
#7818 = ORIENTED_EDGE('',*,*,#7819,.F.);
#7819 = EDGE_CURVE('',#7820,#7811,#7822,.T.);
#7820 = VERTEX_POINT('',#7821);
#7821 = CARTESIAN_POINT('',(310.2125,-142.5875,1.6));
#7822 = LINE('',#7823,#7824);
#7823 = CARTESIAN_POINT('',(310.2125,-142.5875,1.6));
#7824 = VECTOR('',#7825,1.);
#7825 = DIRECTION('',(0.,1.,0.));
#7826 = ORIENTED_EDGE('',*,*,#7827,.F.);
#7827 = EDGE_CURVE('',#7828,#7820,#7830,.T.);
#7828 = VERTEX_POINT('',#7829);
#7829 = CARTESIAN_POINT('',(309.7125,-143.0875,1.6));
#7830 = CIRCLE('',#7831,0.500001333575);
#7831 = AXIS2_PLACEMENT_3D('',#7832,#7833,#7834);
#7832 = CARTESIAN_POINT('',(309.71249866642,-142.5874986664,1.6));
#7833 = DIRECTION('',(0.,0.,1.));
#7834 = DIRECTION('',(2.667139077356E-06,-0.999999999996,0.));
#7835 = ORIENTED_EDGE('',*,*,#7836,.F.);
#7836 = EDGE_CURVE('',#7837,#7828,#7839,.T.);
#7837 = VERTEX_POINT('',#7838);
#7838 = CARTESIAN_POINT('',(296.7125,-143.0875,1.6));
#7839 = LINE('',#7840,#7841);
#7840 = CARTESIAN_POINT('',(296.7125,-143.0875,1.6));
#7841 = VECTOR('',#7842,1.);
#7842 = DIRECTION('',(1.,0.,0.));
#7843 = ORIENTED_EDGE('',*,*,#7844,.F.);
#7844 = EDGE_CURVE('',#7845,#7837,#7847,.T.);
#7845 = VERTEX_POINT('',#7846);
#7846 = CARTESIAN_POINT('',(296.2125,-142.5875,1.6));
#7847 = CIRCLE('',#7848,0.500001333575);
#7848 = AXIS2_PLACEMENT_3D('',#7849,#7850,#7851);
#7849 = CARTESIAN_POINT('',(296.71250133357,-142.5874986664,1.6));
#7850 = DIRECTION('',(0.,0.,1.));
#7851 = DIRECTION('',(-0.999999999996,-2.667139247885E-06,0.));
#7852 = ORIENTED_EDGE('',*,*,#7853,.F.);
#7853 = EDGE_CURVE('',#7794,#7845,#7854,.T.);
#7854 = LINE('',#7855,#7856);
#7855 = CARTESIAN_POINT('',(296.2125,-129.5875,1.6));
#7856 = VECTOR('',#7857,1.);
#7857 = DIRECTION('',(0.,-1.,0.));
#7858 = FACE_BOUND('',#7859,.T.);
#7859 = EDGE_LOOP('',(#7860,#7871,#7879,#7888,#7896,#7905,#7913,#7922));
#7860 = ORIENTED_EDGE('',*,*,#7861,.F.);
#7861 = EDGE_CURVE('',#7862,#7864,#7866,.T.);
#7862 = VERTEX_POINT('',#7863);
#7863 = CARTESIAN_POINT('',(322.975,-129.0875,1.6));
#7864 = VERTEX_POINT('',#7865);
#7865 = CARTESIAN_POINT('',(322.475,-129.5875,1.6));
#7866 = CIRCLE('',#7867,0.500001333575);
#7867 = AXIS2_PLACEMENT_3D('',#7868,#7869,#7870);
#7868 = CARTESIAN_POINT('',(322.97500133357,-129.5875013335,1.6));
#7869 = DIRECTION('',(0.,0.,1.));
#7870 = DIRECTION('',(-2.667139077356E-06,0.999999999996,0.));
#7871 = ORIENTED_EDGE('',*,*,#7872,.F.);
#7872 = EDGE_CURVE('',#7873,#7862,#7875,.T.);
#7873 = VERTEX_POINT('',#7874);
#7874 = CARTESIAN_POINT('',(335.975,-129.0875,1.6));
#7875 = LINE('',#7876,#7877);
#7876 = CARTESIAN_POINT('',(335.975,-129.0875,1.6));
#7877 = VECTOR('',#7878,1.);
#7878 = DIRECTION('',(-1.,0.,0.));
#7879 = ORIENTED_EDGE('',*,*,#7880,.F.);
#7880 = EDGE_CURVE('',#7881,#7873,#7883,.T.);
#7881 = VERTEX_POINT('',#7882);
#7882 = CARTESIAN_POINT('',(336.475,-129.5875,1.6));
#7883 = CIRCLE('',#7884,0.500001333575);
#7884 = AXIS2_PLACEMENT_3D('',#7885,#7886,#7887);
#7885 = CARTESIAN_POINT('',(335.97499866642,-129.5875013335,1.6));
#7886 = DIRECTION('',(0.,0.,1.));
#7887 = DIRECTION('',(0.999999999996,2.667139247885E-06,-0.));
#7888 = ORIENTED_EDGE('',*,*,#7889,.F.);
#7889 = EDGE_CURVE('',#7890,#7881,#7892,.T.);
#7890 = VERTEX_POINT('',#7891);
#7891 = CARTESIAN_POINT('',(336.475,-142.5875,1.6));
#7892 = LINE('',#7893,#7894);
#7893 = CARTESIAN_POINT('',(336.475,-142.5875,1.6));
#7894 = VECTOR('',#7895,1.);
#7895 = DIRECTION('',(0.,1.,0.));
#7896 = ORIENTED_EDGE('',*,*,#7897,.F.);
#7897 = EDGE_CURVE('',#7898,#7890,#7900,.T.);
#7898 = VERTEX_POINT('',#7899);
#7899 = CARTESIAN_POINT('',(335.975,-143.0875,1.6));
#7900 = CIRCLE('',#7901,0.500001333575);
#7901 = AXIS2_PLACEMENT_3D('',#7902,#7903,#7904);
#7902 = CARTESIAN_POINT('',(335.97499866642,-142.5874986664,1.6));
#7903 = DIRECTION('',(0.,0.,1.));
#7904 = DIRECTION('',(2.667139304729E-06,-0.999999999996,0.));
#7905 = ORIENTED_EDGE('',*,*,#7906,.F.);
#7906 = EDGE_CURVE('',#7907,#7898,#7909,.T.);
#7907 = VERTEX_POINT('',#7908);
#7908 = CARTESIAN_POINT('',(322.975,-143.0875,1.6));
#7909 = LINE('',#7910,#7911);
#7910 = CARTESIAN_POINT('',(322.975,-143.0875,1.6));
#7911 = VECTOR('',#7912,1.);
#7912 = DIRECTION('',(1.,0.,0.));
#7913 = ORIENTED_EDGE('',*,*,#7914,.F.);
#7914 = EDGE_CURVE('',#7915,#7907,#7917,.T.);
#7915 = VERTEX_POINT('',#7916);
#7916 = CARTESIAN_POINT('',(322.475,-142.5875,1.6));
#7917 = CIRCLE('',#7918,0.500001333575);
#7918 = AXIS2_PLACEMENT_3D('',#7919,#7920,#7921);
#7919 = CARTESIAN_POINT('',(322.97500133357,-142.5874986664,1.6));
#7920 = DIRECTION('',(0.,0.,1.));
#7921 = DIRECTION('',(-0.999999999996,-2.667139077356E-06,0.));
#7922 = ORIENTED_EDGE('',*,*,#7923,.F.);
#7923 = EDGE_CURVE('',#7864,#7915,#7924,.T.);
#7924 = LINE('',#7925,#7926);
#7925 = CARTESIAN_POINT('',(322.475,-129.5875,1.6));
#7926 = VECTOR('',#7927,1.);
#7927 = DIRECTION('',(0.,-1.,0.));
#7928 = FACE_BOUND('',#7929,.T.);
#7929 = EDGE_LOOP('',(#7930,#7941,#7949,#7958,#7966,#7975,#7983,#7992));
#7930 = ORIENTED_EDGE('',*,*,#7931,.F.);
#7931 = EDGE_CURVE('',#7932,#7934,#7936,.T.);
#7932 = VERTEX_POINT('',#7933);
#7933 = CARTESIAN_POINT('',(342.075,-129.0875,1.6));
#7934 = VERTEX_POINT('',#7935);
#7935 = CARTESIAN_POINT('',(341.575,-129.5875,1.6));
#7936 = CIRCLE('',#7937,0.500001333575);
#7937 = AXIS2_PLACEMENT_3D('',#7938,#7939,#7940);
#7938 = CARTESIAN_POINT('',(342.07500133357,-129.5875013335,1.6));
#7939 = DIRECTION('',(0.,0.,1.));
#7940 = DIRECTION('',(-2.667139191042E-06,0.999999999996,0.));
#7941 = ORIENTED_EDGE('',*,*,#7942,.F.);
#7942 = EDGE_CURVE('',#7943,#7932,#7945,.T.);
#7943 = VERTEX_POINT('',#7944);
#7944 = CARTESIAN_POINT('',(355.075,-129.0875,1.6));
#7945 = LINE('',#7946,#7947);
#7946 = CARTESIAN_POINT('',(355.075,-129.0875,1.6));
#7947 = VECTOR('',#7948,1.);
#7948 = DIRECTION('',(-1.,0.,0.));
#7949 = ORIENTED_EDGE('',*,*,#7950,.F.);
#7950 = EDGE_CURVE('',#7951,#7943,#7953,.T.);
#7951 = VERTEX_POINT('',#7952);
#7952 = CARTESIAN_POINT('',(355.575,-129.5875,1.6));
#7953 = CIRCLE('',#7954,0.500001333575);
#7954 = AXIS2_PLACEMENT_3D('',#7955,#7956,#7957);
#7955 = CARTESIAN_POINT('',(355.07499866642,-129.5875013335,1.6));
#7956 = DIRECTION('',(0.,0.,1.));
#7957 = DIRECTION('',(0.999999999996,2.667139077356E-06,-0.));
#7958 = ORIENTED_EDGE('',*,*,#7959,.F.);
#7959 = EDGE_CURVE('',#7960,#7951,#7962,.T.);
#7960 = VERTEX_POINT('',#7961);
#7961 = CARTESIAN_POINT('',(355.575,-142.5875,1.6));
#7962 = LINE('',#7963,#7964);
#7963 = CARTESIAN_POINT('',(355.575,-142.5875,1.6));
#7964 = VECTOR('',#7965,1.);
#7965 = DIRECTION('',(0.,1.,0.));
#7966 = ORIENTED_EDGE('',*,*,#7967,.F.);
#7967 = EDGE_CURVE('',#7968,#7960,#7970,.T.);
#7968 = VERTEX_POINT('',#7969);
#7969 = CARTESIAN_POINT('',(355.075,-143.0875,1.6));
#7970 = CIRCLE('',#7971,0.500001333575);
#7971 = AXIS2_PLACEMENT_3D('',#7972,#7973,#7974);
#7972 = CARTESIAN_POINT('',(355.07499866642,-142.5874986664,1.6));
#7973 = DIRECTION('',(0.,0.,1.));
#7974 = DIRECTION('',(2.667139077356E-06,-0.999999999996,0.));
#7975 = ORIENTED_EDGE('',*,*,#7976,.F.);
#7976 = EDGE_CURVE('',#7977,#7968,#7979,.T.);
#7977 = VERTEX_POINT('',#7978);
#7978 = CARTESIAN_POINT('',(342.075,-143.0875,1.6));
#7979 = LINE('',#7980,#7981);
#7980 = CARTESIAN_POINT('',(342.075,-143.0875,1.6));
#7981 = VECTOR('',#7982,1.);
#7982 = DIRECTION('',(1.,0.,0.));
#7983 = ORIENTED_EDGE('',*,*,#7984,.F.);
#7984 = EDGE_CURVE('',#7985,#7977,#7987,.T.);
#7985 = VERTEX_POINT('',#7986);
#7986 = CARTESIAN_POINT('',(341.575,-142.5875,1.6));
#7987 = CIRCLE('',#7988,0.500001333575);
#7988 = AXIS2_PLACEMENT_3D('',#7989,#7990,#7991);
#7989 = CARTESIAN_POINT('',(342.07500133357,-142.5874986664,1.6));
#7990 = DIRECTION('',(0.,0.,1.));
#7991 = DIRECTION('',(-0.999999999996,-2.667139247886E-06,0.));
#7992 = ORIENTED_EDGE('',*,*,#7993,.F.);
#7993 = EDGE_CURVE('',#7934,#7985,#7994,.T.);
#7994 = LINE('',#7995,#7996);
#7995 = CARTESIAN_POINT('',(341.575,-129.5875,1.6));
#7996 = VECTOR('',#7997,1.);
#7997 = DIRECTION('',(0.,-1.,0.));
#7998 = FACE_BOUND('',#7999,.T.);
#7999 = EDGE_LOOP('',(#8000));
#8000 = ORIENTED_EDGE('',*,*,#8001,.T.);
#8001 = EDGE_CURVE('',#8002,#8002,#8004,.T.);
#8002 = VERTEX_POINT('',#8003);
#8003 = CARTESIAN_POINT('',(50.1375,-120.975,1.6));
#8004 = CIRCLE('',#8005,1.6);
#8005 = AXIS2_PLACEMENT_3D('',#8006,#8007,#8008);
#8006 = CARTESIAN_POINT('',(50.1375,-119.375,1.6));
#8007 = DIRECTION('',(-0.,0.,-1.));
#8008 = DIRECTION('',(-0.,-1.,0.));
#8009 = FACE_BOUND('',#8010,.T.);
#8010 = EDGE_LOOP('',(#8011,#8022,#8030,#8039,#8047,#8056,#8064,#8073));
#8011 = ORIENTED_EDGE('',*,*,#8012,.F.);
#8012 = EDGE_CURVE('',#8013,#8015,#8017,.T.);
#8013 = VERTEX_POINT('',#8014);
#8014 = CARTESIAN_POINT('',(57.9625,-109.9875,1.6));
#8015 = VERTEX_POINT('',#8016);
#8016 = CARTESIAN_POINT('',(57.4625,-110.4875,1.6));
#8017 = CIRCLE('',#8018,0.500001333575);
#8018 = AXIS2_PLACEMENT_3D('',#8019,#8020,#8021);
#8019 = CARTESIAN_POINT('',(57.962501333573,-110.4875013335,1.6));
#8020 = DIRECTION('',(0.,0.,1.));
#8021 = DIRECTION('',(-2.667139219464E-06,0.999999999996,0.));
#8022 = ORIENTED_EDGE('',*,*,#8023,.F.);
#8023 = EDGE_CURVE('',#8024,#8013,#8026,.T.);
#8024 = VERTEX_POINT('',#8025);
#8025 = CARTESIAN_POINT('',(75.7375,-109.9875,1.6));
#8026 = LINE('',#8027,#8028);
#8027 = CARTESIAN_POINT('',(75.7375,-109.9875,1.6));
#8028 = VECTOR('',#8029,1.);
#8029 = DIRECTION('',(-1.,0.,0.));
#8030 = ORIENTED_EDGE('',*,*,#8031,.F.);
#8031 = EDGE_CURVE('',#8032,#8024,#8034,.T.);
#8032 = VERTEX_POINT('',#8033);
#8033 = CARTESIAN_POINT('',(76.2375,-110.4875,1.6));
#8034 = CIRCLE('',#8035,0.500001333575);
#8035 = AXIS2_PLACEMENT_3D('',#8036,#8037,#8038);
#8036 = CARTESIAN_POINT('',(75.737498666427,-110.4875013335,1.6));
#8037 = DIRECTION('',(0.,0.,1.));
#8038 = DIRECTION('',(0.999999999996,2.667139191042E-06,-0.));
#8039 = ORIENTED_EDGE('',*,*,#8040,.F.);
#8040 = EDGE_CURVE('',#8041,#8032,#8043,.T.);
#8041 = VERTEX_POINT('',#8042);
#8042 = CARTESIAN_POINT('',(76.2375,-123.4875,1.6));
#8043 = LINE('',#8044,#8045);
#8044 = CARTESIAN_POINT('',(76.2375,-123.4875,1.6));
#8045 = VECTOR('',#8046,1.);
#8046 = DIRECTION('',(0.,1.,0.));
#8047 = ORIENTED_EDGE('',*,*,#8048,.F.);
#8048 = EDGE_CURVE('',#8049,#8041,#8051,.T.);
#8049 = VERTEX_POINT('',#8050);
#8050 = CARTESIAN_POINT('',(75.7375,-123.9875,1.6));
#8051 = CIRCLE('',#8052,0.500001333575);
#8052 = AXIS2_PLACEMENT_3D('',#8053,#8054,#8055);
#8053 = CARTESIAN_POINT('',(75.737498666427,-123.4874986664,1.6));
#8054 = DIRECTION('',(0.,0.,1.));
#8055 = DIRECTION('',(2.667139134199E-06,-0.999999999996,0.));
#8056 = ORIENTED_EDGE('',*,*,#8057,.F.);
#8057 = EDGE_CURVE('',#8058,#8049,#8060,.T.);
#8058 = VERTEX_POINT('',#8059);
#8059 = CARTESIAN_POINT('',(57.9625,-123.9875,1.6));
#8060 = LINE('',#8061,#8062);
#8061 = CARTESIAN_POINT('',(57.9625,-123.9875,1.6));
#8062 = VECTOR('',#8063,1.);
#8063 = DIRECTION('',(1.,0.,0.));
#8064 = ORIENTED_EDGE('',*,*,#8065,.F.);
#8065 = EDGE_CURVE('',#8066,#8058,#8068,.T.);
#8066 = VERTEX_POINT('',#8067);
#8067 = CARTESIAN_POINT('',(57.4625,-123.4875,1.6));
#8068 = CIRCLE('',#8069,0.500001333575);
#8069 = AXIS2_PLACEMENT_3D('',#8070,#8071,#8072);
#8070 = CARTESIAN_POINT('',(57.962501333573,-123.4874986664,1.6));
#8071 = DIRECTION('',(0.,0.,1.));
#8072 = DIRECTION('',(-0.999999999996,-2.667139162621E-06,0.));
#8073 = ORIENTED_EDGE('',*,*,#8074,.F.);
#8074 = EDGE_CURVE('',#8015,#8066,#8075,.T.);
#8075 = LINE('',#8076,#8077);
#8076 = CARTESIAN_POINT('',(57.4625,-110.4875,1.6));
#8077 = VECTOR('',#8078,1.);
#8078 = DIRECTION('',(0.,-1.,0.));
#8079 = FACE_BOUND('',#8080,.T.);
#8080 = EDGE_LOOP('',(#8081,#8092,#8100,#8109,#8117,#8126,#8134,#8143));
#8081 = ORIENTED_EDGE('',*,*,#8082,.F.);
#8082 = EDGE_CURVE('',#8083,#8085,#8087,.T.);
#8083 = VERTEX_POINT('',#8084);
#8084 = CARTESIAN_POINT('',(89.,-109.9875,1.6));
#8085 = VERTEX_POINT('',#8086);
#8086 = CARTESIAN_POINT('',(88.5,-110.4875,1.6));
#8087 = CIRCLE('',#8088,0.500001333575);
#8088 = AXIS2_PLACEMENT_3D('',#8089,#8090,#8091);
#8089 = CARTESIAN_POINT('',(89.000001333573,-110.4875013335,1.6));
#8090 = DIRECTION('',(0.,0.,1.));
#8091 = DIRECTION('',(-2.667139191042E-06,0.999999999996,0.));
#8092 = ORIENTED_EDGE('',*,*,#8093,.F.);
#8093 = EDGE_CURVE('',#8094,#8083,#8096,.T.);
#8094 = VERTEX_POINT('',#8095);
#8095 = CARTESIAN_POINT('',(102.,-109.9875,1.6));
#8096 = LINE('',#8097,#8098);
#8097 = CARTESIAN_POINT('',(102.,-109.9875,1.6));
#8098 = VECTOR('',#8099,1.);
#8099 = DIRECTION('',(-1.,0.,0.));
#8100 = ORIENTED_EDGE('',*,*,#8101,.F.);
#8101 = EDGE_CURVE('',#8102,#8094,#8104,.T.);
#8102 = VERTEX_POINT('',#8103);
#8103 = CARTESIAN_POINT('',(102.5,-110.4875,1.6));
#8104 = CIRCLE('',#8105,0.500001333575);
#8105 = AXIS2_PLACEMENT_3D('',#8106,#8107,#8108);
#8106 = CARTESIAN_POINT('',(101.99999866642,-110.4875013335,1.6));
#8107 = DIRECTION('',(0.,0.,1.));
#8108 = DIRECTION('',(0.999999999996,2.667139191042E-06,-0.));
#8109 = ORIENTED_EDGE('',*,*,#8110,.F.);
#8110 = EDGE_CURVE('',#8111,#8102,#8113,.T.);
#8111 = VERTEX_POINT('',#8112);
#8112 = CARTESIAN_POINT('',(102.5,-123.4875,1.6));
#8113 = LINE('',#8114,#8115);
#8114 = CARTESIAN_POINT('',(102.5,-123.4875,1.6));
#8115 = VECTOR('',#8116,1.);
#8116 = DIRECTION('',(0.,1.,0.));
#8117 = ORIENTED_EDGE('',*,*,#8118,.F.);
#8118 = EDGE_CURVE('',#8119,#8111,#8121,.T.);
#8119 = VERTEX_POINT('',#8120);
#8120 = CARTESIAN_POINT('',(102.,-123.9875,1.6));
#8121 = CIRCLE('',#8122,0.500001333575);
#8122 = AXIS2_PLACEMENT_3D('',#8123,#8124,#8125);
#8123 = CARTESIAN_POINT('',(101.99999866642,-123.4874986664,1.6));
#8124 = DIRECTION('',(0.,0.,1.));
#8125 = DIRECTION('',(2.667139134199E-06,-0.999999999996,0.));
#8126 = ORIENTED_EDGE('',*,*,#8127,.F.);
#8127 = EDGE_CURVE('',#8128,#8119,#8130,.T.);
#8128 = VERTEX_POINT('',#8129);
#8129 = CARTESIAN_POINT('',(89.,-123.9875,1.6));
#8130 = LINE('',#8131,#8132);
#8131 = CARTESIAN_POINT('',(89.,-123.9875,1.6));
#8132 = VECTOR('',#8133,1.);
#8133 = DIRECTION('',(1.,0.,0.));
#8134 = ORIENTED_EDGE('',*,*,#8135,.F.);
#8135 = EDGE_CURVE('',#8136,#8128,#8138,.T.);
#8136 = VERTEX_POINT('',#8137);
#8137 = CARTESIAN_POINT('',(88.5,-123.4875,1.6));
#8138 = CIRCLE('',#8139,0.500001333575);
#8139 = AXIS2_PLACEMENT_3D('',#8140,#8141,#8142);
#8140 = CARTESIAN_POINT('',(89.000001333573,-123.4874986664,1.6));
#8141 = DIRECTION('',(0.,0.,1.));
#8142 = DIRECTION('',(-0.999999999996,-2.667139134199E-06,0.));
#8143 = ORIENTED_EDGE('',*,*,#8144,.F.);
#8144 = EDGE_CURVE('',#8085,#8136,#8145,.T.);
#8145 = LINE('',#8146,#8147);
#8146 = CARTESIAN_POINT('',(88.5,-110.4875,1.6));
#8147 = VECTOR('',#8148,1.);
#8148 = DIRECTION('',(0.,-1.,0.));
#8149 = FACE_BOUND('',#8150,.T.);
#8150 = EDGE_LOOP('',(#8151,#8162,#8170,#8179,#8187,#8196,#8204,#8213));
#8151 = ORIENTED_EDGE('',*,*,#8152,.F.);
#8152 = EDGE_CURVE('',#8153,#8155,#8157,.T.);
#8153 = VERTEX_POINT('',#8154);
#8154 = CARTESIAN_POINT('',(108.1,-109.9875,1.6));
#8155 = VERTEX_POINT('',#8156);
#8156 = CARTESIAN_POINT('',(107.6,-110.4875,1.6));
#8157 = CIRCLE('',#8158,0.500001333575);
#8158 = AXIS2_PLACEMENT_3D('',#8159,#8160,#8161);
#8159 = CARTESIAN_POINT('',(108.10000133357,-110.4875013335,1.6));
#8160 = DIRECTION('',(0.,0.,1.));
#8161 = DIRECTION('',(-2.667139247886E-06,0.999999999996,0.));
#8162 = ORIENTED_EDGE('',*,*,#8163,.F.);
#8163 = EDGE_CURVE('',#8164,#8153,#8166,.T.);
#8164 = VERTEX_POINT('',#8165);
#8165 = CARTESIAN_POINT('',(121.1,-109.9875,1.6));
#8166 = LINE('',#8167,#8168);
#8167 = CARTESIAN_POINT('',(121.1,-109.9875,1.6));
#8168 = VECTOR('',#8169,1.);
#8169 = DIRECTION('',(-1.,0.,0.));
#8170 = ORIENTED_EDGE('',*,*,#8171,.F.);
#8171 = EDGE_CURVE('',#8172,#8164,#8174,.T.);
#8172 = VERTEX_POINT('',#8173);
#8173 = CARTESIAN_POINT('',(121.6,-110.4875,1.6));
#8174 = CIRCLE('',#8175,0.500001333575);
#8175 = AXIS2_PLACEMENT_3D('',#8176,#8177,#8178);
#8176 = CARTESIAN_POINT('',(121.09999866642,-110.4875013335,1.6));
#8177 = DIRECTION('',(0.,0.,1.));
#8178 = DIRECTION('',(0.999999999996,2.667139191042E-06,-0.));
#8179 = ORIENTED_EDGE('',*,*,#8180,.F.);
#8180 = EDGE_CURVE('',#8181,#8172,#8183,.T.);
#8181 = VERTEX_POINT('',#8182);
#8182 = CARTESIAN_POINT('',(121.6,-123.4875,1.6));
#8183 = LINE('',#8184,#8185);
#8184 = CARTESIAN_POINT('',(121.6,-123.4875,1.6));
#8185 = VECTOR('',#8186,1.);
#8186 = DIRECTION('',(0.,1.,0.));
#8187 = ORIENTED_EDGE('',*,*,#8188,.F.);
#8188 = EDGE_CURVE('',#8189,#8181,#8191,.T.);
#8189 = VERTEX_POINT('',#8190);
#8190 = CARTESIAN_POINT('',(121.1,-123.9875,1.6));
#8191 = CIRCLE('',#8192,0.500001333575);
#8192 = AXIS2_PLACEMENT_3D('',#8193,#8194,#8195);
#8193 = CARTESIAN_POINT('',(121.09999866642,-123.4874986664,1.6));
#8194 = DIRECTION('',(0.,0.,1.));
#8195 = DIRECTION('',(2.667139134199E-06,-0.999999999996,0.));
#8196 = ORIENTED_EDGE('',*,*,#8197,.F.);
#8197 = EDGE_CURVE('',#8198,#8189,#8200,.T.);
#8198 = VERTEX_POINT('',#8199);
#8199 = CARTESIAN_POINT('',(108.1,-123.9875,1.6));
#8200 = LINE('',#8201,#8202);
#8201 = CARTESIAN_POINT('',(108.1,-123.9875,1.6));
#8202 = VECTOR('',#8203,1.);
#8203 = DIRECTION('',(1.,0.,0.));
#8204 = ORIENTED_EDGE('',*,*,#8205,.F.);
#8205 = EDGE_CURVE('',#8206,#8198,#8208,.T.);
#8206 = VERTEX_POINT('',#8207);
#8207 = CARTESIAN_POINT('',(107.6,-123.4875,1.6));
#8208 = CIRCLE('',#8209,0.500001333575);
#8209 = AXIS2_PLACEMENT_3D('',#8210,#8211,#8212);
#8210 = CARTESIAN_POINT('',(108.10000133357,-123.4874986664,1.6));
#8211 = DIRECTION('',(0.,0.,1.));
#8212 = DIRECTION('',(-0.999999999996,-2.667139191042E-06,0.));
#8213 = ORIENTED_EDGE('',*,*,#8214,.F.);
#8214 = EDGE_CURVE('',#8155,#8206,#8215,.T.);
#8215 = LINE('',#8216,#8217);
#8216 = CARTESIAN_POINT('',(107.6,-110.4875,1.6));
#8217 = VECTOR('',#8218,1.);
#8218 = DIRECTION('',(0.,-1.,0.));
#8219 = FACE_BOUND('',#8220,.T.);
#8220 = EDGE_LOOP('',(#8221,#8232,#8240,#8249,#8257,#8266,#8274,#8283));
#8221 = ORIENTED_EDGE('',*,*,#8222,.F.);
#8222 = EDGE_CURVE('',#8223,#8225,#8227,.T.);
#8223 = VERTEX_POINT('',#8224);
#8224 = CARTESIAN_POINT('',(60.35,-90.8875,1.6));
#8225 = VERTEX_POINT('',#8226);
#8226 = CARTESIAN_POINT('',(59.85,-91.3875,1.6));
#8227 = CIRCLE('',#8228,0.500001333575);
#8228 = AXIS2_PLACEMENT_3D('',#8229,#8230,#8231);
#8229 = CARTESIAN_POINT('',(60.350001333573,-91.38750133357,1.6));
#8230 = DIRECTION('',(0.,0.,1.));
#8231 = DIRECTION('',(-2.667139176832E-06,0.999999999996,0.));
#8232 = ORIENTED_EDGE('',*,*,#8233,.F.);
#8233 = EDGE_CURVE('',#8234,#8223,#8236,.T.);
#8234 = VERTEX_POINT('',#8235);
#8235 = CARTESIAN_POINT('',(73.35,-90.8875,1.6));
#8236 = LINE('',#8237,#8238);
#8237 = CARTESIAN_POINT('',(73.35,-90.8875,1.6));
#8238 = VECTOR('',#8239,1.);
#8239 = DIRECTION('',(-1.,0.,0.));
#8240 = ORIENTED_EDGE('',*,*,#8241,.F.);
#8241 = EDGE_CURVE('',#8242,#8234,#8244,.T.);
#8242 = VERTEX_POINT('',#8243);
#8243 = CARTESIAN_POINT('',(73.85,-91.3875,1.6));
#8244 = CIRCLE('',#8245,0.500001333575);
#8245 = AXIS2_PLACEMENT_3D('',#8246,#8247,#8248);
#8246 = CARTESIAN_POINT('',(73.349998666427,-91.38750133357,1.6));
#8247 = DIRECTION('',(0.,0.,1.));
#8248 = DIRECTION('',(0.999999999996,2.667139134199E-06,-0.));
#8249 = ORIENTED_EDGE('',*,*,#8250,.F.);
#8250 = EDGE_CURVE('',#8251,#8242,#8253,.T.);
#8251 = VERTEX_POINT('',#8252);
#8252 = CARTESIAN_POINT('',(73.85,-104.3875,1.6));
#8253 = LINE('',#8254,#8255);
#8254 = CARTESIAN_POINT('',(73.85,-104.3875,1.6));
#8255 = VECTOR('',#8256,1.);
#8256 = DIRECTION('',(0.,1.,0.));
#8257 = ORIENTED_EDGE('',*,*,#8258,.F.);
#8258 = EDGE_CURVE('',#8259,#8251,#8261,.T.);
#8259 = VERTEX_POINT('',#8260);
#8260 = CARTESIAN_POINT('',(73.35,-104.8875,1.6));
#8261 = CIRCLE('',#8262,0.500001333575);
#8262 = AXIS2_PLACEMENT_3D('',#8263,#8264,#8265);
#8263 = CARTESIAN_POINT('',(73.349998666427,-104.3874986664,1.6));
#8264 = DIRECTION('',(0.,0.,1.));
#8265 = DIRECTION('',(2.667139191042E-06,-0.999999999996,0.));
#8266 = ORIENTED_EDGE('',*,*,#8267,.F.);
#8267 = EDGE_CURVE('',#8268,#8259,#8270,.T.);
#8268 = VERTEX_POINT('',#8269);
#8269 = CARTESIAN_POINT('',(60.35,-104.8875,1.6));
#8270 = LINE('',#8271,#8272);
#8271 = CARTESIAN_POINT('',(60.35,-104.8875,1.6));
#8272 = VECTOR('',#8273,1.);
#8273 = DIRECTION('',(1.,0.,0.));
#8274 = ORIENTED_EDGE('',*,*,#8275,.F.);
#8275 = EDGE_CURVE('',#8276,#8268,#8278,.T.);
#8276 = VERTEX_POINT('',#8277);
#8277 = CARTESIAN_POINT('',(59.85,-104.3875,1.6));
#8278 = CIRCLE('',#8279,0.500001333575);
#8279 = AXIS2_PLACEMENT_3D('',#8280,#8281,#8282);
#8280 = CARTESIAN_POINT('',(60.350001333573,-104.3874986664,1.6));
#8281 = DIRECTION('',(0.,0.,1.));
#8282 = DIRECTION('',(-0.999999999996,-2.667139191042E-06,0.));
#8283 = ORIENTED_EDGE('',*,*,#8284,.F.);
#8284 = EDGE_CURVE('',#8225,#8276,#8285,.T.);
#8285 = LINE('',#8286,#8287);
#8286 = CARTESIAN_POINT('',(59.85,-91.3875,1.6));
#8287 = VECTOR('',#8288,1.);
#8288 = DIRECTION('',(0.,-1.,0.));
#8289 = FACE_BOUND('',#8290,.T.);
#8290 = EDGE_LOOP('',(#8291,#8302,#8310,#8319,#8327,#8336,#8344,#8353));
#8291 = ORIENTED_EDGE('',*,*,#8292,.F.);
#8292 = EDGE_CURVE('',#8293,#8295,#8297,.T.);
#8293 = VERTEX_POINT('',#8294);
#8294 = CARTESIAN_POINT('',(84.225,-90.8875,1.6));
#8295 = VERTEX_POINT('',#8296);
#8296 = CARTESIAN_POINT('',(83.725,-91.3875,1.6));
#8297 = CIRCLE('',#8298,0.500001333575);
#8298 = AXIS2_PLACEMENT_3D('',#8299,#8300,#8301);
#8299 = CARTESIAN_POINT('',(84.225001333573,-91.38750133357,1.6));
#8300 = DIRECTION('',(0.,0.,1.));
#8301 = DIRECTION('',(-2.667139219464E-06,0.999999999996,0.));
#8302 = ORIENTED_EDGE('',*,*,#8303,.F.);
#8303 = EDGE_CURVE('',#8304,#8293,#8306,.T.);
#8304 = VERTEX_POINT('',#8305);
#8305 = CARTESIAN_POINT('',(97.225,-90.8875,1.6));
#8306 = LINE('',#8307,#8308);
#8307 = CARTESIAN_POINT('',(97.225,-90.8875,1.6));
#8308 = VECTOR('',#8309,1.);
#8309 = DIRECTION('',(-1.,0.,0.));
#8310 = ORIENTED_EDGE('',*,*,#8311,.F.);
#8311 = EDGE_CURVE('',#8312,#8304,#8314,.T.);
#8312 = VERTEX_POINT('',#8313);
#8313 = CARTESIAN_POINT('',(97.725,-91.3875,1.6));
#8314 = CIRCLE('',#8315,0.500001333575);
#8315 = AXIS2_PLACEMENT_3D('',#8316,#8317,#8318);
#8316 = CARTESIAN_POINT('',(97.224998666427,-91.38750133357,1.6));
#8317 = DIRECTION('',(0.,0.,1.));
#8318 = DIRECTION('',(0.999999999996,2.667139134199E-06,-0.));
#8319 = ORIENTED_EDGE('',*,*,#8320,.F.);
#8320 = EDGE_CURVE('',#8321,#8312,#8323,.T.);
#8321 = VERTEX_POINT('',#8322);
#8322 = CARTESIAN_POINT('',(97.725,-104.3875,1.6));
#8323 = LINE('',#8324,#8325);
#8324 = CARTESIAN_POINT('',(97.725,-104.3875,1.6));
#8325 = VECTOR('',#8326,1.);
#8326 = DIRECTION('',(0.,1.,0.));
#8327 = ORIENTED_EDGE('',*,*,#8328,.F.);
#8328 = EDGE_CURVE('',#8329,#8321,#8331,.T.);
#8329 = VERTEX_POINT('',#8330);
#8330 = CARTESIAN_POINT('',(97.225,-104.8875,1.6));
#8331 = CIRCLE('',#8332,0.500001333575);
#8332 = AXIS2_PLACEMENT_3D('',#8333,#8334,#8335);
#8333 = CARTESIAN_POINT('',(97.224998666427,-104.3874986664,1.6));
#8334 = DIRECTION('',(0.,0.,1.));
#8335 = DIRECTION('',(2.667139191042E-06,-0.999999999996,0.));
#8336 = ORIENTED_EDGE('',*,*,#8337,.F.);
#8337 = EDGE_CURVE('',#8338,#8329,#8340,.T.);
#8338 = VERTEX_POINT('',#8339);
#8339 = CARTESIAN_POINT('',(84.225,-104.8875,1.6));
#8340 = LINE('',#8341,#8342);
#8341 = CARTESIAN_POINT('',(84.225,-104.8875,1.6));
#8342 = VECTOR('',#8343,1.);
#8343 = DIRECTION('',(1.,0.,0.));
#8344 = ORIENTED_EDGE('',*,*,#8345,.F.);
#8345 = EDGE_CURVE('',#8346,#8338,#8348,.T.);
#8346 = VERTEX_POINT('',#8347);
#8347 = CARTESIAN_POINT('',(83.725,-104.3875,1.6));
#8348 = CIRCLE('',#8349,0.500001333575);
#8349 = AXIS2_PLACEMENT_3D('',#8350,#8351,#8352);
#8350 = CARTESIAN_POINT('',(84.225001333573,-104.3874986664,1.6));
#8351 = DIRECTION('',(0.,0.,1.));
#8352 = DIRECTION('',(-0.999999999996,-2.667139219464E-06,0.));
#8353 = ORIENTED_EDGE('',*,*,#8354,.F.);
#8354 = EDGE_CURVE('',#8295,#8346,#8355,.T.);
#8355 = LINE('',#8356,#8357);
#8356 = CARTESIAN_POINT('',(83.725,-91.3875,1.6));
#8357 = VECTOR('',#8358,1.);
#8358 = DIRECTION('',(0.,-1.,0.));
#8359 = FACE_BOUND('',#8360,.T.);
#8360 = EDGE_LOOP('',(#8361,#8372,#8380,#8389,#8397,#8406,#8414,#8423));
#8361 = ORIENTED_EDGE('',*,*,#8362,.F.);
#8362 = EDGE_CURVE('',#8363,#8365,#8367,.T.);
#8363 = VERTEX_POINT('',#8364);
#8364 = CARTESIAN_POINT('',(103.325,-90.8875,1.6));
#8365 = VERTEX_POINT('',#8366);
#8366 = CARTESIAN_POINT('',(102.825,-91.3875,1.6));
#8367 = CIRCLE('',#8368,0.500001333575);
#8368 = AXIS2_PLACEMENT_3D('',#8369,#8370,#8371);
#8369 = CARTESIAN_POINT('',(103.32500133357,-91.38750133357,1.6));
#8370 = DIRECTION('',(0.,0.,1.));
#8371 = DIRECTION('',(-2.667139134199E-06,0.999999999996,0.));
#8372 = ORIENTED_EDGE('',*,*,#8373,.F.);
#8373 = EDGE_CURVE('',#8374,#8363,#8376,.T.);
#8374 = VERTEX_POINT('',#8375);
#8375 = CARTESIAN_POINT('',(116.325,-90.8875,1.6));
#8376 = LINE('',#8377,#8378);
#8377 = CARTESIAN_POINT('',(116.325,-90.8875,1.6));
#8378 = VECTOR('',#8379,1.);
#8379 = DIRECTION('',(-1.,0.,0.));
#8380 = ORIENTED_EDGE('',*,*,#8381,.F.);
#8381 = EDGE_CURVE('',#8382,#8374,#8384,.T.);
#8382 = VERTEX_POINT('',#8383);
#8383 = CARTESIAN_POINT('',(116.825,-91.3875,1.6));
#8384 = CIRCLE('',#8385,0.500001333575);
#8385 = AXIS2_PLACEMENT_3D('',#8386,#8387,#8388);
#8386 = CARTESIAN_POINT('',(116.32499866642,-91.38750133357,1.6));
#8387 = DIRECTION('',(0.,0.,1.));
#8388 = DIRECTION('',(0.999999999996,2.667139191042E-06,-0.));
#8389 = ORIENTED_EDGE('',*,*,#8390,.F.);
#8390 = EDGE_CURVE('',#8391,#8382,#8393,.T.);
#8391 = VERTEX_POINT('',#8392);
#8392 = CARTESIAN_POINT('',(116.825,-104.3875,1.6));
#8393 = LINE('',#8394,#8395);
#8394 = CARTESIAN_POINT('',(116.825,-104.3875,1.6));
#8395 = VECTOR('',#8396,1.);
#8396 = DIRECTION('',(0.,1.,0.));
#8397 = ORIENTED_EDGE('',*,*,#8398,.F.);
#8398 = EDGE_CURVE('',#8399,#8391,#8401,.T.);
#8399 = VERTEX_POINT('',#8400);
#8400 = CARTESIAN_POINT('',(116.325,-104.8875,1.6));
#8401 = CIRCLE('',#8402,0.500001333575);
#8402 = AXIS2_PLACEMENT_3D('',#8403,#8404,#8405);
#8403 = CARTESIAN_POINT('',(116.32499866642,-104.3874986664,1.6));
#8404 = DIRECTION('',(0.,0.,1.));
#8405 = DIRECTION('',(2.667139219464E-06,-0.999999999996,0.));
#8406 = ORIENTED_EDGE('',*,*,#8407,.F.);
#8407 = EDGE_CURVE('',#8408,#8399,#8410,.T.);
#8408 = VERTEX_POINT('',#8409);
#8409 = CARTESIAN_POINT('',(103.325,-104.8875,1.6));
#8410 = LINE('',#8411,#8412);
#8411 = CARTESIAN_POINT('',(103.325,-104.8875,1.6));
#8412 = VECTOR('',#8413,1.);
#8413 = DIRECTION('',(1.,0.,0.));
#8414 = ORIENTED_EDGE('',*,*,#8415,.F.);
#8415 = EDGE_CURVE('',#8416,#8408,#8418,.T.);
#8416 = VERTEX_POINT('',#8417);
#8417 = CARTESIAN_POINT('',(102.825,-104.3875,1.6));
#8418 = CIRCLE('',#8419,0.500001333575);
#8419 = AXIS2_PLACEMENT_3D('',#8420,#8421,#8422);
#8420 = CARTESIAN_POINT('',(103.32500133357,-104.3874986664,1.6));
#8421 = DIRECTION('',(0.,0.,1.));
#8422 = DIRECTION('',(-0.999999999996,-2.667139191042E-06,0.));
#8423 = ORIENTED_EDGE('',*,*,#8424,.F.);
#8424 = EDGE_CURVE('',#8365,#8416,#8425,.T.);
#8425 = LINE('',#8426,#8427);
#8426 = CARTESIAN_POINT('',(102.825,-91.3875,1.6));
#8427 = VECTOR('',#8428,1.);
#8428 = DIRECTION('',(0.,-1.,0.));
#8429 = FACE_BOUND('',#8430,.T.);
#8430 = EDGE_LOOP('',(#8431,#8442,#8450,#8459,#8467,#8476,#8484,#8493));
#8431 = ORIENTED_EDGE('',*,*,#8432,.F.);
#8432 = EDGE_CURVE('',#8433,#8435,#8437,.T.);
#8433 = VERTEX_POINT('',#8434);
#8434 = CARTESIAN_POINT('',(127.2,-109.9875,1.6));
#8435 = VERTEX_POINT('',#8436);
#8436 = CARTESIAN_POINT('',(126.7,-110.4875,1.6));
#8437 = CIRCLE('',#8438,0.500001333575);
#8438 = AXIS2_PLACEMENT_3D('',#8439,#8440,#8441);
#8439 = CARTESIAN_POINT('',(127.20000133357,-110.4875013335,1.6));
#8440 = DIRECTION('',(0.,0.,1.));
#8441 = DIRECTION('',(-2.667139191042E-06,0.999999999996,0.));
#8442 = ORIENTED_EDGE('',*,*,#8443,.F.);
#8443 = EDGE_CURVE('',#8444,#8433,#8446,.T.);
#8444 = VERTEX_POINT('',#8445);
#8445 = CARTESIAN_POINT('',(140.2,-109.9875,1.6));
#8446 = LINE('',#8447,#8448);
#8447 = CARTESIAN_POINT('',(140.2,-109.9875,1.6));
#8448 = VECTOR('',#8449,1.);
#8449 = DIRECTION('',(-1.,0.,0.));
#8450 = ORIENTED_EDGE('',*,*,#8451,.F.);
#8451 = EDGE_CURVE('',#8452,#8444,#8454,.T.);
#8452 = VERTEX_POINT('',#8453);
#8453 = CARTESIAN_POINT('',(140.7,-110.4875,1.6));
#8454 = CIRCLE('',#8455,0.500001333575);
#8455 = AXIS2_PLACEMENT_3D('',#8456,#8457,#8458);
#8456 = CARTESIAN_POINT('',(140.19999866642,-110.4875013335,1.6));
#8457 = DIRECTION('',(0.,0.,1.));
#8458 = DIRECTION('',(0.999999999996,2.667139191042E-06,-0.));
#8459 = ORIENTED_EDGE('',*,*,#8460,.F.);
#8460 = EDGE_CURVE('',#8461,#8452,#8463,.T.);
#8461 = VERTEX_POINT('',#8462);
#8462 = CARTESIAN_POINT('',(140.7,-123.4875,1.6));
#8463 = LINE('',#8464,#8465);
#8464 = CARTESIAN_POINT('',(140.7,-123.4875,1.6));
#8465 = VECTOR('',#8466,1.);
#8466 = DIRECTION('',(0.,1.,0.));
#8467 = ORIENTED_EDGE('',*,*,#8468,.F.);
#8468 = EDGE_CURVE('',#8469,#8461,#8471,.T.);
#8469 = VERTEX_POINT('',#8470);
#8470 = CARTESIAN_POINT('',(140.2,-123.9875,1.6));
#8471 = CIRCLE('',#8472,0.500001333575);
#8472 = AXIS2_PLACEMENT_3D('',#8473,#8474,#8475);
#8473 = CARTESIAN_POINT('',(140.19999866642,-123.4874986664,1.6));
#8474 = DIRECTION('',(0.,0.,1.));
#8475 = DIRECTION('',(2.667139134199E-06,-0.999999999996,0.));
#8476 = ORIENTED_EDGE('',*,*,#8477,.F.);
#8477 = EDGE_CURVE('',#8478,#8469,#8480,.T.);
#8478 = VERTEX_POINT('',#8479);
#8479 = CARTESIAN_POINT('',(127.2,-123.9875,1.6));
#8480 = LINE('',#8481,#8482);
#8481 = CARTESIAN_POINT('',(127.2,-123.9875,1.6));
#8482 = VECTOR('',#8483,1.);
#8483 = DIRECTION('',(1.,0.,0.));
#8484 = ORIENTED_EDGE('',*,*,#8485,.F.);
#8485 = EDGE_CURVE('',#8486,#8478,#8488,.T.);
#8486 = VERTEX_POINT('',#8487);
#8487 = CARTESIAN_POINT('',(126.7,-123.4875,1.6));
#8488 = CIRCLE('',#8489,0.500001333575);
#8489 = AXIS2_PLACEMENT_3D('',#8490,#8491,#8492);
#8490 = CARTESIAN_POINT('',(127.20000133357,-123.4874986664,1.6));
#8491 = DIRECTION('',(0.,0.,1.));
#8492 = DIRECTION('',(-0.999999999996,-2.667139134199E-06,0.));
#8493 = ORIENTED_EDGE('',*,*,#8494,.F.);
#8494 = EDGE_CURVE('',#8435,#8486,#8495,.T.);
#8495 = LINE('',#8496,#8497);
#8496 = CARTESIAN_POINT('',(126.7,-110.4875,1.6));
#8497 = VECTOR('',#8498,1.);
#8498 = DIRECTION('',(0.,-1.,0.));
#8499 = FACE_BOUND('',#8500,.T.);
#8500 = EDGE_LOOP('',(#8501,#8512,#8520,#8529,#8537,#8546,#8554,#8563));
#8501 = ORIENTED_EDGE('',*,*,#8502,.F.);
#8502 = EDGE_CURVE('',#8503,#8505,#8507,.T.);
#8503 = VERTEX_POINT('',#8504);
#8504 = CARTESIAN_POINT('',(146.3,-109.9875,1.6));
#8505 = VERTEX_POINT('',#8506);
#8506 = CARTESIAN_POINT('',(145.8,-110.4875,1.6));
#8507 = CIRCLE('',#8508,0.500001333575);
#8508 = AXIS2_PLACEMENT_3D('',#8509,#8510,#8511);
#8509 = CARTESIAN_POINT('',(146.30000133357,-110.4875013335,1.6));
#8510 = DIRECTION('',(0.,0.,1.));
#8511 = DIRECTION('',(-2.667139191042E-06,0.999999999996,0.));
#8512 = ORIENTED_EDGE('',*,*,#8513,.F.);
#8513 = EDGE_CURVE('',#8514,#8503,#8516,.T.);
#8514 = VERTEX_POINT('',#8515);
#8515 = CARTESIAN_POINT('',(159.3,-109.9875,1.6));
#8516 = LINE('',#8517,#8518);
#8517 = CARTESIAN_POINT('',(159.3,-109.9875,1.6));
#8518 = VECTOR('',#8519,1.);
#8519 = DIRECTION('',(-1.,0.,0.));
#8520 = ORIENTED_EDGE('',*,*,#8521,.F.);
#8521 = EDGE_CURVE('',#8522,#8514,#8524,.T.);
#8522 = VERTEX_POINT('',#8523);
#8523 = CARTESIAN_POINT('',(159.8,-110.4875,1.6));
#8524 = CIRCLE('',#8525,0.500001333575);
#8525 = AXIS2_PLACEMENT_3D('',#8526,#8527,#8528);
#8526 = CARTESIAN_POINT('',(159.29999866642,-110.4875013335,1.6));
#8527 = DIRECTION('',(0.,0.,1.));
#8528 = DIRECTION('',(0.999999999996,2.667139276307E-06,-0.));
#8529 = ORIENTED_EDGE('',*,*,#8530,.F.);
#8530 = EDGE_CURVE('',#8531,#8522,#8533,.T.);
#8531 = VERTEX_POINT('',#8532);
#8532 = CARTESIAN_POINT('',(159.8,-123.4875,1.6));
#8533 = LINE('',#8534,#8535);
#8534 = CARTESIAN_POINT('',(159.8,-123.4875,1.6));
#8535 = VECTOR('',#8536,1.);
#8536 = DIRECTION('',(0.,1.,0.));
#8537 = ORIENTED_EDGE('',*,*,#8538,.F.);
#8538 = EDGE_CURVE('',#8539,#8531,#8541,.T.);
#8539 = VERTEX_POINT('',#8540);
#8540 = CARTESIAN_POINT('',(159.3,-123.9875,1.6));
#8541 = CIRCLE('',#8542,0.500001333575);
#8542 = AXIS2_PLACEMENT_3D('',#8543,#8544,#8545);
#8543 = CARTESIAN_POINT('',(159.29999866642,-123.4874986664,1.6));
#8544 = DIRECTION('',(0.,0.,1.));
#8545 = DIRECTION('',(2.667139247886E-06,-0.999999999996,0.));
#8546 = ORIENTED_EDGE('',*,*,#8547,.F.);
#8547 = EDGE_CURVE('',#8548,#8539,#8550,.T.);
#8548 = VERTEX_POINT('',#8549);
#8549 = CARTESIAN_POINT('',(146.3,-123.9875,1.6));
#8550 = LINE('',#8551,#8552);
#8551 = CARTESIAN_POINT('',(146.3,-123.9875,1.6));
#8552 = VECTOR('',#8553,1.);
#8553 = DIRECTION('',(1.,0.,0.));
#8554 = ORIENTED_EDGE('',*,*,#8555,.F.);
#8555 = EDGE_CURVE('',#8556,#8548,#8558,.T.);
#8556 = VERTEX_POINT('',#8557);
#8557 = CARTESIAN_POINT('',(145.8,-123.4875,1.6));
#8558 = CIRCLE('',#8559,0.500001333575);
#8559 = AXIS2_PLACEMENT_3D('',#8560,#8561,#8562);
#8560 = CARTESIAN_POINT('',(146.30000133357,-123.4874986664,1.6));
#8561 = DIRECTION('',(0.,0.,1.));
#8562 = DIRECTION('',(-0.999999999996,-2.667139134199E-06,0.));
#8563 = ORIENTED_EDGE('',*,*,#8564,.F.);
#8564 = EDGE_CURVE('',#8505,#8556,#8565,.T.);
#8565 = LINE('',#8566,#8567);
#8566 = CARTESIAN_POINT('',(145.8,-110.4875,1.6));
#8567 = VECTOR('',#8568,1.);
#8568 = DIRECTION('',(0.,-1.,0.));
#8569 = FACE_BOUND('',#8570,.T.);
#8570 = EDGE_LOOP('',(#8571,#8582,#8590,#8599,#8607,#8616,#8624,#8633));
#8571 = ORIENTED_EDGE('',*,*,#8572,.F.);
#8572 = EDGE_CURVE('',#8573,#8575,#8577,.T.);
#8573 = VERTEX_POINT('',#8574);
#8574 = CARTESIAN_POINT('',(165.4,-109.9875,1.6));
#8575 = VERTEX_POINT('',#8576);
#8576 = CARTESIAN_POINT('',(164.9,-110.4875,1.6));
#8577 = CIRCLE('',#8578,0.500001333575);
#8578 = AXIS2_PLACEMENT_3D('',#8579,#8580,#8581);
#8579 = CARTESIAN_POINT('',(165.40000133357,-110.4875013335,1.6));
#8580 = DIRECTION('',(0.,0.,1.));
#8581 = DIRECTION('',(-2.667139247886E-06,0.999999999996,0.));
#8582 = ORIENTED_EDGE('',*,*,#8583,.F.);
#8583 = EDGE_CURVE('',#8584,#8573,#8586,.T.);
#8584 = VERTEX_POINT('',#8585);
#8585 = CARTESIAN_POINT('',(178.4,-109.9875,1.6));
#8586 = LINE('',#8587,#8588);
#8587 = CARTESIAN_POINT('',(178.4,-109.9875,1.6));
#8588 = VECTOR('',#8589,1.);
#8589 = DIRECTION('',(-1.,0.,0.));
#8590 = ORIENTED_EDGE('',*,*,#8591,.F.);
#8591 = EDGE_CURVE('',#8592,#8584,#8594,.T.);
#8592 = VERTEX_POINT('',#8593);
#8593 = CARTESIAN_POINT('',(178.9,-110.4875,1.6));
#8594 = CIRCLE('',#8595,0.500001333575);
#8595 = AXIS2_PLACEMENT_3D('',#8596,#8597,#8598);
#8596 = CARTESIAN_POINT('',(178.39999866642,-110.4875013335,1.6));
#8597 = DIRECTION('',(0.,0.,1.));
#8598 = DIRECTION('',(0.999999999996,2.667139191042E-06,-0.));
#8599 = ORIENTED_EDGE('',*,*,#8600,.F.);
#8600 = EDGE_CURVE('',#8601,#8592,#8603,.T.);
#8601 = VERTEX_POINT('',#8602);
#8602 = CARTESIAN_POINT('',(178.9,-123.4875,1.6));
#8603 = LINE('',#8604,#8605);
#8604 = CARTESIAN_POINT('',(178.9,-123.4875,1.6));
#8605 = VECTOR('',#8606,1.);
#8606 = DIRECTION('',(0.,1.,0.));
#8607 = ORIENTED_EDGE('',*,*,#8608,.F.);
#8608 = EDGE_CURVE('',#8609,#8601,#8611,.T.);
#8609 = VERTEX_POINT('',#8610);
#8610 = CARTESIAN_POINT('',(178.4,-123.9875,1.6));
#8611 = CIRCLE('',#8612,0.500001333575);
#8612 = AXIS2_PLACEMENT_3D('',#8613,#8614,#8615);
#8613 = CARTESIAN_POINT('',(178.39999866642,-123.4874986664,1.6));
#8614 = DIRECTION('',(0.,0.,1.));
#8615 = DIRECTION('',(2.667139191043E-06,-0.999999999996,0.));
#8616 = ORIENTED_EDGE('',*,*,#8617,.F.);
#8617 = EDGE_CURVE('',#8618,#8609,#8620,.T.);
#8618 = VERTEX_POINT('',#8619);
#8619 = CARTESIAN_POINT('',(165.4,-123.9875,1.6));
#8620 = LINE('',#8621,#8622);
#8621 = CARTESIAN_POINT('',(165.4,-123.9875,1.6));
#8622 = VECTOR('',#8623,1.);
#8623 = DIRECTION('',(1.,0.,0.));
#8624 = ORIENTED_EDGE('',*,*,#8625,.F.);
#8625 = EDGE_CURVE('',#8626,#8618,#8628,.T.);
#8626 = VERTEX_POINT('',#8627);
#8627 = CARTESIAN_POINT('',(164.9,-123.4875,1.6));
#8628 = CIRCLE('',#8629,0.500001333575);
#8629 = AXIS2_PLACEMENT_3D('',#8630,#8631,#8632);
#8630 = CARTESIAN_POINT('',(165.40000133357,-123.4874986664,1.6));
#8631 = DIRECTION('',(0.,0.,1.));
#8632 = DIRECTION('',(-0.999999999996,-2.667139134199E-06,0.));
#8633 = ORIENTED_EDGE('',*,*,#8634,.F.);
#8634 = EDGE_CURVE('',#8575,#8626,#8635,.T.);
#8635 = LINE('',#8636,#8637);
#8636 = CARTESIAN_POINT('',(164.9,-110.4875,1.6));
#8637 = VECTOR('',#8638,1.);
#8638 = DIRECTION('',(0.,-1.,0.));
#8639 = FACE_BOUND('',#8640,.T.);
#8640 = EDGE_LOOP('',(#8641,#8652,#8660,#8669,#8677,#8686,#8694,#8703));
#8641 = ORIENTED_EDGE('',*,*,#8642,.F.);
#8642 = EDGE_CURVE('',#8643,#8645,#8647,.T.);
#8643 = VERTEX_POINT('',#8644);
#8644 = CARTESIAN_POINT('',(184.5,-109.9875,1.6));
#8645 = VERTEX_POINT('',#8646);
#8646 = CARTESIAN_POINT('',(184.,-110.4875,1.6));
#8647 = CIRCLE('',#8648,0.500001333575);
#8648 = AXIS2_PLACEMENT_3D('',#8649,#8650,#8651);
#8649 = CARTESIAN_POINT('',(184.50000133357,-110.4875013335,1.6));
#8650 = DIRECTION('',(0.,0.,1.));
#8651 = DIRECTION('',(-2.667139191042E-06,0.999999999996,0.));
#8652 = ORIENTED_EDGE('',*,*,#8653,.F.);
#8653 = EDGE_CURVE('',#8654,#8643,#8656,.T.);
#8654 = VERTEX_POINT('',#8655);
#8655 = CARTESIAN_POINT('',(197.5,-109.9875,1.6));
#8656 = LINE('',#8657,#8658);
#8657 = CARTESIAN_POINT('',(197.5,-109.9875,1.6));
#8658 = VECTOR('',#8659,1.);
#8659 = DIRECTION('',(-1.,0.,0.));
#8660 = ORIENTED_EDGE('',*,*,#8661,.F.);
#8661 = EDGE_CURVE('',#8662,#8654,#8664,.T.);
#8662 = VERTEX_POINT('',#8663);
#8663 = CARTESIAN_POINT('',(198.,-110.4875,1.6));
#8664 = CIRCLE('',#8665,0.500001333575);
#8665 = AXIS2_PLACEMENT_3D('',#8666,#8667,#8668);
#8666 = CARTESIAN_POINT('',(197.49999866642,-110.4875013335,1.6));
#8667 = DIRECTION('',(0.,0.,1.));
#8668 = DIRECTION('',(0.999999999996,2.667139191042E-06,-0.));
#8669 = ORIENTED_EDGE('',*,*,#8670,.F.);
#8670 = EDGE_CURVE('',#8671,#8662,#8673,.T.);
#8671 = VERTEX_POINT('',#8672);
#8672 = CARTESIAN_POINT('',(198.,-123.4875,1.6));
#8673 = LINE('',#8674,#8675);
#8674 = CARTESIAN_POINT('',(198.,-123.4875,1.6));
#8675 = VECTOR('',#8676,1.);
#8676 = DIRECTION('',(0.,1.,0.));
#8677 = ORIENTED_EDGE('',*,*,#8678,.F.);
#8678 = EDGE_CURVE('',#8679,#8671,#8681,.T.);
#8679 = VERTEX_POINT('',#8680);
#8680 = CARTESIAN_POINT('',(197.5,-123.9875,1.6));
#8681 = CIRCLE('',#8682,0.500001333575);
#8682 = AXIS2_PLACEMENT_3D('',#8683,#8684,#8685);
#8683 = CARTESIAN_POINT('',(197.49999866642,-123.4874986664,1.6));
#8684 = DIRECTION('',(0.,0.,1.));
#8685 = DIRECTION('',(2.667139134199E-06,-0.999999999996,0.));
#8686 = ORIENTED_EDGE('',*,*,#8687,.F.);
#8687 = EDGE_CURVE('',#8688,#8679,#8690,.T.);
#8688 = VERTEX_POINT('',#8689);
#8689 = CARTESIAN_POINT('',(184.5,-123.9875,1.6));
#8690 = LINE('',#8691,#8692);
#8691 = CARTESIAN_POINT('',(184.5,-123.9875,1.6));
#8692 = VECTOR('',#8693,1.);
#8693 = DIRECTION('',(1.,0.,0.));
#8694 = ORIENTED_EDGE('',*,*,#8695,.F.);
#8695 = EDGE_CURVE('',#8696,#8688,#8698,.T.);
#8696 = VERTEX_POINT('',#8697);
#8697 = CARTESIAN_POINT('',(184.,-123.4875,1.6));
#8698 = CIRCLE('',#8699,0.500001333575);
#8699 = AXIS2_PLACEMENT_3D('',#8700,#8701,#8702);
#8700 = CARTESIAN_POINT('',(184.50000133357,-123.4874986664,1.6));
#8701 = DIRECTION('',(0.,0.,1.));
#8702 = DIRECTION('',(-0.999999999996,-2.667139134199E-06,0.));
#8703 = ORIENTED_EDGE('',*,*,#8704,.F.);
#8704 = EDGE_CURVE('',#8645,#8696,#8705,.T.);
#8705 = LINE('',#8706,#8707);
#8706 = CARTESIAN_POINT('',(184.,-110.4875,1.6));
#8707 = VECTOR('',#8708,1.);
#8708 = DIRECTION('',(0.,-1.,0.));
#8709 = FACE_BOUND('',#8710,.T.);
#8710 = EDGE_LOOP('',(#8711,#8722,#8730,#8739,#8747,#8756,#8764,#8773));
#8711 = ORIENTED_EDGE('',*,*,#8712,.F.);
#8712 = EDGE_CURVE('',#8713,#8715,#8717,.T.);
#8713 = VERTEX_POINT('',#8714);
#8714 = CARTESIAN_POINT('',(122.425,-90.8875,1.6));
#8715 = VERTEX_POINT('',#8716);
#8716 = CARTESIAN_POINT('',(121.925,-91.3875,1.6));
#8717 = CIRCLE('',#8718,0.500001333575);
#8718 = AXIS2_PLACEMENT_3D('',#8719,#8720,#8721);
#8719 = CARTESIAN_POINT('',(122.42500133357,-91.38750133357,1.6));
#8720 = DIRECTION('',(0.,0.,1.));
#8721 = DIRECTION('',(-2.667139191042E-06,0.999999999996,0.));
#8722 = ORIENTED_EDGE('',*,*,#8723,.F.);
#8723 = EDGE_CURVE('',#8724,#8713,#8726,.T.);
#8724 = VERTEX_POINT('',#8725);
#8725 = CARTESIAN_POINT('',(135.425,-90.8875,1.6));
#8726 = LINE('',#8727,#8728);
#8727 = CARTESIAN_POINT('',(135.425,-90.8875,1.6));
#8728 = VECTOR('',#8729,1.);
#8729 = DIRECTION('',(-1.,0.,0.));
#8730 = ORIENTED_EDGE('',*,*,#8731,.F.);
#8731 = EDGE_CURVE('',#8732,#8724,#8734,.T.);
#8732 = VERTEX_POINT('',#8733);
#8733 = CARTESIAN_POINT('',(135.925,-91.3875,1.6));
#8734 = CIRCLE('',#8735,0.500001333575);
#8735 = AXIS2_PLACEMENT_3D('',#8736,#8737,#8738);
#8736 = CARTESIAN_POINT('',(135.42499866642,-91.38750133357,1.6));
#8737 = DIRECTION('',(0.,0.,1.));
#8738 = DIRECTION('',(0.999999999996,2.667139247886E-06,-0.));
#8739 = ORIENTED_EDGE('',*,*,#8740,.F.);
#8740 = EDGE_CURVE('',#8741,#8732,#8743,.T.);
#8741 = VERTEX_POINT('',#8742);
#8742 = CARTESIAN_POINT('',(135.925,-104.3875,1.6));
#8743 = LINE('',#8744,#8745);
#8744 = CARTESIAN_POINT('',(135.925,-104.3875,1.6));
#8745 = VECTOR('',#8746,1.);
#8746 = DIRECTION('',(0.,1.,0.));
#8747 = ORIENTED_EDGE('',*,*,#8748,.F.);
#8748 = EDGE_CURVE('',#8749,#8741,#8751,.T.);
#8749 = VERTEX_POINT('',#8750);
#8750 = CARTESIAN_POINT('',(135.425,-104.8875,1.6));
#8751 = CIRCLE('',#8752,0.500001333575);
#8752 = AXIS2_PLACEMENT_3D('',#8753,#8754,#8755);
#8753 = CARTESIAN_POINT('',(135.42499866642,-104.3874986664,1.6));
#8754 = DIRECTION('',(0.,0.,1.));
#8755 = DIRECTION('',(2.667139304729E-06,-0.999999999996,0.));
#8756 = ORIENTED_EDGE('',*,*,#8757,.F.);
#8757 = EDGE_CURVE('',#8758,#8749,#8760,.T.);
#8758 = VERTEX_POINT('',#8759);
#8759 = CARTESIAN_POINT('',(122.425,-104.8875,1.6));
#8760 = LINE('',#8761,#8762);
#8761 = CARTESIAN_POINT('',(122.425,-104.8875,1.6));
#8762 = VECTOR('',#8763,1.);
#8763 = DIRECTION('',(1.,0.,0.));
#8764 = ORIENTED_EDGE('',*,*,#8765,.F.);
#8765 = EDGE_CURVE('',#8766,#8758,#8768,.T.);
#8766 = VERTEX_POINT('',#8767);
#8767 = CARTESIAN_POINT('',(121.925,-104.3875,1.6));
#8768 = CIRCLE('',#8769,0.500001333575);
#8769 = AXIS2_PLACEMENT_3D('',#8770,#8771,#8772);
#8770 = CARTESIAN_POINT('',(122.42500133357,-104.3874986664,1.6));
#8771 = DIRECTION('',(0.,0.,1.));
#8772 = DIRECTION('',(-0.999999999996,-2.667139219464E-06,0.));
#8773 = ORIENTED_EDGE('',*,*,#8774,.F.);
#8774 = EDGE_CURVE('',#8715,#8766,#8775,.T.);
#8775 = LINE('',#8776,#8777);
#8776 = CARTESIAN_POINT('',(121.925,-91.3875,1.6));
#8777 = VECTOR('',#8778,1.);
#8778 = DIRECTION('',(0.,-1.,0.));
#8779 = FACE_BOUND('',#8780,.T.);
#8780 = EDGE_LOOP('',(#8781,#8792,#8800,#8809,#8817,#8826,#8834,#8843));
#8781 = ORIENTED_EDGE('',*,*,#8782,.F.);
#8782 = EDGE_CURVE('',#8783,#8785,#8787,.T.);
#8783 = VERTEX_POINT('',#8784);
#8784 = CARTESIAN_POINT('',(141.525,-90.8875,1.6));
#8785 = VERTEX_POINT('',#8786);
#8786 = CARTESIAN_POINT('',(141.025,-91.3875,1.6));
#8787 = CIRCLE('',#8788,0.500001333575);
#8788 = AXIS2_PLACEMENT_3D('',#8789,#8790,#8791);
#8789 = CARTESIAN_POINT('',(141.52500133357,-91.38750133357,1.6));
#8790 = DIRECTION('',(0.,0.,1.));
#8791 = DIRECTION('',(-2.667139191043E-06,0.999999999996,0.));
#8792 = ORIENTED_EDGE('',*,*,#8793,.F.);
#8793 = EDGE_CURVE('',#8794,#8783,#8796,.T.);
#8794 = VERTEX_POINT('',#8795);
#8795 = CARTESIAN_POINT('',(154.525,-90.8875,1.6));
#8796 = LINE('',#8797,#8798);
#8797 = CARTESIAN_POINT('',(154.525,-90.8875,1.6));
#8798 = VECTOR('',#8799,1.);
#8799 = DIRECTION('',(-1.,0.,0.));
#8800 = ORIENTED_EDGE('',*,*,#8801,.F.);
#8801 = EDGE_CURVE('',#8802,#8794,#8804,.T.);
#8802 = VERTEX_POINT('',#8803);
#8803 = CARTESIAN_POINT('',(155.025,-91.3875,1.6));
#8804 = CIRCLE('',#8805,0.500001333575);
#8805 = AXIS2_PLACEMENT_3D('',#8806,#8807,#8808);
#8806 = CARTESIAN_POINT('',(154.52499866642,-91.38750133357,1.6));
#8807 = DIRECTION('',(0.,0.,1.));
#8808 = DIRECTION('',(0.999999999996,2.667139134199E-06,-0.));
#8809 = ORIENTED_EDGE('',*,*,#8810,.F.);
#8810 = EDGE_CURVE('',#8811,#8802,#8813,.T.);
#8811 = VERTEX_POINT('',#8812);
#8812 = CARTESIAN_POINT('',(155.025,-104.3875,1.6));
#8813 = LINE('',#8814,#8815);
#8814 = CARTESIAN_POINT('',(155.025,-104.3875,1.6));
#8815 = VECTOR('',#8816,1.);
#8816 = DIRECTION('',(0.,1.,0.));
#8817 = ORIENTED_EDGE('',*,*,#8818,.F.);
#8818 = EDGE_CURVE('',#8819,#8811,#8821,.T.);
#8819 = VERTEX_POINT('',#8820);
#8820 = CARTESIAN_POINT('',(154.525,-104.8875,1.6));
#8821 = CIRCLE('',#8822,0.500001333575);
#8822 = AXIS2_PLACEMENT_3D('',#8823,#8824,#8825);
#8823 = CARTESIAN_POINT('',(154.52499866642,-104.3874986664,1.6));
#8824 = DIRECTION('',(0.,0.,1.));
#8825 = DIRECTION('',(2.667139247886E-06,-0.999999999996,0.));
#8826 = ORIENTED_EDGE('',*,*,#8827,.F.);
#8827 = EDGE_CURVE('',#8828,#8819,#8830,.T.);
#8828 = VERTEX_POINT('',#8829);
#8829 = CARTESIAN_POINT('',(141.525,-104.8875,1.6));
#8830 = LINE('',#8831,#8832);
#8831 = CARTESIAN_POINT('',(141.525,-104.8875,1.6));
#8832 = VECTOR('',#8833,1.);
#8833 = DIRECTION('',(1.,0.,0.));
#8834 = ORIENTED_EDGE('',*,*,#8835,.F.);
#8835 = EDGE_CURVE('',#8836,#8828,#8838,.T.);
#8836 = VERTEX_POINT('',#8837);
#8837 = CARTESIAN_POINT('',(141.025,-104.3875,1.6));
#8838 = CIRCLE('',#8839,0.500001333575);
#8839 = AXIS2_PLACEMENT_3D('',#8840,#8841,#8842);
#8840 = CARTESIAN_POINT('',(141.52500133357,-104.3874986664,1.6));
#8841 = DIRECTION('',(0.,0.,1.));
#8842 = DIRECTION('',(-0.999999999996,-2.667139191042E-06,0.));
#8843 = ORIENTED_EDGE('',*,*,#8844,.F.);
#8844 = EDGE_CURVE('',#8785,#8836,#8845,.T.);
#8845 = LINE('',#8846,#8847);
#8846 = CARTESIAN_POINT('',(141.025,-91.3875,1.6));
#8847 = VECTOR('',#8848,1.);
#8848 = DIRECTION('',(0.,-1.,0.));
#8849 = FACE_BOUND('',#8850,.T.);
#8850 = EDGE_LOOP('',(#8851,#8862,#8870,#8879,#8887,#8896,#8904,#8913));
#8851 = ORIENTED_EDGE('',*,*,#8852,.F.);
#8852 = EDGE_CURVE('',#8853,#8855,#8857,.T.);
#8853 = VERTEX_POINT('',#8854);
#8854 = CARTESIAN_POINT('',(160.625,-90.8875,1.6));
#8855 = VERTEX_POINT('',#8856);
#8856 = CARTESIAN_POINT('',(160.125,-91.3875,1.6));
#8857 = CIRCLE('',#8858,0.500001333575);
#8858 = AXIS2_PLACEMENT_3D('',#8859,#8860,#8861);
#8859 = CARTESIAN_POINT('',(160.62500133357,-91.38750133357,1.6));
#8860 = DIRECTION('',(0.,0.,1.));
#8861 = DIRECTION('',(-2.667139134199E-06,0.999999999996,0.));
#8862 = ORIENTED_EDGE('',*,*,#8863,.F.);
#8863 = EDGE_CURVE('',#8864,#8853,#8866,.T.);
#8864 = VERTEX_POINT('',#8865);
#8865 = CARTESIAN_POINT('',(173.625,-90.8875,1.6));
#8866 = LINE('',#8867,#8868);
#8867 = CARTESIAN_POINT('',(173.625,-90.8875,1.6));
#8868 = VECTOR('',#8869,1.);
#8869 = DIRECTION('',(-1.,0.,0.));
#8870 = ORIENTED_EDGE('',*,*,#8871,.F.);
#8871 = EDGE_CURVE('',#8872,#8864,#8874,.T.);
#8872 = VERTEX_POINT('',#8873);
#8873 = CARTESIAN_POINT('',(174.125,-91.3875,1.6));
#8874 = CIRCLE('',#8875,0.500001333575);
#8875 = AXIS2_PLACEMENT_3D('',#8876,#8877,#8878);
#8876 = CARTESIAN_POINT('',(173.62499866642,-91.38750133357,1.6));
#8877 = DIRECTION('',(0.,0.,1.));
#8878 = DIRECTION('',(0.999999999996,2.667139134199E-06,-0.));
#8879 = ORIENTED_EDGE('',*,*,#8880,.F.);
#8880 = EDGE_CURVE('',#8881,#8872,#8883,.T.);
#8881 = VERTEX_POINT('',#8882);
#8882 = CARTESIAN_POINT('',(174.125,-104.3875,1.6));
#8883 = LINE('',#8884,#8885);
#8884 = CARTESIAN_POINT('',(174.125,-104.3875,1.6));
#8885 = VECTOR('',#8886,1.);
#8886 = DIRECTION('',(0.,1.,0.));
#8887 = ORIENTED_EDGE('',*,*,#8888,.F.);
#8888 = EDGE_CURVE('',#8889,#8881,#8891,.T.);
#8889 = VERTEX_POINT('',#8890);
#8890 = CARTESIAN_POINT('',(173.625,-104.8875,1.6));
#8891 = CIRCLE('',#8892,0.500001333575);
#8892 = AXIS2_PLACEMENT_3D('',#8893,#8894,#8895);
#8893 = CARTESIAN_POINT('',(173.62499866642,-104.3874986664,1.6));
#8894 = DIRECTION('',(0.,0.,1.));
#8895 = DIRECTION('',(2.667139191042E-06,-0.999999999996,0.));
#8896 = ORIENTED_EDGE('',*,*,#8897,.F.);
#8897 = EDGE_CURVE('',#8898,#8889,#8900,.T.);
#8898 = VERTEX_POINT('',#8899);
#8899 = CARTESIAN_POINT('',(160.625,-104.8875,1.6));
#8900 = LINE('',#8901,#8902);
#8901 = CARTESIAN_POINT('',(160.625,-104.8875,1.6));
#8902 = VECTOR('',#8903,1.);
#8903 = DIRECTION('',(1.,0.,0.));
#8904 = ORIENTED_EDGE('',*,*,#8905,.F.);
#8905 = EDGE_CURVE('',#8906,#8898,#8908,.T.);
#8906 = VERTEX_POINT('',#8907);
#8907 = CARTESIAN_POINT('',(160.125,-104.3875,1.6));
#8908 = CIRCLE('',#8909,0.500001333575);
#8909 = AXIS2_PLACEMENT_3D('',#8910,#8911,#8912);
#8910 = CARTESIAN_POINT('',(160.62500133357,-104.3874986664,1.6));
#8911 = DIRECTION('',(0.,0.,1.));
#8912 = DIRECTION('',(-0.999999999996,-2.667139191042E-06,0.));
#8913 = ORIENTED_EDGE('',*,*,#8914,.F.);
#8914 = EDGE_CURVE('',#8855,#8906,#8915,.T.);
#8915 = LINE('',#8916,#8917);
#8916 = CARTESIAN_POINT('',(160.125,-91.3875,1.6));
#8917 = VECTOR('',#8918,1.);
#8918 = DIRECTION('',(0.,-1.,0.));
#8919 = FACE_BOUND('',#8920,.T.);
#8920 = EDGE_LOOP('',(#8921,#8932,#8940,#8949,#8957,#8966,#8974,#8983));
#8921 = ORIENTED_EDGE('',*,*,#8922,.F.);
#8922 = EDGE_CURVE('',#8923,#8925,#8927,.T.);
#8923 = VERTEX_POINT('',#8924);
#8924 = CARTESIAN_POINT('',(179.725,-90.8875,1.6));
#8925 = VERTEX_POINT('',#8926);
#8926 = CARTESIAN_POINT('',(179.225,-91.3875,1.6));
#8927 = CIRCLE('',#8928,0.500001333575);
#8928 = AXIS2_PLACEMENT_3D('',#8929,#8930,#8931);
#8929 = CARTESIAN_POINT('',(179.72500133357,-91.38750133357,1.6));
#8930 = DIRECTION('',(0.,0.,1.));
#8931 = DIRECTION('',(-2.667139191043E-06,0.999999999996,0.));
#8932 = ORIENTED_EDGE('',*,*,#8933,.F.);
#8933 = EDGE_CURVE('',#8934,#8923,#8936,.T.);
#8934 = VERTEX_POINT('',#8935);
#8935 = CARTESIAN_POINT('',(192.725,-90.8875,1.6));
#8936 = LINE('',#8937,#8938);
#8937 = CARTESIAN_POINT('',(192.725,-90.8875,1.6));
#8938 = VECTOR('',#8939,1.);
#8939 = DIRECTION('',(-1.,0.,0.));
#8940 = ORIENTED_EDGE('',*,*,#8941,.F.);
#8941 = EDGE_CURVE('',#8942,#8934,#8944,.T.);
#8942 = VERTEX_POINT('',#8943);
#8943 = CARTESIAN_POINT('',(193.225,-91.3875,1.6));
#8944 = CIRCLE('',#8945,0.500001333575);
#8945 = AXIS2_PLACEMENT_3D('',#8946,#8947,#8948);
#8946 = CARTESIAN_POINT('',(192.72499866642,-91.38750133357,1.6));
#8947 = DIRECTION('',(0.,0.,1.));
#8948 = DIRECTION('',(0.999999999996,2.667139134199E-06,-0.));
#8949 = ORIENTED_EDGE('',*,*,#8950,.F.);
#8950 = EDGE_CURVE('',#8951,#8942,#8953,.T.);
#8951 = VERTEX_POINT('',#8952);
#8952 = CARTESIAN_POINT('',(193.225,-104.3875,1.6));
#8953 = LINE('',#8954,#8955);
#8954 = CARTESIAN_POINT('',(193.225,-104.3875,1.6));
#8955 = VECTOR('',#8956,1.);
#8956 = DIRECTION('',(0.,1.,0.));
#8957 = ORIENTED_EDGE('',*,*,#8958,.F.);
#8958 = EDGE_CURVE('',#8959,#8951,#8961,.T.);
#8959 = VERTEX_POINT('',#8960);
#8960 = CARTESIAN_POINT('',(192.725,-104.8875,1.6));
#8961 = CIRCLE('',#8962,0.500001333575);
#8962 = AXIS2_PLACEMENT_3D('',#8963,#8964,#8965);
#8963 = CARTESIAN_POINT('',(192.72499866642,-104.3874986664,1.6));
#8964 = DIRECTION('',(0.,0.,1.));
#8965 = DIRECTION('',(2.667139247886E-06,-0.999999999996,0.));
#8966 = ORIENTED_EDGE('',*,*,#8967,.F.);
#8967 = EDGE_CURVE('',#8968,#8959,#8970,.T.);
#8968 = VERTEX_POINT('',#8969);
#8969 = CARTESIAN_POINT('',(179.725,-104.8875,1.6));
#8970 = LINE('',#8971,#8972);
#8971 = CARTESIAN_POINT('',(179.725,-104.8875,1.6));
#8972 = VECTOR('',#8973,1.);
#8973 = DIRECTION('',(1.,0.,0.));
#8974 = ORIENTED_EDGE('',*,*,#8975,.F.);
#8975 = EDGE_CURVE('',#8976,#8968,#8978,.T.);
#8976 = VERTEX_POINT('',#8977);
#8977 = CARTESIAN_POINT('',(179.225,-104.3875,1.6));
#8978 = CIRCLE('',#8979,0.500001333575);
#8979 = AXIS2_PLACEMENT_3D('',#8980,#8981,#8982);
#8980 = CARTESIAN_POINT('',(179.72500133357,-104.3874986664,1.6));
#8981 = DIRECTION('',(0.,0.,1.));
#8982 = DIRECTION('',(-0.999999999996,-2.667139191042E-06,0.));
#8983 = ORIENTED_EDGE('',*,*,#8984,.F.);
#8984 = EDGE_CURVE('',#8925,#8976,#8985,.T.);
#8985 = LINE('',#8986,#8987);
#8986 = CARTESIAN_POINT('',(179.225,-91.3875,1.6));
#8987 = VECTOR('',#8988,1.);
#8988 = DIRECTION('',(0.,-1.,0.));
#8989 = FACE_BOUND('',#8990,.T.);
#8990 = EDGE_LOOP('',(#8991,#9002,#9010,#9019,#9027,#9036,#9044,#9053));
#8991 = ORIENTED_EDGE('',*,*,#8992,.F.);
#8992 = EDGE_CURVE('',#8993,#8995,#8997,.T.);
#8993 = VERTEX_POINT('',#8994);
#8994 = CARTESIAN_POINT('',(198.825,-90.8875,1.6));
#8995 = VERTEX_POINT('',#8996);
#8996 = CARTESIAN_POINT('',(198.325,-91.3875,1.6));
#8997 = CIRCLE('',#8998,0.500001333575);
#8998 = AXIS2_PLACEMENT_3D('',#8999,#9000,#9001);
#8999 = CARTESIAN_POINT('',(198.82500133357,-91.38750133357,1.6));
#9000 = DIRECTION('',(0.,0.,1.));
#9001 = DIRECTION('',(-2.667139247886E-06,0.999999999996,0.));
#9002 = ORIENTED_EDGE('',*,*,#9003,.F.);
#9003 = EDGE_CURVE('',#9004,#8993,#9006,.T.);
#9004 = VERTEX_POINT('',#9005);
#9005 = CARTESIAN_POINT('',(211.825,-90.8875,1.6));
#9006 = LINE('',#9007,#9008);
#9007 = CARTESIAN_POINT('',(211.825,-90.8875,1.6));
#9008 = VECTOR('',#9009,1.);
#9009 = DIRECTION('',(-1.,0.,0.));
#9010 = ORIENTED_EDGE('',*,*,#9011,.F.);
#9011 = EDGE_CURVE('',#9012,#9004,#9014,.T.);
#9012 = VERTEX_POINT('',#9013);
#9013 = CARTESIAN_POINT('',(212.325,-91.3875,1.6));
#9014 = CIRCLE('',#9015,0.500001333575);
#9015 = AXIS2_PLACEMENT_3D('',#9016,#9017,#9018);
#9016 = CARTESIAN_POINT('',(211.82499866642,-91.38750133357,1.6));
#9017 = DIRECTION('',(0.,0.,1.));
#9018 = DIRECTION('',(0.999999999996,2.667139134199E-06,-0.));
#9019 = ORIENTED_EDGE('',*,*,#9020,.F.);
#9020 = EDGE_CURVE('',#9021,#9012,#9023,.T.);
#9021 = VERTEX_POINT('',#9022);
#9022 = CARTESIAN_POINT('',(212.325,-104.3875,1.6));
#9023 = LINE('',#9024,#9025);
#9024 = CARTESIAN_POINT('',(212.325,-104.3875,1.6));
#9025 = VECTOR('',#9026,1.);
#9026 = DIRECTION('',(0.,1.,0.));
#9027 = ORIENTED_EDGE('',*,*,#9028,.F.);
#9028 = EDGE_CURVE('',#9029,#9021,#9031,.T.);
#9029 = VERTEX_POINT('',#9030);
#9030 = CARTESIAN_POINT('',(211.825,-104.8875,1.6));
#9031 = CIRCLE('',#9032,0.500001333575);
#9032 = AXIS2_PLACEMENT_3D('',#9033,#9034,#9035);
#9033 = CARTESIAN_POINT('',(211.82499866642,-104.3874986664,1.6));
#9034 = DIRECTION('',(0.,0.,1.));
#9035 = DIRECTION('',(2.667139191042E-06,-0.999999999996,0.));
#9036 = ORIENTED_EDGE('',*,*,#9037,.F.);
#9037 = EDGE_CURVE('',#9038,#9029,#9040,.T.);
#9038 = VERTEX_POINT('',#9039);
#9039 = CARTESIAN_POINT('',(198.825,-104.8875,1.6));
#9040 = LINE('',#9041,#9042);
#9041 = CARTESIAN_POINT('',(198.825,-104.8875,1.6));
#9042 = VECTOR('',#9043,1.);
#9043 = DIRECTION('',(1.,0.,0.));
#9044 = ORIENTED_EDGE('',*,*,#9045,.F.);
#9045 = EDGE_CURVE('',#9046,#9038,#9048,.T.);
#9046 = VERTEX_POINT('',#9047);
#9047 = CARTESIAN_POINT('',(198.325,-104.3875,1.6));
#9048 = CIRCLE('',#9049,0.500001333575);
#9049 = AXIS2_PLACEMENT_3D('',#9050,#9051,#9052);
#9050 = CARTESIAN_POINT('',(198.82500133357,-104.3874986664,1.6));
#9051 = DIRECTION('',(0.,0.,1.));
#9052 = DIRECTION('',(-0.999999999996,-2.667139276307E-06,0.));
#9053 = ORIENTED_EDGE('',*,*,#9054,.F.);
#9054 = EDGE_CURVE('',#8995,#9046,#9055,.T.);
#9055 = LINE('',#9056,#9057);
#9056 = CARTESIAN_POINT('',(198.325,-91.3875,1.6));
#9057 = VECTOR('',#9058,1.);
#9058 = DIRECTION('',(0.,-1.,0.));
#9059 = FACE_BOUND('',#9060,.T.);
#9060 = EDGE_LOOP('',(#9061,#9072,#9080,#9089,#9097,#9106,#9114,#9123));
#9061 = ORIENTED_EDGE('',*,*,#9062,.F.);
#9062 = EDGE_CURVE('',#9063,#9065,#9067,.T.);
#9063 = VERTEX_POINT('',#9064);
#9064 = CARTESIAN_POINT('',(55.575,-71.7875,1.6));
#9065 = VERTEX_POINT('',#9066);
#9066 = CARTESIAN_POINT('',(55.075,-72.2875,1.6));
#9067 = CIRCLE('',#9068,0.500001333575);
#9068 = AXIS2_PLACEMENT_3D('',#9069,#9070,#9071);
#9069 = CARTESIAN_POINT('',(55.575001333573,-72.28750133357,1.6));
#9070 = DIRECTION('',(0.,0.,1.));
#9071 = DIRECTION('',(-2.667139191042E-06,0.999999999996,0.));
#9072 = ORIENTED_EDGE('',*,*,#9073,.F.);
#9073 = EDGE_CURVE('',#9074,#9063,#9076,.T.);
#9074 = VERTEX_POINT('',#9075);
#9075 = CARTESIAN_POINT('',(68.575,-71.7875,1.6));
#9076 = LINE('',#9077,#9078);
#9077 = CARTESIAN_POINT('',(68.575,-71.7875,1.6));
#9078 = VECTOR('',#9079,1.);
#9079 = DIRECTION('',(-1.,0.,0.));
#9080 = ORIENTED_EDGE('',*,*,#9081,.F.);
#9081 = EDGE_CURVE('',#9082,#9074,#9084,.T.);
#9082 = VERTEX_POINT('',#9083);
#9083 = CARTESIAN_POINT('',(69.075,-72.2875,1.6));
#9084 = CIRCLE('',#9085,0.500001333575);
#9085 = AXIS2_PLACEMENT_3D('',#9086,#9087,#9088);
#9086 = CARTESIAN_POINT('',(68.574998666427,-72.28750133357,1.6));
#9087 = DIRECTION('',(0.,0.,1.));
#9088 = DIRECTION('',(0.999999999996,2.667139247886E-06,-0.));
#9089 = ORIENTED_EDGE('',*,*,#9090,.F.);
#9090 = EDGE_CURVE('',#9091,#9082,#9093,.T.);
#9091 = VERTEX_POINT('',#9092);
#9092 = CARTESIAN_POINT('',(69.075,-85.2875,1.6));
#9093 = LINE('',#9094,#9095);
#9094 = CARTESIAN_POINT('',(69.075,-85.2875,1.6));
#9095 = VECTOR('',#9096,1.);
#9096 = DIRECTION('',(0.,1.,0.));
#9097 = ORIENTED_EDGE('',*,*,#9098,.F.);
#9098 = EDGE_CURVE('',#9099,#9091,#9101,.T.);
#9099 = VERTEX_POINT('',#9100);
#9100 = CARTESIAN_POINT('',(68.575,-85.7875,1.6));
#9101 = CIRCLE('',#9102,0.500001333575);
#9102 = AXIS2_PLACEMENT_3D('',#9103,#9104,#9105);
#9103 = CARTESIAN_POINT('',(68.574998666427,-85.28749866642,1.6));
#9104 = DIRECTION('',(0.,0.,1.));
#9105 = DIRECTION('',(2.667139191042E-06,-0.999999999996,0.));
#9106 = ORIENTED_EDGE('',*,*,#9107,.F.);
#9107 = EDGE_CURVE('',#9108,#9099,#9110,.T.);
#9108 = VERTEX_POINT('',#9109);
#9109 = CARTESIAN_POINT('',(55.575,-85.7875,1.6));
#9110 = LINE('',#9111,#9112);
#9111 = CARTESIAN_POINT('',(55.575,-85.7875,1.6));
#9112 = VECTOR('',#9113,1.);
#9113 = DIRECTION('',(1.,0.,0.));
#9114 = ORIENTED_EDGE('',*,*,#9115,.F.);
#9115 = EDGE_CURVE('',#9116,#9108,#9118,.T.);
#9116 = VERTEX_POINT('',#9117);
#9117 = CARTESIAN_POINT('',(55.075,-85.2875,1.6));
#9118 = CIRCLE('',#9119,0.500001333575);
#9119 = AXIS2_PLACEMENT_3D('',#9120,#9121,#9122);
#9120 = CARTESIAN_POINT('',(55.575001333573,-85.28749866642,1.6));
#9121 = DIRECTION('',(0.,0.,1.));
#9122 = DIRECTION('',(-0.999999999996,-2.667139134199E-06,0.));
#9123 = ORIENTED_EDGE('',*,*,#9124,.F.);
#9124 = EDGE_CURVE('',#9065,#9116,#9125,.T.);
#9125 = LINE('',#9126,#9127);
#9126 = CARTESIAN_POINT('',(55.075,-72.2875,1.6));
#9127 = VECTOR('',#9128,1.);
#9128 = DIRECTION('',(0.,-1.,0.));
#9129 = FACE_BOUND('',#9130,.T.);
#9130 = EDGE_LOOP('',(#9131,#9142,#9150,#9159,#9167,#9176,#9184,#9193));
#9131 = ORIENTED_EDGE('',*,*,#9132,.F.);
#9132 = EDGE_CURVE('',#9133,#9135,#9137,.T.);
#9133 = VERTEX_POINT('',#9134);
#9134 = CARTESIAN_POINT('',(74.675,-71.7875,1.6));
#9135 = VERTEX_POINT('',#9136);
#9136 = CARTESIAN_POINT('',(74.175,-72.2875,1.6));
#9137 = CIRCLE('',#9138,0.500001333575);
#9138 = AXIS2_PLACEMENT_3D('',#9139,#9140,#9141);
#9139 = CARTESIAN_POINT('',(74.675001333573,-72.28750133357,1.6));
#9140 = DIRECTION('',(0.,0.,1.));
#9141 = DIRECTION('',(-2.667139219464E-06,0.999999999996,0.));
#9142 = ORIENTED_EDGE('',*,*,#9143,.F.);
#9143 = EDGE_CURVE('',#9144,#9133,#9146,.T.);
#9144 = VERTEX_POINT('',#9145);
#9145 = CARTESIAN_POINT('',(87.675,-71.7875,1.6));
#9146 = LINE('',#9147,#9148);
#9147 = CARTESIAN_POINT('',(87.675,-71.7875,1.6));
#9148 = VECTOR('',#9149,1.);
#9149 = DIRECTION('',(-1.,0.,0.));
#9150 = ORIENTED_EDGE('',*,*,#9151,.F.);
#9151 = EDGE_CURVE('',#9152,#9144,#9154,.T.);
#9152 = VERTEX_POINT('',#9153);
#9153 = CARTESIAN_POINT('',(88.175,-72.2875,1.6));
#9154 = CIRCLE('',#9155,0.500001333575);
#9155 = AXIS2_PLACEMENT_3D('',#9156,#9157,#9158);
#9156 = CARTESIAN_POINT('',(87.674998666427,-72.28750133357,1.6));
#9157 = DIRECTION('',(0.,0.,1.));
#9158 = DIRECTION('',(0.999999999996,2.667139219464E-06,-0.));
#9159 = ORIENTED_EDGE('',*,*,#9160,.F.);
#9160 = EDGE_CURVE('',#9161,#9152,#9163,.T.);
#9161 = VERTEX_POINT('',#9162);
#9162 = CARTESIAN_POINT('',(88.175,-85.2875,1.6));
#9163 = LINE('',#9164,#9165);
#9164 = CARTESIAN_POINT('',(88.175,-85.2875,1.6));
#9165 = VECTOR('',#9166,1.);
#9166 = DIRECTION('',(0.,1.,0.));
#9167 = ORIENTED_EDGE('',*,*,#9168,.F.);
#9168 = EDGE_CURVE('',#9169,#9161,#9171,.T.);
#9169 = VERTEX_POINT('',#9170);
#9170 = CARTESIAN_POINT('',(87.675,-85.7875,1.6));
#9171 = CIRCLE('',#9172,0.500001333575);
#9172 = AXIS2_PLACEMENT_3D('',#9173,#9174,#9175);
#9173 = CARTESIAN_POINT('',(87.674998666427,-85.28749866642,1.6));
#9174 = DIRECTION('',(0.,0.,1.));
#9175 = DIRECTION('',(2.667139134199E-06,-0.999999999996,0.));
#9176 = ORIENTED_EDGE('',*,*,#9177,.F.);
#9177 = EDGE_CURVE('',#9178,#9169,#9180,.T.);
#9178 = VERTEX_POINT('',#9179);
#9179 = CARTESIAN_POINT('',(74.675,-85.7875,1.6));
#9180 = LINE('',#9181,#9182);
#9181 = CARTESIAN_POINT('',(74.675,-85.7875,1.6));
#9182 = VECTOR('',#9183,1.);
#9183 = DIRECTION('',(1.,0.,0.));
#9184 = ORIENTED_EDGE('',*,*,#9185,.F.);
#9185 = EDGE_CURVE('',#9186,#9178,#9188,.T.);
#9186 = VERTEX_POINT('',#9187);
#9187 = CARTESIAN_POINT('',(74.175,-85.2875,1.6));
#9188 = CIRCLE('',#9189,0.500001333575);
#9189 = AXIS2_PLACEMENT_3D('',#9190,#9191,#9192);
#9190 = CARTESIAN_POINT('',(74.675001333573,-85.28749866642,1.6));
#9191 = DIRECTION('',(0.,0.,1.));
#9192 = DIRECTION('',(-0.999999999996,-2.667139191042E-06,0.));
#9193 = ORIENTED_EDGE('',*,*,#9194,.F.);
#9194 = EDGE_CURVE('',#9135,#9186,#9195,.T.);
#9195 = LINE('',#9196,#9197);
#9196 = CARTESIAN_POINT('',(74.175,-72.2875,1.6));
#9197 = VECTOR('',#9198,1.);
#9198 = DIRECTION('',(0.,-1.,0.));
#9199 = FACE_BOUND('',#9200,.T.);
#9200 = EDGE_LOOP('',(#9201));
#9201 = ORIENTED_EDGE('',*,*,#9202,.T.);
#9202 = EDGE_CURVE('',#9203,#9203,#9205,.T.);
#9203 = VERTEX_POINT('',#9204);
#9204 = CARTESIAN_POINT('',(50.1375,-75.6125,1.6));
#9205 = CIRCLE('',#9206,1.6);
#9206 = AXIS2_PLACEMENT_3D('',#9207,#9208,#9209);
#9207 = CARTESIAN_POINT('',(50.1375,-74.0125,1.6));
#9208 = DIRECTION('',(-0.,0.,-1.));
#9209 = DIRECTION('',(-0.,-1.,0.));
#9210 = FACE_BOUND('',#9211,.T.);
#9211 = EDGE_LOOP('',(#9212,#9223,#9231,#9240,#9248,#9257,#9265,#9274));
#9212 = ORIENTED_EDGE('',*,*,#9213,.F.);
#9213 = EDGE_CURVE('',#9214,#9216,#9218,.T.);
#9214 = VERTEX_POINT('',#9215);
#9215 = CARTESIAN_POINT('',(93.775,-71.7875,1.6));
#9216 = VERTEX_POINT('',#9217);
#9217 = CARTESIAN_POINT('',(93.275,-72.2875,1.6));
#9218 = CIRCLE('',#9219,0.500001333575);
#9219 = AXIS2_PLACEMENT_3D('',#9220,#9221,#9222);
#9220 = CARTESIAN_POINT('',(93.775001333573,-72.28750133357,1.6));
#9221 = DIRECTION('',(0.,0.,1.));
#9222 = DIRECTION('',(-2.667139191042E-06,0.999999999996,0.));
#9223 = ORIENTED_EDGE('',*,*,#9224,.F.);
#9224 = EDGE_CURVE('',#9225,#9214,#9227,.T.);
#9225 = VERTEX_POINT('',#9226);
#9226 = CARTESIAN_POINT('',(106.775,-71.7875,1.6));
#9227 = LINE('',#9228,#9229);
#9228 = CARTESIAN_POINT('',(106.775,-71.7875,1.6));
#9229 = VECTOR('',#9230,1.);
#9230 = DIRECTION('',(-1.,0.,0.));
#9231 = ORIENTED_EDGE('',*,*,#9232,.F.);
#9232 = EDGE_CURVE('',#9233,#9225,#9235,.T.);
#9233 = VERTEX_POINT('',#9234);
#9234 = CARTESIAN_POINT('',(107.275,-72.2875,1.6));
#9235 = CIRCLE('',#9236,0.500001333575);
#9236 = AXIS2_PLACEMENT_3D('',#9237,#9238,#9239);
#9237 = CARTESIAN_POINT('',(106.77499866642,-72.28750133357,1.6));
#9238 = DIRECTION('',(0.,0.,1.));
#9239 = DIRECTION('',(0.999999999996,2.667139247886E-06,-0.));
#9240 = ORIENTED_EDGE('',*,*,#9241,.F.);
#9241 = EDGE_CURVE('',#9242,#9233,#9244,.T.);
#9242 = VERTEX_POINT('',#9243);
#9243 = CARTESIAN_POINT('',(107.275,-85.2875,1.6));
#9244 = LINE('',#9245,#9246);
#9245 = CARTESIAN_POINT('',(107.275,-85.2875,1.6));
#9246 = VECTOR('',#9247,1.);
#9247 = DIRECTION('',(0.,1.,0.));
#9248 = ORIENTED_EDGE('',*,*,#9249,.F.);
#9249 = EDGE_CURVE('',#9250,#9242,#9252,.T.);
#9250 = VERTEX_POINT('',#9251);
#9251 = CARTESIAN_POINT('',(106.775,-85.7875,1.6));
#9252 = CIRCLE('',#9253,0.500001333575);
#9253 = AXIS2_PLACEMENT_3D('',#9254,#9255,#9256);
#9254 = CARTESIAN_POINT('',(106.77499866642,-85.28749866642,1.6));
#9255 = DIRECTION('',(0.,0.,1.));
#9256 = DIRECTION('',(2.667139219464E-06,-0.999999999996,0.));
#9257 = ORIENTED_EDGE('',*,*,#9258,.F.);
#9258 = EDGE_CURVE('',#9259,#9250,#9261,.T.);
#9259 = VERTEX_POINT('',#9260);
#9260 = CARTESIAN_POINT('',(93.775,-85.7875,1.6));
#9261 = LINE('',#9262,#9263);
#9262 = CARTESIAN_POINT('',(93.775,-85.7875,1.6));
#9263 = VECTOR('',#9264,1.);
#9264 = DIRECTION('',(1.,0.,0.));
#9265 = ORIENTED_EDGE('',*,*,#9266,.F.);
#9266 = EDGE_CURVE('',#9267,#9259,#9269,.T.);
#9267 = VERTEX_POINT('',#9268);
#9268 = CARTESIAN_POINT('',(93.275,-85.2875,1.6));
#9269 = CIRCLE('',#9270,0.500001333575);
#9270 = AXIS2_PLACEMENT_3D('',#9271,#9272,#9273);
#9271 = CARTESIAN_POINT('',(93.775001333573,-85.28749866642,1.6));
#9272 = DIRECTION('',(0.,0.,1.));
#9273 = DIRECTION('',(-0.999999999996,-2.667139134199E-06,0.));
#9274 = ORIENTED_EDGE('',*,*,#9275,.F.);
#9275 = EDGE_CURVE('',#9216,#9267,#9276,.T.);
#9276 = LINE('',#9277,#9278);
#9277 = CARTESIAN_POINT('',(93.275,-72.2875,1.6));
#9278 = VECTOR('',#9279,1.);
#9279 = DIRECTION('',(0.,-1.,0.));
#9280 = FACE_BOUND('',#9281,.T.);
#9281 = EDGE_LOOP('',(#9282,#9293,#9301,#9310,#9318,#9327,#9335,#9344));
#9282 = ORIENTED_EDGE('',*,*,#9283,.F.);
#9283 = EDGE_CURVE('',#9284,#9286,#9288,.T.);
#9284 = VERTEX_POINT('',#9285);
#9285 = CARTESIAN_POINT('',(112.875,-71.7875,1.6));
#9286 = VERTEX_POINT('',#9287);
#9287 = CARTESIAN_POINT('',(112.375,-72.2875,1.6));
#9288 = CIRCLE('',#9289,0.500001333575);
#9289 = AXIS2_PLACEMENT_3D('',#9290,#9291,#9292);
#9290 = CARTESIAN_POINT('',(112.87500133357,-72.28750133357,1.6));
#9291 = DIRECTION('',(0.,0.,1.));
#9292 = DIRECTION('',(-2.667139191042E-06,0.999999999996,0.));
#9293 = ORIENTED_EDGE('',*,*,#9294,.F.);
#9294 = EDGE_CURVE('',#9295,#9284,#9297,.T.);
#9295 = VERTEX_POINT('',#9296);
#9296 = CARTESIAN_POINT('',(125.875,-71.7875,1.6));
#9297 = LINE('',#9298,#9299);
#9298 = CARTESIAN_POINT('',(125.875,-71.7875,1.6));
#9299 = VECTOR('',#9300,1.);
#9300 = DIRECTION('',(-1.,0.,0.));
#9301 = ORIENTED_EDGE('',*,*,#9302,.F.);
#9302 = EDGE_CURVE('',#9303,#9295,#9305,.T.);
#9303 = VERTEX_POINT('',#9304);
#9304 = CARTESIAN_POINT('',(126.375,-72.2875,1.6));
#9305 = CIRCLE('',#9306,0.500001333575);
#9306 = AXIS2_PLACEMENT_3D('',#9307,#9308,#9309);
#9307 = CARTESIAN_POINT('',(125.87499866642,-72.28750133357,1.6));
#9308 = DIRECTION('',(0.,0.,1.));
#9309 = DIRECTION('',(0.999999999996,2.667139219464E-06,-0.));
#9310 = ORIENTED_EDGE('',*,*,#9311,.F.);
#9311 = EDGE_CURVE('',#9312,#9303,#9314,.T.);
#9312 = VERTEX_POINT('',#9313);
#9313 = CARTESIAN_POINT('',(126.375,-85.2875,1.6));
#9314 = LINE('',#9315,#9316);
#9315 = CARTESIAN_POINT('',(126.375,-85.2875,1.6));
#9316 = VECTOR('',#9317,1.);
#9317 = DIRECTION('',(0.,1.,0.));
#9318 = ORIENTED_EDGE('',*,*,#9319,.F.);
#9319 = EDGE_CURVE('',#9320,#9312,#9322,.T.);
#9320 = VERTEX_POINT('',#9321);
#9321 = CARTESIAN_POINT('',(125.875,-85.7875,1.6));
#9322 = CIRCLE('',#9323,0.500001333575);
#9323 = AXIS2_PLACEMENT_3D('',#9324,#9325,#9326);
#9324 = CARTESIAN_POINT('',(125.87499866642,-85.28749866642,1.6));
#9325 = DIRECTION('',(0.,0.,1.));
#9326 = DIRECTION('',(2.667139134199E-06,-0.999999999996,0.));
#9327 = ORIENTED_EDGE('',*,*,#9328,.F.);
#9328 = EDGE_CURVE('',#9329,#9320,#9331,.T.);
#9329 = VERTEX_POINT('',#9330);
#9330 = CARTESIAN_POINT('',(112.875,-85.7875,1.6));
#9331 = LINE('',#9332,#9333);
#9332 = CARTESIAN_POINT('',(112.875,-85.7875,1.6));
#9333 = VECTOR('',#9334,1.);
#9334 = DIRECTION('',(1.,0.,0.));
#9335 = ORIENTED_EDGE('',*,*,#9336,.F.);
#9336 = EDGE_CURVE('',#9337,#9329,#9339,.T.);
#9337 = VERTEX_POINT('',#9338);
#9338 = CARTESIAN_POINT('',(112.375,-85.2875,1.6));
#9339 = CIRCLE('',#9340,0.500001333575);
#9340 = AXIS2_PLACEMENT_3D('',#9341,#9342,#9343);
#9341 = CARTESIAN_POINT('',(112.87500133357,-85.28749866642,1.6));
#9342 = DIRECTION('',(0.,0.,1.));
#9343 = DIRECTION('',(-0.999999999996,-2.667139134199E-06,0.));
#9344 = ORIENTED_EDGE('',*,*,#9345,.F.);
#9345 = EDGE_CURVE('',#9286,#9337,#9346,.T.);
#9346 = LINE('',#9347,#9348);
#9347 = CARTESIAN_POINT('',(112.375,-72.2875,1.6));
#9348 = VECTOR('',#9349,1.);
#9349 = DIRECTION('',(0.,-1.,0.));
#9350 = FACE_BOUND('',#9351,.T.);
#9351 = EDGE_LOOP('',(#9352,#9363,#9371,#9380,#9388,#9397,#9405,#9414));
#9352 = ORIENTED_EDGE('',*,*,#9353,.F.);
#9353 = EDGE_CURVE('',#9354,#9356,#9358,.T.);
#9354 = VERTEX_POINT('',#9355);
#9355 = CARTESIAN_POINT('',(131.975,-71.7875,1.6));
#9356 = VERTEX_POINT('',#9357);
#9357 = CARTESIAN_POINT('',(131.475,-72.2875,1.6));
#9358 = CIRCLE('',#9359,0.500001333575);
#9359 = AXIS2_PLACEMENT_3D('',#9360,#9361,#9362);
#9360 = CARTESIAN_POINT('',(131.97500133357,-72.28750133357,1.6));
#9361 = DIRECTION('',(0.,0.,1.));
#9362 = DIRECTION('',(-2.667139247886E-06,0.999999999996,0.));
#9363 = ORIENTED_EDGE('',*,*,#9364,.F.);
#9364 = EDGE_CURVE('',#9365,#9354,#9367,.T.);
#9365 = VERTEX_POINT('',#9366);
#9366 = CARTESIAN_POINT('',(144.975,-71.7875,1.6));
#9367 = LINE('',#9368,#9369);
#9368 = CARTESIAN_POINT('',(144.975,-71.7875,1.6));
#9369 = VECTOR('',#9370,1.);
#9370 = DIRECTION('',(-1.,0.,0.));
#9371 = ORIENTED_EDGE('',*,*,#9372,.F.);
#9372 = EDGE_CURVE('',#9373,#9365,#9375,.T.);
#9373 = VERTEX_POINT('',#9374);
#9374 = CARTESIAN_POINT('',(145.475,-72.2875,1.6));
#9375 = CIRCLE('',#9376,0.500001333575);
#9376 = AXIS2_PLACEMENT_3D('',#9377,#9378,#9379);
#9377 = CARTESIAN_POINT('',(144.97499866642,-72.28750133357,1.6));
#9378 = DIRECTION('',(0.,0.,1.));
#9379 = DIRECTION('',(0.999999999996,2.667139219464E-06,-0.));
#9380 = ORIENTED_EDGE('',*,*,#9381,.F.);
#9381 = EDGE_CURVE('',#9382,#9373,#9384,.T.);
#9382 = VERTEX_POINT('',#9383);
#9383 = CARTESIAN_POINT('',(145.475,-85.2875,1.6));
#9384 = LINE('',#9385,#9386);
#9385 = CARTESIAN_POINT('',(145.475,-85.2875,1.6));
#9386 = VECTOR('',#9387,1.);
#9387 = DIRECTION('',(0.,1.,0.));
#9388 = ORIENTED_EDGE('',*,*,#9389,.F.);
#9389 = EDGE_CURVE('',#9390,#9382,#9392,.T.);
#9390 = VERTEX_POINT('',#9391);
#9391 = CARTESIAN_POINT('',(144.975,-85.7875,1.6));
#9392 = CIRCLE('',#9393,0.500001333575);
#9393 = AXIS2_PLACEMENT_3D('',#9394,#9395,#9396);
#9394 = CARTESIAN_POINT('',(144.97499866642,-85.28749866642,1.6));
#9395 = DIRECTION('',(0.,0.,1.));
#9396 = DIRECTION('',(2.667139191043E-06,-0.999999999996,0.));
#9397 = ORIENTED_EDGE('',*,*,#9398,.F.);
#9398 = EDGE_CURVE('',#9399,#9390,#9401,.T.);
#9399 = VERTEX_POINT('',#9400);
#9400 = CARTESIAN_POINT('',(131.975,-85.7875,1.6));
#9401 = LINE('',#9402,#9403);
#9402 = CARTESIAN_POINT('',(131.975,-85.7875,1.6));
#9403 = VECTOR('',#9404,1.);
#9404 = DIRECTION('',(1.,0.,0.));
#9405 = ORIENTED_EDGE('',*,*,#9406,.F.);
#9406 = EDGE_CURVE('',#9407,#9399,#9409,.T.);
#9407 = VERTEX_POINT('',#9408);
#9408 = CARTESIAN_POINT('',(131.475,-85.2875,1.6));
#9409 = CIRCLE('',#9410,0.500001333575);
#9410 = AXIS2_PLACEMENT_3D('',#9411,#9412,#9413);
#9411 = CARTESIAN_POINT('',(131.97500133357,-85.28749866642,1.6));
#9412 = DIRECTION('',(0.,0.,1.));
#9413 = DIRECTION('',(-0.999999999996,-2.667139134199E-06,0.));
#9414 = ORIENTED_EDGE('',*,*,#9415,.F.);
#9415 = EDGE_CURVE('',#9356,#9407,#9416,.T.);
#9416 = LINE('',#9417,#9418);
#9417 = CARTESIAN_POINT('',(131.475,-72.2875,1.6));
#9418 = VECTOR('',#9419,1.);
#9419 = DIRECTION('',(0.,-1.,0.));
#9420 = FACE_BOUND('',#9421,.T.);
#9421 = EDGE_LOOP('',(#9422,#9433,#9441,#9450,#9458,#9467,#9475,#9484));
#9422 = ORIENTED_EDGE('',*,*,#9423,.F.);
#9423 = EDGE_CURVE('',#9424,#9426,#9428,.T.);
#9424 = VERTEX_POINT('',#9425);
#9425 = CARTESIAN_POINT('',(151.075,-71.7875,1.6));
#9426 = VERTEX_POINT('',#9427);
#9427 = CARTESIAN_POINT('',(150.575,-72.2875,1.6));
#9428 = CIRCLE('',#9429,0.500001333575);
#9429 = AXIS2_PLACEMENT_3D('',#9430,#9431,#9432);
#9430 = CARTESIAN_POINT('',(151.07500133357,-72.28750133357,1.6));
#9431 = DIRECTION('',(0.,0.,1.));
#9432 = DIRECTION('',(-2.667139304729E-06,0.999999999996,0.));
#9433 = ORIENTED_EDGE('',*,*,#9434,.F.);
#9434 = EDGE_CURVE('',#9435,#9424,#9437,.T.);
#9435 = VERTEX_POINT('',#9436);
#9436 = CARTESIAN_POINT('',(164.075,-71.7875,1.6));
#9437 = LINE('',#9438,#9439);
#9438 = CARTESIAN_POINT('',(164.075,-71.7875,1.6));
#9439 = VECTOR('',#9440,1.);
#9440 = DIRECTION('',(-1.,0.,0.));
#9441 = ORIENTED_EDGE('',*,*,#9442,.F.);
#9442 = EDGE_CURVE('',#9443,#9435,#9445,.T.);
#9443 = VERTEX_POINT('',#9444);
#9444 = CARTESIAN_POINT('',(164.575,-72.2875,1.6));
#9445 = CIRCLE('',#9446,0.500001333575);
#9446 = AXIS2_PLACEMENT_3D('',#9447,#9448,#9449);
#9447 = CARTESIAN_POINT('',(164.07499866642,-72.28750133357,1.6));
#9448 = DIRECTION('',(0.,0.,1.));
#9449 = DIRECTION('',(0.999999999996,2.667139219464E-06,-0.));
#9450 = ORIENTED_EDGE('',*,*,#9451,.F.);
#9451 = EDGE_CURVE('',#9452,#9443,#9454,.T.);
#9452 = VERTEX_POINT('',#9453);
#9453 = CARTESIAN_POINT('',(164.575,-85.2875,1.6));
#9454 = LINE('',#9455,#9456);
#9455 = CARTESIAN_POINT('',(164.575,-85.2875,1.6));
#9456 = VECTOR('',#9457,1.);
#9457 = DIRECTION('',(0.,1.,0.));
#9458 = ORIENTED_EDGE('',*,*,#9459,.F.);
#9459 = EDGE_CURVE('',#9460,#9452,#9462,.T.);
#9460 = VERTEX_POINT('',#9461);
#9461 = CARTESIAN_POINT('',(164.075,-85.7875,1.6));
#9462 = CIRCLE('',#9463,0.500001333575);
#9463 = AXIS2_PLACEMENT_3D('',#9464,#9465,#9466);
#9464 = CARTESIAN_POINT('',(164.07499866642,-85.28749866642,1.6));
#9465 = DIRECTION('',(0.,0.,1.));
#9466 = DIRECTION('',(2.667139134199E-06,-0.999999999996,0.));
#9467 = ORIENTED_EDGE('',*,*,#9468,.F.);
#9468 = EDGE_CURVE('',#9469,#9460,#9471,.T.);
#9469 = VERTEX_POINT('',#9470);
#9470 = CARTESIAN_POINT('',(151.075,-85.7875,1.6));
#9471 = LINE('',#9472,#9473);
#9472 = CARTESIAN_POINT('',(151.075,-85.7875,1.6));
#9473 = VECTOR('',#9474,1.);
#9474 = DIRECTION('',(1.,0.,0.));
#9475 = ORIENTED_EDGE('',*,*,#9476,.F.);
#9476 = EDGE_CURVE('',#9477,#9469,#9479,.T.);
#9477 = VERTEX_POINT('',#9478);
#9478 = CARTESIAN_POINT('',(150.575,-85.2875,1.6));
#9479 = CIRCLE('',#9480,0.500001333575);
#9480 = AXIS2_PLACEMENT_3D('',#9481,#9482,#9483);
#9481 = CARTESIAN_POINT('',(151.07500133357,-85.28749866642,1.6));
#9482 = DIRECTION('',(0.,0.,1.));
#9483 = DIRECTION('',(-0.999999999996,-2.667139247886E-06,0.));
#9484 = ORIENTED_EDGE('',*,*,#9485,.F.);
#9485 = EDGE_CURVE('',#9426,#9477,#9486,.T.);
#9486 = LINE('',#9487,#9488);
#9487 = CARTESIAN_POINT('',(150.575,-72.2875,1.6));
#9488 = VECTOR('',#9489,1.);
#9489 = DIRECTION('',(0.,-1.,0.));
#9490 = FACE_BOUND('',#9491,.T.);
#9491 = EDGE_LOOP('',(#9492,#9503,#9511,#9520,#9528,#9537,#9545,#9554));
#9492 = ORIENTED_EDGE('',*,*,#9493,.F.);
#9493 = EDGE_CURVE('',#9494,#9496,#9498,.T.);
#9494 = VERTEX_POINT('',#9495);
#9495 = CARTESIAN_POINT('',(170.175,-71.7875,1.6));
#9496 = VERTEX_POINT('',#9497);
#9497 = CARTESIAN_POINT('',(169.675,-72.2875,1.6));
#9498 = CIRCLE('',#9499,0.500001333575);
#9499 = AXIS2_PLACEMENT_3D('',#9500,#9501,#9502);
#9500 = CARTESIAN_POINT('',(170.17500133357,-72.28750133357,1.6));
#9501 = DIRECTION('',(0.,0.,1.));
#9502 = DIRECTION('',(-2.667139191042E-06,0.999999999996,0.));
#9503 = ORIENTED_EDGE('',*,*,#9504,.F.);
#9504 = EDGE_CURVE('',#9505,#9494,#9507,.T.);
#9505 = VERTEX_POINT('',#9506);
#9506 = CARTESIAN_POINT('',(183.175,-71.7875,1.6));
#9507 = LINE('',#9508,#9509);
#9508 = CARTESIAN_POINT('',(183.175,-71.7875,1.6));
#9509 = VECTOR('',#9510,1.);
#9510 = DIRECTION('',(-1.,0.,0.));
#9511 = ORIENTED_EDGE('',*,*,#9512,.F.);
#9512 = EDGE_CURVE('',#9513,#9505,#9515,.T.);
#9513 = VERTEX_POINT('',#9514);
#9514 = CARTESIAN_POINT('',(183.675,-72.2875,1.6));
#9515 = CIRCLE('',#9516,0.500001333575);
#9516 = AXIS2_PLACEMENT_3D('',#9517,#9518,#9519);
#9517 = CARTESIAN_POINT('',(183.17499866642,-72.28750133357,1.6));
#9518 = DIRECTION('',(0.,0.,1.));
#9519 = DIRECTION('',(0.999999999996,2.667139304729E-06,-0.));
#9520 = ORIENTED_EDGE('',*,*,#9521,.F.);
#9521 = EDGE_CURVE('',#9522,#9513,#9524,.T.);
#9522 = VERTEX_POINT('',#9523);
#9523 = CARTESIAN_POINT('',(183.675,-85.2875,1.6));
#9524 = LINE('',#9525,#9526);
#9525 = CARTESIAN_POINT('',(183.675,-85.2875,1.6));
#9526 = VECTOR('',#9527,1.);
#9527 = DIRECTION('',(0.,1.,0.));
#9528 = ORIENTED_EDGE('',*,*,#9529,.F.);
#9529 = EDGE_CURVE('',#9530,#9522,#9532,.T.);
#9530 = VERTEX_POINT('',#9531);
#9531 = CARTESIAN_POINT('',(183.175,-85.7875,1.6));
#9532 = CIRCLE('',#9533,0.500001333575);
#9533 = AXIS2_PLACEMENT_3D('',#9534,#9535,#9536);
#9534 = CARTESIAN_POINT('',(183.17499866642,-85.28749866642,1.6));
#9535 = DIRECTION('',(0.,0.,1.));
#9536 = DIRECTION('',(2.667139247886E-06,-0.999999999996,0.));
#9537 = ORIENTED_EDGE('',*,*,#9538,.F.);
#9538 = EDGE_CURVE('',#9539,#9530,#9541,.T.);
#9539 = VERTEX_POINT('',#9540);
#9540 = CARTESIAN_POINT('',(170.175,-85.7875,1.6));
#9541 = LINE('',#9542,#9543);
#9542 = CARTESIAN_POINT('',(170.175,-85.7875,1.6));
#9543 = VECTOR('',#9544,1.);
#9544 = DIRECTION('',(1.,0.,0.));
#9545 = ORIENTED_EDGE('',*,*,#9546,.F.);
#9546 = EDGE_CURVE('',#9547,#9539,#9549,.T.);
#9547 = VERTEX_POINT('',#9548);
#9548 = CARTESIAN_POINT('',(169.675,-85.2875,1.6));
#9549 = CIRCLE('',#9550,0.500001333575);
#9550 = AXIS2_PLACEMENT_3D('',#9551,#9552,#9553);
#9551 = CARTESIAN_POINT('',(170.17500133357,-85.28749866642,1.6));
#9552 = DIRECTION('',(0.,0.,1.));
#9553 = DIRECTION('',(-0.999999999996,-2.667139134199E-06,0.));
#9554 = ORIENTED_EDGE('',*,*,#9555,.F.);
#9555 = EDGE_CURVE('',#9496,#9547,#9556,.T.);
#9556 = LINE('',#9557,#9558);
#9557 = CARTESIAN_POINT('',(169.675,-72.2875,1.6));
#9558 = VECTOR('',#9559,1.);
#9559 = DIRECTION('',(0.,-1.,0.));
#9560 = FACE_BOUND('',#9561,.T.);
#9561 = EDGE_LOOP('',(#9562,#9573,#9581,#9590,#9598,#9607,#9615,#9624));
#9562 = ORIENTED_EDGE('',*,*,#9563,.F.);
#9563 = EDGE_CURVE('',#9564,#9566,#9568,.T.);
#9564 = VERTEX_POINT('',#9565);
#9565 = CARTESIAN_POINT('',(189.275,-71.7875,1.6));
#9566 = VERTEX_POINT('',#9567);
#9567 = CARTESIAN_POINT('',(188.775,-72.2875,1.6));
#9568 = CIRCLE('',#9569,0.500001333575);
#9569 = AXIS2_PLACEMENT_3D('',#9570,#9571,#9572);
#9570 = CARTESIAN_POINT('',(189.27500133357,-72.28750133357,1.6));
#9571 = DIRECTION('',(0.,0.,1.));
#9572 = DIRECTION('',(-2.667139247886E-06,0.999999999996,0.));
#9573 = ORIENTED_EDGE('',*,*,#9574,.F.);
#9574 = EDGE_CURVE('',#9575,#9564,#9577,.T.);
#9575 = VERTEX_POINT('',#9576);
#9576 = CARTESIAN_POINT('',(202.275,-71.7875,1.6));
#9577 = LINE('',#9578,#9579);
#9578 = CARTESIAN_POINT('',(202.275,-71.7875,1.6));
#9579 = VECTOR('',#9580,1.);
#9580 = DIRECTION('',(-1.,0.,0.));
#9581 = ORIENTED_EDGE('',*,*,#9582,.F.);
#9582 = EDGE_CURVE('',#9583,#9575,#9585,.T.);
#9583 = VERTEX_POINT('',#9584);
#9584 = CARTESIAN_POINT('',(202.775,-72.2875,1.6));
#9585 = CIRCLE('',#9586,0.500001333575);
#9586 = AXIS2_PLACEMENT_3D('',#9587,#9588,#9589);
#9587 = CARTESIAN_POINT('',(202.27499866642,-72.28750133357,1.6));
#9588 = DIRECTION('',(0.,0.,1.));
#9589 = DIRECTION('',(0.999999999996,2.667139219464E-06,-0.));
#9590 = ORIENTED_EDGE('',*,*,#9591,.F.);
#9591 = EDGE_CURVE('',#9592,#9583,#9594,.T.);
#9592 = VERTEX_POINT('',#9593);
#9593 = CARTESIAN_POINT('',(202.775,-85.2875,1.6));
#9594 = LINE('',#9595,#9596);
#9595 = CARTESIAN_POINT('',(202.775,-85.2875,1.6));
#9596 = VECTOR('',#9597,1.);
#9597 = DIRECTION('',(0.,1.,0.));
#9598 = ORIENTED_EDGE('',*,*,#9599,.F.);
#9599 = EDGE_CURVE('',#9600,#9592,#9602,.T.);
#9600 = VERTEX_POINT('',#9601);
#9601 = CARTESIAN_POINT('',(202.275,-85.7875,1.6));
#9602 = CIRCLE('',#9603,0.500001333575);
#9603 = AXIS2_PLACEMENT_3D('',#9604,#9605,#9606);
#9604 = CARTESIAN_POINT('',(202.27499866642,-85.28749866642,1.6));
#9605 = DIRECTION('',(0.,0.,1.));
#9606 = DIRECTION('',(2.667139191043E-06,-0.999999999996,0.));
#9607 = ORIENTED_EDGE('',*,*,#9608,.F.);
#9608 = EDGE_CURVE('',#9609,#9600,#9611,.T.);
#9609 = VERTEX_POINT('',#9610);
#9610 = CARTESIAN_POINT('',(189.275,-85.7875,1.6));
#9611 = LINE('',#9612,#9613);
#9612 = CARTESIAN_POINT('',(189.275,-85.7875,1.6));
#9613 = VECTOR('',#9614,1.);
#9614 = DIRECTION('',(1.,0.,0.));
#9615 = ORIENTED_EDGE('',*,*,#9616,.F.);
#9616 = EDGE_CURVE('',#9617,#9609,#9619,.T.);
#9617 = VERTEX_POINT('',#9618);
#9618 = CARTESIAN_POINT('',(188.775,-85.2875,1.6));
#9619 = CIRCLE('',#9620,0.500001333575);
#9620 = AXIS2_PLACEMENT_3D('',#9621,#9622,#9623);
#9621 = CARTESIAN_POINT('',(189.27500133357,-85.28749866642,1.6));
#9622 = DIRECTION('',(0.,0.,1.));
#9623 = DIRECTION('',(-0.999999999996,-2.667139134199E-06,0.));
#9624 = ORIENTED_EDGE('',*,*,#9625,.F.);
#9625 = EDGE_CURVE('',#9566,#9617,#9626,.T.);
#9626 = LINE('',#9627,#9628);
#9627 = CARTESIAN_POINT('',(188.775,-72.2875,1.6));
#9628 = VECTOR('',#9629,1.);
#9629 = DIRECTION('',(0.,-1.,0.));
#9630 = FACE_BOUND('',#9631,.T.);
#9631 = EDGE_LOOP('',(#9632,#9643,#9651,#9660,#9668,#9677,#9685,#9694));
#9632 = ORIENTED_EDGE('',*,*,#9633,.F.);
#9633 = EDGE_CURVE('',#9634,#9636,#9638,.T.);
#9634 = VERTEX_POINT('',#9635);
#9635 = CARTESIAN_POINT('',(203.6,-109.9875,1.6));
#9636 = VERTEX_POINT('',#9637);
#9637 = CARTESIAN_POINT('',(203.1,-110.4875,1.6));
#9638 = CIRCLE('',#9639,0.500001333575);
#9639 = AXIS2_PLACEMENT_3D('',#9640,#9641,#9642);
#9640 = CARTESIAN_POINT('',(203.60000133357,-110.4875013335,1.6));
#9641 = DIRECTION('',(0.,0.,1.));
#9642 = DIRECTION('',(-2.667139247886E-06,0.999999999996,0.));
#9643 = ORIENTED_EDGE('',*,*,#9644,.F.);
#9644 = EDGE_CURVE('',#9645,#9634,#9647,.T.);
#9645 = VERTEX_POINT('',#9646);
#9646 = CARTESIAN_POINT('',(216.6,-109.9875,1.6));
#9647 = LINE('',#9648,#9649);
#9648 = CARTESIAN_POINT('',(216.6,-109.9875,1.6));
#9649 = VECTOR('',#9650,1.);
#9650 = DIRECTION('',(-1.,0.,0.));
#9651 = ORIENTED_EDGE('',*,*,#9652,.F.);
#9652 = EDGE_CURVE('',#9653,#9645,#9655,.T.);
#9653 = VERTEX_POINT('',#9654);
#9654 = CARTESIAN_POINT('',(217.1,-110.4875,1.6));
#9655 = CIRCLE('',#9656,0.500001333575);
#9656 = AXIS2_PLACEMENT_3D('',#9657,#9658,#9659);
#9657 = CARTESIAN_POINT('',(216.59999866642,-110.4875013335,1.6));
#9658 = DIRECTION('',(0.,0.,1.));
#9659 = DIRECTION('',(0.999999999996,2.667139191042E-06,-0.));
#9660 = ORIENTED_EDGE('',*,*,#9661,.F.);
#9661 = EDGE_CURVE('',#9662,#9653,#9664,.T.);
#9662 = VERTEX_POINT('',#9663);
#9663 = CARTESIAN_POINT('',(217.1,-123.4875,1.6));
#9664 = LINE('',#9665,#9666);
#9665 = CARTESIAN_POINT('',(217.1,-123.4875,1.6));
#9666 = VECTOR('',#9667,1.);
#9667 = DIRECTION('',(0.,1.,0.));
#9668 = ORIENTED_EDGE('',*,*,#9669,.F.);
#9669 = EDGE_CURVE('',#9670,#9662,#9672,.T.);
#9670 = VERTEX_POINT('',#9671);
#9671 = CARTESIAN_POINT('',(216.6,-123.9875,1.6));
#9672 = CIRCLE('',#9673,0.500001333575);
#9673 = AXIS2_PLACEMENT_3D('',#9674,#9675,#9676);
#9674 = CARTESIAN_POINT('',(216.59999866642,-123.4874986664,1.6));
#9675 = DIRECTION('',(0.,0.,1.));
#9676 = DIRECTION('',(2.667139191043E-06,-0.999999999996,0.));
#9677 = ORIENTED_EDGE('',*,*,#9678,.F.);
#9678 = EDGE_CURVE('',#9679,#9670,#9681,.T.);
#9679 = VERTEX_POINT('',#9680);
#9680 = CARTESIAN_POINT('',(203.6,-123.9875,1.6));
#9681 = LINE('',#9682,#9683);
#9682 = CARTESIAN_POINT('',(203.6,-123.9875,1.6));
#9683 = VECTOR('',#9684,1.);
#9684 = DIRECTION('',(1.,0.,0.));
#9685 = ORIENTED_EDGE('',*,*,#9686,.F.);
#9686 = EDGE_CURVE('',#9687,#9679,#9689,.T.);
#9687 = VERTEX_POINT('',#9688);
#9688 = CARTESIAN_POINT('',(203.1,-123.4875,1.6));
#9689 = CIRCLE('',#9690,0.500001333575);
#9690 = AXIS2_PLACEMENT_3D('',#9691,#9692,#9693);
#9691 = CARTESIAN_POINT('',(203.60000133357,-123.4874986664,1.6));
#9692 = DIRECTION('',(0.,0.,1.));
#9693 = DIRECTION('',(-0.999999999996,-2.667139134199E-06,0.));
#9694 = ORIENTED_EDGE('',*,*,#9695,.F.);
#9695 = EDGE_CURVE('',#9636,#9687,#9696,.T.);
#9696 = LINE('',#9697,#9698);
#9697 = CARTESIAN_POINT('',(203.1,-110.4875,1.6));
#9698 = VECTOR('',#9699,1.);
#9699 = DIRECTION('',(0.,-1.,0.));
#9700 = FACE_BOUND('',#9701,.T.);
#9701 = EDGE_LOOP('',(#9702,#9713,#9721,#9730,#9738,#9747,#9755,#9764));
#9702 = ORIENTED_EDGE('',*,*,#9703,.F.);
#9703 = EDGE_CURVE('',#9704,#9706,#9708,.T.);
#9704 = VERTEX_POINT('',#9705);
#9705 = CARTESIAN_POINT('',(222.7,-109.9875,1.6));
#9706 = VERTEX_POINT('',#9707);
#9707 = CARTESIAN_POINT('',(222.2,-110.4875,1.6));
#9708 = CIRCLE('',#9709,0.500001333575);
#9709 = AXIS2_PLACEMENT_3D('',#9710,#9711,#9712);
#9710 = CARTESIAN_POINT('',(222.70000133357,-110.4875013335,1.6));
#9711 = DIRECTION('',(0.,0.,1.));
#9712 = DIRECTION('',(-2.667139304729E-06,0.999999999996,0.));
#9713 = ORIENTED_EDGE('',*,*,#9714,.F.);
#9714 = EDGE_CURVE('',#9715,#9704,#9717,.T.);
#9715 = VERTEX_POINT('',#9716);
#9716 = CARTESIAN_POINT('',(235.7,-109.9875,1.6));
#9717 = LINE('',#9718,#9719);
#9718 = CARTESIAN_POINT('',(235.7,-109.9875,1.6));
#9719 = VECTOR('',#9720,1.);
#9720 = DIRECTION('',(-1.,0.,0.));
#9721 = ORIENTED_EDGE('',*,*,#9722,.F.);
#9722 = EDGE_CURVE('',#9723,#9715,#9725,.T.);
#9723 = VERTEX_POINT('',#9724);
#9724 = CARTESIAN_POINT('',(236.2,-110.4875,1.6));
#9725 = CIRCLE('',#9726,0.500001333575);
#9726 = AXIS2_PLACEMENT_3D('',#9727,#9728,#9729);
#9727 = CARTESIAN_POINT('',(235.69999866642,-110.4875013335,1.6));
#9728 = DIRECTION('',(0.,0.,1.));
#9729 = DIRECTION('',(0.999999999996,2.667139191042E-06,-0.));
#9730 = ORIENTED_EDGE('',*,*,#9731,.F.);
#9731 = EDGE_CURVE('',#9732,#9723,#9734,.T.);
#9732 = VERTEX_POINT('',#9733);
#9733 = CARTESIAN_POINT('',(236.2,-123.4875,1.6));
#9734 = LINE('',#9735,#9736);
#9735 = CARTESIAN_POINT('',(236.2,-123.4875,1.6));
#9736 = VECTOR('',#9737,1.);
#9737 = DIRECTION('',(0.,1.,0.));
#9738 = ORIENTED_EDGE('',*,*,#9739,.F.);
#9739 = EDGE_CURVE('',#9740,#9732,#9742,.T.);
#9740 = VERTEX_POINT('',#9741);
#9741 = CARTESIAN_POINT('',(235.7,-123.9875,1.6));
#9742 = CIRCLE('',#9743,0.500001333575);
#9743 = AXIS2_PLACEMENT_3D('',#9744,#9745,#9746);
#9744 = CARTESIAN_POINT('',(235.69999866642,-123.4874986664,1.6));
#9745 = DIRECTION('',(0.,0.,1.));
#9746 = DIRECTION('',(2.667139134199E-06,-0.999999999996,0.));
#9747 = ORIENTED_EDGE('',*,*,#9748,.F.);
#9748 = EDGE_CURVE('',#9749,#9740,#9751,.T.);
#9749 = VERTEX_POINT('',#9750);
#9750 = CARTESIAN_POINT('',(222.7,-123.9875,1.6));
#9751 = LINE('',#9752,#9753);
#9752 = CARTESIAN_POINT('',(222.7,-123.9875,1.6));
#9753 = VECTOR('',#9754,1.);
#9754 = DIRECTION('',(1.,0.,0.));
#9755 = ORIENTED_EDGE('',*,*,#9756,.F.);
#9756 = EDGE_CURVE('',#9757,#9749,#9759,.T.);
#9757 = VERTEX_POINT('',#9758);
#9758 = CARTESIAN_POINT('',(222.2,-123.4875,1.6));
#9759 = CIRCLE('',#9760,0.500001333575);
#9760 = AXIS2_PLACEMENT_3D('',#9761,#9762,#9763);
#9761 = CARTESIAN_POINT('',(222.70000133357,-123.4874986664,1.6));
#9762 = DIRECTION('',(0.,0.,1.));
#9763 = DIRECTION('',(-0.999999999996,-2.667139247886E-06,0.));
#9764 = ORIENTED_EDGE('',*,*,#9765,.F.);
#9765 = EDGE_CURVE('',#9706,#9757,#9766,.T.);
#9766 = LINE('',#9767,#9768);
#9767 = CARTESIAN_POINT('',(222.2,-110.4875,1.6));
#9768 = VECTOR('',#9769,1.);
#9769 = DIRECTION('',(0.,-1.,0.));
#9770 = FACE_BOUND('',#9771,.T.);
#9771 = EDGE_LOOP('',(#9772,#9783,#9791,#9800,#9808,#9817,#9825,#9834));
#9772 = ORIENTED_EDGE('',*,*,#9773,.F.);
#9773 = EDGE_CURVE('',#9774,#9776,#9778,.T.);
#9774 = VERTEX_POINT('',#9775);
#9775 = CARTESIAN_POINT('',(241.8,-109.9875,1.6));
#9776 = VERTEX_POINT('',#9777);
#9777 = CARTESIAN_POINT('',(241.3,-110.4875,1.6));
#9778 = CIRCLE('',#9779,0.500001333575);
#9779 = AXIS2_PLACEMENT_3D('',#9780,#9781,#9782);
#9780 = CARTESIAN_POINT('',(241.80000133357,-110.4875013335,1.6));
#9781 = DIRECTION('',(0.,0.,1.));
#9782 = DIRECTION('',(-2.667139191042E-06,0.999999999996,0.));
#9783 = ORIENTED_EDGE('',*,*,#9784,.F.);
#9784 = EDGE_CURVE('',#9785,#9774,#9787,.T.);
#9785 = VERTEX_POINT('',#9786);
#9786 = CARTESIAN_POINT('',(254.8,-109.9875,1.6));
#9787 = LINE('',#9788,#9789);
#9788 = CARTESIAN_POINT('',(254.8,-109.9875,1.6));
#9789 = VECTOR('',#9790,1.);
#9790 = DIRECTION('',(-1.,0.,0.));
#9791 = ORIENTED_EDGE('',*,*,#9792,.F.);
#9792 = EDGE_CURVE('',#9793,#9785,#9795,.T.);
#9793 = VERTEX_POINT('',#9794);
#9794 = CARTESIAN_POINT('',(255.3,-110.4875,1.6));
#9795 = CIRCLE('',#9796,0.500001333575);
#9796 = AXIS2_PLACEMENT_3D('',#9797,#9798,#9799);
#9797 = CARTESIAN_POINT('',(254.79999866642,-110.4875013335,1.6));
#9798 = DIRECTION('',(0.,0.,1.));
#9799 = DIRECTION('',(0.999999999996,2.667139276307E-06,-0.));
#9800 = ORIENTED_EDGE('',*,*,#9801,.F.);
#9801 = EDGE_CURVE('',#9802,#9793,#9804,.T.);
#9802 = VERTEX_POINT('',#9803);
#9803 = CARTESIAN_POINT('',(255.3,-123.4875,1.6));
#9804 = LINE('',#9805,#9806);
#9805 = CARTESIAN_POINT('',(255.3,-123.4875,1.6));
#9806 = VECTOR('',#9807,1.);
#9807 = DIRECTION('',(0.,1.,0.));
#9808 = ORIENTED_EDGE('',*,*,#9809,.F.);
#9809 = EDGE_CURVE('',#9810,#9802,#9812,.T.);
#9810 = VERTEX_POINT('',#9811);
#9811 = CARTESIAN_POINT('',(254.8,-123.9875,1.6));
#9812 = CIRCLE('',#9813,0.500001333575);
#9813 = AXIS2_PLACEMENT_3D('',#9814,#9815,#9816);
#9814 = CARTESIAN_POINT('',(254.79999866642,-123.4874986664,1.6));
#9815 = DIRECTION('',(0.,0.,1.));
#9816 = DIRECTION('',(2.667139247886E-06,-0.999999999996,0.));
#9817 = ORIENTED_EDGE('',*,*,#9818,.F.);
#9818 = EDGE_CURVE('',#9819,#9810,#9821,.T.);
#9819 = VERTEX_POINT('',#9820);
#9820 = CARTESIAN_POINT('',(241.8,-123.9875,1.6));
#9821 = LINE('',#9822,#9823);
#9822 = CARTESIAN_POINT('',(241.8,-123.9875,1.6));
#9823 = VECTOR('',#9824,1.);
#9824 = DIRECTION('',(1.,0.,0.));
#9825 = ORIENTED_EDGE('',*,*,#9826,.F.);
#9826 = EDGE_CURVE('',#9827,#9819,#9829,.T.);
#9827 = VERTEX_POINT('',#9828);
#9828 = CARTESIAN_POINT('',(241.3,-123.4875,1.6));
#9829 = CIRCLE('',#9830,0.500001333575);
#9830 = AXIS2_PLACEMENT_3D('',#9831,#9832,#9833);
#9831 = CARTESIAN_POINT('',(241.80000133357,-123.4874986664,1.6));
#9832 = DIRECTION('',(0.,0.,1.));
#9833 = DIRECTION('',(-0.999999999996,-2.667139134199E-06,0.));
#9834 = ORIENTED_EDGE('',*,*,#9835,.F.);
#9835 = EDGE_CURVE('',#9776,#9827,#9836,.T.);
#9836 = LINE('',#9837,#9838);
#9837 = CARTESIAN_POINT('',(241.3,-110.4875,1.6));
#9838 = VECTOR('',#9839,1.);
#9839 = DIRECTION('',(0.,-1.,0.));
#9840 = FACE_BOUND('',#9841,.T.);
#9841 = EDGE_LOOP('',(#9842,#9853,#9861,#9870,#9878,#9887,#9895,#9904));
#9842 = ORIENTED_EDGE('',*,*,#9843,.F.);
#9843 = EDGE_CURVE('',#9844,#9846,#9848,.T.);
#9844 = VERTEX_POINT('',#9845);
#9845 = CARTESIAN_POINT('',(260.9,-109.9875,1.6));
#9846 = VERTEX_POINT('',#9847);
#9847 = CARTESIAN_POINT('',(260.4,-110.4875,1.6));
#9848 = CIRCLE('',#9849,0.500001333575);
#9849 = AXIS2_PLACEMENT_3D('',#9850,#9851,#9852);
#9850 = CARTESIAN_POINT('',(260.90000133357,-110.4875013335,1.6));
#9851 = DIRECTION('',(0.,0.,1.));
#9852 = DIRECTION('',(-2.667139304729E-06,0.999999999996,0.));
#9853 = ORIENTED_EDGE('',*,*,#9854,.F.);
#9854 = EDGE_CURVE('',#9855,#9844,#9857,.T.);
#9855 = VERTEX_POINT('',#9856);
#9856 = CARTESIAN_POINT('',(273.9,-109.9875,1.6));
#9857 = LINE('',#9858,#9859);
#9858 = CARTESIAN_POINT('',(273.9,-109.9875,1.6));
#9859 = VECTOR('',#9860,1.);
#9860 = DIRECTION('',(-1.,0.,0.));
#9861 = ORIENTED_EDGE('',*,*,#9862,.F.);
#9862 = EDGE_CURVE('',#9863,#9855,#9865,.T.);
#9863 = VERTEX_POINT('',#9864);
#9864 = CARTESIAN_POINT('',(274.4,-110.4875,1.6));
#9865 = CIRCLE('',#9866,0.500001333575);
#9866 = AXIS2_PLACEMENT_3D('',#9867,#9868,#9869);
#9867 = CARTESIAN_POINT('',(273.89999866642,-110.4875013335,1.6));
#9868 = DIRECTION('',(0.,0.,1.));
#9869 = DIRECTION('',(0.999999999996,2.667139077356E-06,-0.));
#9870 = ORIENTED_EDGE('',*,*,#9871,.F.);
#9871 = EDGE_CURVE('',#9872,#9863,#9874,.T.);
#9872 = VERTEX_POINT('',#9873);
#9873 = CARTESIAN_POINT('',(274.4,-123.4875,1.6));
#9874 = LINE('',#9875,#9876);
#9875 = CARTESIAN_POINT('',(274.4,-123.4875,1.6));
#9876 = VECTOR('',#9877,1.);
#9877 = DIRECTION('',(0.,1.,0.));
#9878 = ORIENTED_EDGE('',*,*,#9879,.F.);
#9879 = EDGE_CURVE('',#9880,#9872,#9882,.T.);
#9880 = VERTEX_POINT('',#9881);
#9881 = CARTESIAN_POINT('',(273.9,-123.9875,1.6));
#9882 = CIRCLE('',#9883,0.500001333575);
#9883 = AXIS2_PLACEMENT_3D('',#9884,#9885,#9886);
#9884 = CARTESIAN_POINT('',(273.89999866642,-123.4874986664,1.6));
#9885 = DIRECTION('',(0.,0.,1.));
#9886 = DIRECTION('',(2.667139077356E-06,-0.999999999996,0.));
#9887 = ORIENTED_EDGE('',*,*,#9888,.F.);
#9888 = EDGE_CURVE('',#9889,#9880,#9891,.T.);
#9889 = VERTEX_POINT('',#9890);
#9890 = CARTESIAN_POINT('',(260.9,-123.9875,1.6));
#9891 = LINE('',#9892,#9893);
#9892 = CARTESIAN_POINT('',(260.9,-123.9875,1.6));
#9893 = VECTOR('',#9894,1.);
#9894 = DIRECTION('',(1.,0.,0.));
#9895 = ORIENTED_EDGE('',*,*,#9896,.F.);
#9896 = EDGE_CURVE('',#9897,#9889,#9899,.T.);
#9897 = VERTEX_POINT('',#9898);
#9898 = CARTESIAN_POINT('',(260.4,-123.4875,1.6));
#9899 = CIRCLE('',#9900,0.500001333575);
#9900 = AXIS2_PLACEMENT_3D('',#9901,#9902,#9903);
#9901 = CARTESIAN_POINT('',(260.90000133357,-123.4874986664,1.6));
#9902 = DIRECTION('',(0.,0.,1.));
#9903 = DIRECTION('',(-0.999999999996,-2.667139247885E-06,0.));
#9904 = ORIENTED_EDGE('',*,*,#9905,.F.);
#9905 = EDGE_CURVE('',#9846,#9897,#9906,.T.);
#9906 = LINE('',#9907,#9908);
#9907 = CARTESIAN_POINT('',(260.4,-110.4875,1.6));
#9908 = VECTOR('',#9909,1.);
#9909 = DIRECTION('',(0.,-1.,0.));
#9910 = FACE_BOUND('',#9911,.T.);
#9911 = EDGE_LOOP('',(#9912,#9923,#9931,#9940,#9948,#9957,#9965,#9974));
#9912 = ORIENTED_EDGE('',*,*,#9913,.F.);
#9913 = EDGE_CURVE('',#9914,#9916,#9918,.T.);
#9914 = VERTEX_POINT('',#9915);
#9915 = CARTESIAN_POINT('',(217.925,-90.8875,1.6));
#9916 = VERTEX_POINT('',#9917);
#9917 = CARTESIAN_POINT('',(217.425,-91.3875,1.6));
#9918 = CIRCLE('',#9919,0.500001333575);
#9919 = AXIS2_PLACEMENT_3D('',#9920,#9921,#9922);
#9920 = CARTESIAN_POINT('',(217.92500133357,-91.38750133357,1.6));
#9921 = DIRECTION('',(0.,0.,1.));
#9922 = DIRECTION('',(-2.667139134199E-06,0.999999999996,0.));
#9923 = ORIENTED_EDGE('',*,*,#9924,.F.);
#9924 = EDGE_CURVE('',#9925,#9914,#9927,.T.);
#9925 = VERTEX_POINT('',#9926);
#9926 = CARTESIAN_POINT('',(230.925,-90.8875,1.6));
#9927 = LINE('',#9928,#9929);
#9928 = CARTESIAN_POINT('',(230.925,-90.8875,1.6));
#9929 = VECTOR('',#9930,1.);
#9930 = DIRECTION('',(-1.,0.,0.));
#9931 = ORIENTED_EDGE('',*,*,#9932,.F.);
#9932 = EDGE_CURVE('',#9933,#9925,#9935,.T.);
#9933 = VERTEX_POINT('',#9934);
#9934 = CARTESIAN_POINT('',(231.425,-91.3875,1.6));
#9935 = CIRCLE('',#9936,0.500001333575);
#9936 = AXIS2_PLACEMENT_3D('',#9937,#9938,#9939);
#9937 = CARTESIAN_POINT('',(230.92499866642,-91.38750133357,1.6));
#9938 = DIRECTION('',(0.,0.,1.));
#9939 = DIRECTION('',(0.999999999996,2.667139247886E-06,-0.));
#9940 = ORIENTED_EDGE('',*,*,#9941,.F.);
#9941 = EDGE_CURVE('',#9942,#9933,#9944,.T.);
#9942 = VERTEX_POINT('',#9943);
#9943 = CARTESIAN_POINT('',(231.425,-104.3875,1.6));
#9944 = LINE('',#9945,#9946);
#9945 = CARTESIAN_POINT('',(231.425,-104.3875,1.6));
#9946 = VECTOR('',#9947,1.);
#9947 = DIRECTION('',(0.,1.,0.));
#9948 = ORIENTED_EDGE('',*,*,#9949,.F.);
#9949 = EDGE_CURVE('',#9950,#9942,#9952,.T.);
#9950 = VERTEX_POINT('',#9951);
#9951 = CARTESIAN_POINT('',(230.925,-104.8875,1.6));
#9952 = CIRCLE('',#9953,0.500001333575);
#9953 = AXIS2_PLACEMENT_3D('',#9954,#9955,#9956);
#9954 = CARTESIAN_POINT('',(230.92499866642,-104.3874986664,1.6));
#9955 = DIRECTION('',(0.,0.,1.));
#9956 = DIRECTION('',(2.667139304729E-06,-0.999999999996,0.));
#9957 = ORIENTED_EDGE('',*,*,#9958,.F.);
#9958 = EDGE_CURVE('',#9959,#9950,#9961,.T.);
#9959 = VERTEX_POINT('',#9960);
#9960 = CARTESIAN_POINT('',(217.925,-104.8875,1.6));
#9961 = LINE('',#9962,#9963);
#9962 = CARTESIAN_POINT('',(217.925,-104.8875,1.6));
#9963 = VECTOR('',#9964,1.);
#9964 = DIRECTION('',(1.,0.,0.));
#9965 = ORIENTED_EDGE('',*,*,#9966,.F.);
#9966 = EDGE_CURVE('',#9967,#9959,#9969,.T.);
#9967 = VERTEX_POINT('',#9968);
#9968 = CARTESIAN_POINT('',(217.425,-104.3875,1.6));
#9969 = CIRCLE('',#9970,0.500001333575);
#9970 = AXIS2_PLACEMENT_3D('',#9971,#9972,#9973);
#9971 = CARTESIAN_POINT('',(217.92500133357,-104.3874986664,1.6));
#9972 = DIRECTION('',(0.,0.,1.));
#9973 = DIRECTION('',(-0.999999999996,-2.667139191042E-06,0.));
#9974 = ORIENTED_EDGE('',*,*,#9975,.F.);
#9975 = EDGE_CURVE('',#9916,#9967,#9976,.T.);
#9976 = LINE('',#9977,#9978);
#9977 = CARTESIAN_POINT('',(217.425,-91.3875,1.6));
#9978 = VECTOR('',#9979,1.);
#9979 = DIRECTION('',(0.,-1.,0.));
#9980 = FACE_BOUND('',#9981,.T.);
#9981 = EDGE_LOOP('',(#9982,#9993,#10001,#10010,#10018,#10027,#10035,
    #10044));
#9982 = ORIENTED_EDGE('',*,*,#9983,.F.);
#9983 = EDGE_CURVE('',#9984,#9986,#9988,.T.);
#9984 = VERTEX_POINT('',#9985);
#9985 = CARTESIAN_POINT('',(237.025,-90.8875,1.6));
#9986 = VERTEX_POINT('',#9987);
#9987 = CARTESIAN_POINT('',(236.525,-91.3875,1.6));
#9988 = CIRCLE('',#9989,0.500001333575);
#9989 = AXIS2_PLACEMENT_3D('',#9990,#9991,#9992);
#9990 = CARTESIAN_POINT('',(237.02500133357,-91.38750133357,1.6));
#9991 = DIRECTION('',(0.,0.,1.));
#9992 = DIRECTION('',(-2.667139191043E-06,0.999999999996,0.));
#9993 = ORIENTED_EDGE('',*,*,#9994,.F.);
#9994 = EDGE_CURVE('',#9995,#9984,#9997,.T.);
#9995 = VERTEX_POINT('',#9996);
#9996 = CARTESIAN_POINT('',(250.025,-90.8875,1.6));
#9997 = LINE('',#9998,#9999);
#9998 = CARTESIAN_POINT('',(250.025,-90.8875,1.6));
#9999 = VECTOR('',#10000,1.);
#10000 = DIRECTION('',(-1.,0.,0.));
#10001 = ORIENTED_EDGE('',*,*,#10002,.F.);
#10002 = EDGE_CURVE('',#10003,#9995,#10005,.T.);
#10003 = VERTEX_POINT('',#10004);
#10004 = CARTESIAN_POINT('',(250.525,-91.3875,1.6));
#10005 = CIRCLE('',#10006,0.500001333575);
#10006 = AXIS2_PLACEMENT_3D('',#10007,#10008,#10009);
#10007 = CARTESIAN_POINT('',(250.02499866642,-91.38750133357,1.6));
#10008 = DIRECTION('',(0.,0.,1.));
#10009 = DIRECTION('',(0.999999999996,2.667139134199E-06,-0.));
#10010 = ORIENTED_EDGE('',*,*,#10011,.F.);
#10011 = EDGE_CURVE('',#10012,#10003,#10014,.T.);
#10012 = VERTEX_POINT('',#10013);
#10013 = CARTESIAN_POINT('',(250.525,-104.3875,1.6));
#10014 = LINE('',#10015,#10016);
#10015 = CARTESIAN_POINT('',(250.525,-104.3875,1.6));
#10016 = VECTOR('',#10017,1.);
#10017 = DIRECTION('',(0.,1.,0.));
#10018 = ORIENTED_EDGE('',*,*,#10019,.F.);
#10019 = EDGE_CURVE('',#10020,#10012,#10022,.T.);
#10020 = VERTEX_POINT('',#10021);
#10021 = CARTESIAN_POINT('',(250.025,-104.8875,1.6));
#10022 = CIRCLE('',#10023,0.500001333575);
#10023 = AXIS2_PLACEMENT_3D('',#10024,#10025,#10026);
#10024 = CARTESIAN_POINT('',(250.02499866642,-104.3874986664,1.6));
#10025 = DIRECTION('',(0.,0.,1.));
#10026 = DIRECTION('',(2.667139247886E-06,-0.999999999996,0.));
#10027 = ORIENTED_EDGE('',*,*,#10028,.F.);
#10028 = EDGE_CURVE('',#10029,#10020,#10031,.T.);
#10029 = VERTEX_POINT('',#10030);
#10030 = CARTESIAN_POINT('',(237.025,-104.8875,1.6));
#10031 = LINE('',#10032,#10033);
#10032 = CARTESIAN_POINT('',(237.025,-104.8875,1.6));
#10033 = VECTOR('',#10034,1.);
#10034 = DIRECTION('',(1.,0.,0.));
#10035 = ORIENTED_EDGE('',*,*,#10036,.F.);
#10036 = EDGE_CURVE('',#10037,#10029,#10039,.T.);
#10037 = VERTEX_POINT('',#10038);
#10038 = CARTESIAN_POINT('',(236.525,-104.3875,1.6));
#10039 = CIRCLE('',#10040,0.500001333575);
#10040 = AXIS2_PLACEMENT_3D('',#10041,#10042,#10043);
#10041 = CARTESIAN_POINT('',(237.02500133357,-104.3874986664,1.6));
#10042 = DIRECTION('',(0.,0.,1.));
#10043 = DIRECTION('',(-0.999999999996,-2.667139191042E-06,0.));
#10044 = ORIENTED_EDGE('',*,*,#10045,.F.);
#10045 = EDGE_CURVE('',#9986,#10037,#10046,.T.);
#10046 = LINE('',#10047,#10048);
#10047 = CARTESIAN_POINT('',(236.525,-91.3875,1.6));
#10048 = VECTOR('',#10049,1.);
#10049 = DIRECTION('',(0.,-1.,0.));
#10050 = FACE_BOUND('',#10051,.T.);
#10051 = EDGE_LOOP('',(#10052,#10063,#10071,#10080,#10088,#10097,#10105,
    #10114));
#10052 = ORIENTED_EDGE('',*,*,#10053,.F.);
#10053 = EDGE_CURVE('',#10054,#10056,#10058,.T.);
#10054 = VERTEX_POINT('',#10055);
#10055 = CARTESIAN_POINT('',(256.125,-90.8875,1.6));
#10056 = VERTEX_POINT('',#10057);
#10057 = CARTESIAN_POINT('',(255.625,-91.3875,1.6));
#10058 = CIRCLE('',#10059,0.500001333575);
#10059 = AXIS2_PLACEMENT_3D('',#10060,#10061,#10062);
#10060 = CARTESIAN_POINT('',(256.12500133357,-91.38750133357,1.6));
#10061 = DIRECTION('',(0.,0.,1.));
#10062 = DIRECTION('',(-2.667139077356E-06,0.999999999996,0.));
#10063 = ORIENTED_EDGE('',*,*,#10064,.F.);
#10064 = EDGE_CURVE('',#10065,#10054,#10067,.T.);
#10065 = VERTEX_POINT('',#10066);
#10066 = CARTESIAN_POINT('',(269.125,-90.8875,1.6));
#10067 = LINE('',#10068,#10069);
#10068 = CARTESIAN_POINT('',(269.125,-90.8875,1.6));
#10069 = VECTOR('',#10070,1.);
#10070 = DIRECTION('',(-1.,0.,0.));
#10071 = ORIENTED_EDGE('',*,*,#10072,.F.);
#10072 = EDGE_CURVE('',#10073,#10065,#10075,.T.);
#10073 = VERTEX_POINT('',#10074);
#10074 = CARTESIAN_POINT('',(269.625,-91.3875,1.6));
#10075 = CIRCLE('',#10076,0.500001333575);
#10076 = AXIS2_PLACEMENT_3D('',#10077,#10078,#10079);
#10077 = CARTESIAN_POINT('',(269.12499866642,-91.38750133357,1.6));
#10078 = DIRECTION('',(0.,0.,1.));
#10079 = DIRECTION('',(0.999999999996,2.667139247885E-06,-0.));
#10080 = ORIENTED_EDGE('',*,*,#10081,.F.);
#10081 = EDGE_CURVE('',#10082,#10073,#10084,.T.);
#10082 = VERTEX_POINT('',#10083);
#10083 = CARTESIAN_POINT('',(269.625,-104.3875,1.6));
#10084 = LINE('',#10085,#10086);
#10085 = CARTESIAN_POINT('',(269.625,-104.3875,1.6));
#10086 = VECTOR('',#10087,1.);
#10087 = DIRECTION('',(0.,1.,0.));
#10088 = ORIENTED_EDGE('',*,*,#10089,.F.);
#10089 = EDGE_CURVE('',#10090,#10082,#10092,.T.);
#10090 = VERTEX_POINT('',#10091);
#10091 = CARTESIAN_POINT('',(269.125,-104.8875,1.6));
#10092 = CIRCLE('',#10093,0.500001333575);
#10093 = AXIS2_PLACEMENT_3D('',#10094,#10095,#10096);
#10094 = CARTESIAN_POINT('',(269.12499866642,-104.3874986664,1.6));
#10095 = DIRECTION('',(0.,0.,1.));
#10096 = DIRECTION('',(2.667139304729E-06,-0.999999999996,0.));
#10097 = ORIENTED_EDGE('',*,*,#10098,.F.);
#10098 = EDGE_CURVE('',#10099,#10090,#10101,.T.);
#10099 = VERTEX_POINT('',#10100);
#10100 = CARTESIAN_POINT('',(256.125,-104.8875,1.6));
#10101 = LINE('',#10102,#10103);
#10102 = CARTESIAN_POINT('',(256.125,-104.8875,1.6));
#10103 = VECTOR('',#10104,1.);
#10104 = DIRECTION('',(1.,0.,0.));
#10105 = ORIENTED_EDGE('',*,*,#10106,.F.);
#10106 = EDGE_CURVE('',#10107,#10099,#10109,.T.);
#10107 = VERTEX_POINT('',#10108);
#10108 = CARTESIAN_POINT('',(255.625,-104.3875,1.6));
#10109 = CIRCLE('',#10110,0.500001333575);
#10110 = AXIS2_PLACEMENT_3D('',#10111,#10112,#10113);
#10111 = CARTESIAN_POINT('',(256.12500133357,-104.3874986664,1.6));
#10112 = DIRECTION('',(0.,0.,1.));
#10113 = DIRECTION('',(-0.999999999996,-2.667139191042E-06,0.));
#10114 = ORIENTED_EDGE('',*,*,#10115,.F.);
#10115 = EDGE_CURVE('',#10056,#10107,#10116,.T.);
#10116 = LINE('',#10117,#10118);
#10117 = CARTESIAN_POINT('',(255.625,-91.3875,1.6));
#10118 = VECTOR('',#10119,1.);
#10119 = DIRECTION('',(0.,-1.,0.));
#10120 = FACE_BOUND('',#10121,.T.);
#10121 = EDGE_LOOP('',(#10122,#10133,#10141,#10150,#10158,#10167,#10175,
    #10184));
#10122 = ORIENTED_EDGE('',*,*,#10123,.F.);
#10123 = EDGE_CURVE('',#10124,#10126,#10128,.T.);
#10124 = VERTEX_POINT('',#10125);
#10125 = CARTESIAN_POINT('',(275.225,-90.8875,1.6));
#10126 = VERTEX_POINT('',#10127);
#10127 = CARTESIAN_POINT('',(274.725,-91.3875,1.6));
#10128 = CIRCLE('',#10129,0.500001333575);
#10129 = AXIS2_PLACEMENT_3D('',#10130,#10131,#10132);
#10130 = CARTESIAN_POINT('',(275.22500133357,-91.38750133357,1.6));
#10131 = DIRECTION('',(0.,0.,1.));
#10132 = DIRECTION('',(-2.667139077356E-06,0.999999999996,0.));
#10133 = ORIENTED_EDGE('',*,*,#10134,.F.);
#10134 = EDGE_CURVE('',#10135,#10124,#10137,.T.);
#10135 = VERTEX_POINT('',#10136);
#10136 = CARTESIAN_POINT('',(288.225,-90.8875,1.6));
#10137 = LINE('',#10138,#10139);
#10138 = CARTESIAN_POINT('',(288.225,-90.8875,1.6));
#10139 = VECTOR('',#10140,1.);
#10140 = DIRECTION('',(-1.,0.,0.));
#10141 = ORIENTED_EDGE('',*,*,#10142,.F.);
#10142 = EDGE_CURVE('',#10143,#10135,#10145,.T.);
#10143 = VERTEX_POINT('',#10144);
#10144 = CARTESIAN_POINT('',(288.725,-91.3875,1.6));
#10145 = CIRCLE('',#10146,0.500001333575);
#10146 = AXIS2_PLACEMENT_3D('',#10147,#10148,#10149);
#10147 = CARTESIAN_POINT('',(288.22499866642,-91.38750133357,1.6));
#10148 = DIRECTION('',(0.,0.,1.));
#10149 = DIRECTION('',(0.999999999996,2.667139247885E-06,-0.));
#10150 = ORIENTED_EDGE('',*,*,#10151,.F.);
#10151 = EDGE_CURVE('',#10152,#10143,#10154,.T.);
#10152 = VERTEX_POINT('',#10153);
#10153 = CARTESIAN_POINT('',(288.725,-104.3875,1.6));
#10154 = LINE('',#10155,#10156);
#10155 = CARTESIAN_POINT('',(288.725,-104.3875,1.6));
#10156 = VECTOR('',#10157,1.);
#10157 = DIRECTION('',(0.,1.,0.));
#10158 = ORIENTED_EDGE('',*,*,#10159,.F.);
#10159 = EDGE_CURVE('',#10160,#10152,#10162,.T.);
#10160 = VERTEX_POINT('',#10161);
#10161 = CARTESIAN_POINT('',(288.225,-104.8875,1.6));
#10162 = CIRCLE('',#10163,0.500001333575);
#10163 = AXIS2_PLACEMENT_3D('',#10164,#10165,#10166);
#10164 = CARTESIAN_POINT('',(288.22499866642,-104.3874986664,1.6));
#10165 = DIRECTION('',(0.,0.,1.));
#10166 = DIRECTION('',(2.667139304729E-06,-0.999999999996,0.));
#10167 = ORIENTED_EDGE('',*,*,#10168,.F.);
#10168 = EDGE_CURVE('',#10169,#10160,#10171,.T.);
#10169 = VERTEX_POINT('',#10170);
#10170 = CARTESIAN_POINT('',(275.225,-104.8875,1.6));
#10171 = LINE('',#10172,#10173);
#10172 = CARTESIAN_POINT('',(275.225,-104.8875,1.6));
#10173 = VECTOR('',#10174,1.);
#10174 = DIRECTION('',(1.,0.,0.));
#10175 = ORIENTED_EDGE('',*,*,#10176,.F.);
#10176 = EDGE_CURVE('',#10177,#10169,#10179,.T.);
#10177 = VERTEX_POINT('',#10178);
#10178 = CARTESIAN_POINT('',(274.725,-104.3875,1.6));
#10179 = CIRCLE('',#10180,0.500001333575);
#10180 = AXIS2_PLACEMENT_3D('',#10181,#10182,#10183);
#10181 = CARTESIAN_POINT('',(275.22500133357,-104.3874986664,1.6));
#10182 = DIRECTION('',(0.,0.,1.));
#10183 = DIRECTION('',(-0.999999999996,-2.667139077356E-06,0.));
#10184 = ORIENTED_EDGE('',*,*,#10185,.F.);
#10185 = EDGE_CURVE('',#10126,#10177,#10186,.T.);
#10186 = LINE('',#10187,#10188);
#10187 = CARTESIAN_POINT('',(274.725,-91.3875,1.6));
#10188 = VECTOR('',#10189,1.);
#10189 = DIRECTION('',(0.,-1.,0.));
#10190 = FACE_BOUND('',#10191,.T.);
#10191 = EDGE_LOOP('',(#10192,#10203,#10211,#10220,#10228,#10237,#10245,
    #10254));
#10192 = ORIENTED_EDGE('',*,*,#10193,.F.);
#10193 = EDGE_CURVE('',#10194,#10196,#10198,.T.);
#10194 = VERTEX_POINT('',#10195);
#10195 = CARTESIAN_POINT('',(280.,-109.9875,1.6));
#10196 = VERTEX_POINT('',#10197);
#10197 = CARTESIAN_POINT('',(279.5,-110.4875,1.6));
#10198 = CIRCLE('',#10199,0.500001333575);
#10199 = AXIS2_PLACEMENT_3D('',#10200,#10201,#10202);
#10200 = CARTESIAN_POINT('',(280.00000133357,-110.4875013335,1.6));
#10201 = DIRECTION('',(0.,0.,1.));
#10202 = DIRECTION('',(-2.667139304729E-06,0.999999999996,0.));
#10203 = ORIENTED_EDGE('',*,*,#10204,.F.);
#10204 = EDGE_CURVE('',#10205,#10194,#10207,.T.);
#10205 = VERTEX_POINT('',#10206);
#10206 = CARTESIAN_POINT('',(293.,-109.9875,1.6));
#10207 = LINE('',#10208,#10209);
#10208 = CARTESIAN_POINT('',(293.,-109.9875,1.6));
#10209 = VECTOR('',#10210,1.);
#10210 = DIRECTION('',(-1.,0.,0.));
#10211 = ORIENTED_EDGE('',*,*,#10212,.F.);
#10212 = EDGE_CURVE('',#10213,#10205,#10215,.T.);
#10213 = VERTEX_POINT('',#10214);
#10214 = CARTESIAN_POINT('',(293.5,-110.4875,1.6));
#10215 = CIRCLE('',#10216,0.500001333575);
#10216 = AXIS2_PLACEMENT_3D('',#10217,#10218,#10219);
#10217 = CARTESIAN_POINT('',(292.99999866642,-110.4875013335,1.6));
#10218 = DIRECTION('',(0.,0.,1.));
#10219 = DIRECTION('',(0.999999999996,2.667139276307E-06,-0.));
#10220 = ORIENTED_EDGE('',*,*,#10221,.F.);
#10221 = EDGE_CURVE('',#10222,#10213,#10224,.T.);
#10222 = VERTEX_POINT('',#10223);
#10223 = CARTESIAN_POINT('',(293.5,-123.4875,1.6));
#10224 = LINE('',#10225,#10226);
#10225 = CARTESIAN_POINT('',(293.5,-123.4875,1.6));
#10226 = VECTOR('',#10227,1.);
#10227 = DIRECTION('',(0.,1.,0.));
#10228 = ORIENTED_EDGE('',*,*,#10229,.F.);
#10229 = EDGE_CURVE('',#10230,#10222,#10232,.T.);
#10230 = VERTEX_POINT('',#10231);
#10231 = CARTESIAN_POINT('',(293.,-123.9875,1.6));
#10232 = CIRCLE('',#10233,0.500001333575);
#10233 = AXIS2_PLACEMENT_3D('',#10234,#10235,#10236);
#10234 = CARTESIAN_POINT('',(292.99999866642,-123.4874986664,1.6));
#10235 = DIRECTION('',(0.,0.,1.));
#10236 = DIRECTION('',(2.667139304729E-06,-0.999999999996,0.));
#10237 = ORIENTED_EDGE('',*,*,#10238,.F.);
#10238 = EDGE_CURVE('',#10239,#10230,#10241,.T.);
#10239 = VERTEX_POINT('',#10240);
#10240 = CARTESIAN_POINT('',(280.,-123.9875,1.6));
#10241 = LINE('',#10242,#10243);
#10242 = CARTESIAN_POINT('',(280.,-123.9875,1.6));
#10243 = VECTOR('',#10244,1.);
#10244 = DIRECTION('',(1.,0.,0.));
#10245 = ORIENTED_EDGE('',*,*,#10246,.F.);
#10246 = EDGE_CURVE('',#10247,#10239,#10249,.T.);
#10247 = VERTEX_POINT('',#10248);
#10248 = CARTESIAN_POINT('',(279.5,-123.4875,1.6));
#10249 = CIRCLE('',#10250,0.500001333575);
#10250 = AXIS2_PLACEMENT_3D('',#10251,#10252,#10253);
#10251 = CARTESIAN_POINT('',(280.00000133357,-123.4874986664,1.6));
#10252 = DIRECTION('',(0.,0.,1.));
#10253 = DIRECTION('',(-0.999999999996,-2.667139247885E-06,0.));
#10254 = ORIENTED_EDGE('',*,*,#10255,.F.);
#10255 = EDGE_CURVE('',#10196,#10247,#10256,.T.);
#10256 = LINE('',#10257,#10258);
#10257 = CARTESIAN_POINT('',(279.5,-110.4875,1.6));
#10258 = VECTOR('',#10259,1.);
#10259 = DIRECTION('',(0.,-1.,0.));
#10260 = FACE_BOUND('',#10261,.T.);
#10261 = EDGE_LOOP('',(#10262));
#10262 = ORIENTED_EDGE('',*,*,#10263,.T.);
#10263 = EDGE_CURVE('',#10264,#10264,#10266,.T.);
#10264 = VERTEX_POINT('',#10265);
#10265 = CARTESIAN_POINT('',(360.5125,-120.975,1.6));
#10266 = CIRCLE('',#10267,1.6);
#10267 = AXIS2_PLACEMENT_3D('',#10268,#10269,#10270);
#10268 = CARTESIAN_POINT('',(360.5125,-119.375,1.6));
#10269 = DIRECTION('',(-0.,0.,-1.));
#10270 = DIRECTION('',(-3.552713678801E-14,-1.,0.));
#10271 = FACE_BOUND('',#10272,.T.);
#10272 = EDGE_LOOP('',(#10273,#10284,#10292,#10301,#10309,#10318,#10326,
    #10335));
#10273 = ORIENTED_EDGE('',*,*,#10274,.F.);
#10274 = EDGE_CURVE('',#10275,#10277,#10279,.T.);
#10275 = VERTEX_POINT('',#10276);
#10276 = CARTESIAN_POINT('',(342.075,-109.9875,1.6));
#10277 = VERTEX_POINT('',#10278);
#10278 = CARTESIAN_POINT('',(341.575,-110.4875,1.6));
#10279 = CIRCLE('',#10280,0.500001333575);
#10280 = AXIS2_PLACEMENT_3D('',#10281,#10282,#10283);
#10281 = CARTESIAN_POINT('',(342.07500133357,-110.4875013335,1.6));
#10282 = DIRECTION('',(0.,0.,1.));
#10283 = DIRECTION('',(-2.667139191042E-06,0.999999999996,0.));
#10284 = ORIENTED_EDGE('',*,*,#10285,.F.);
#10285 = EDGE_CURVE('',#10286,#10275,#10288,.T.);
#10286 = VERTEX_POINT('',#10287);
#10287 = CARTESIAN_POINT('',(355.075,-109.9875,1.6));
#10288 = LINE('',#10289,#10290);
#10289 = CARTESIAN_POINT('',(355.075,-109.9875,1.6));
#10290 = VECTOR('',#10291,1.);
#10291 = DIRECTION('',(-1.,0.,0.));
#10292 = ORIENTED_EDGE('',*,*,#10293,.F.);
#10293 = EDGE_CURVE('',#10294,#10286,#10296,.T.);
#10294 = VERTEX_POINT('',#10295);
#10295 = CARTESIAN_POINT('',(355.575,-110.4875,1.6));
#10296 = CIRCLE('',#10297,0.500001333575);
#10297 = AXIS2_PLACEMENT_3D('',#10298,#10299,#10300);
#10298 = CARTESIAN_POINT('',(355.07499866642,-110.4875013335,1.6));
#10299 = DIRECTION('',(0.,0.,1.));
#10300 = DIRECTION('',(0.999999999996,2.667139077356E-06,-0.));
#10301 = ORIENTED_EDGE('',*,*,#10302,.F.);
#10302 = EDGE_CURVE('',#10303,#10294,#10305,.T.);
#10303 = VERTEX_POINT('',#10304);
#10304 = CARTESIAN_POINT('',(355.575,-123.4875,1.6));
#10305 = LINE('',#10306,#10307);
#10306 = CARTESIAN_POINT('',(355.575,-123.4875,1.6));
#10307 = VECTOR('',#10308,1.);
#10308 = DIRECTION('',(0.,1.,0.));
#10309 = ORIENTED_EDGE('',*,*,#10310,.F.);
#10310 = EDGE_CURVE('',#10311,#10303,#10313,.T.);
#10311 = VERTEX_POINT('',#10312);
#10312 = CARTESIAN_POINT('',(355.075,-123.9875,1.6));
#10313 = CIRCLE('',#10314,0.500001333575);
#10314 = AXIS2_PLACEMENT_3D('',#10315,#10316,#10317);
#10315 = CARTESIAN_POINT('',(355.07499866642,-123.4874986664,1.6));
#10316 = DIRECTION('',(0.,0.,1.));
#10317 = DIRECTION('',(2.667139077356E-06,-0.999999999996,0.));
#10318 = ORIENTED_EDGE('',*,*,#10319,.F.);
#10319 = EDGE_CURVE('',#10320,#10311,#10322,.T.);
#10320 = VERTEX_POINT('',#10321);
#10321 = CARTESIAN_POINT('',(342.075,-123.9875,1.6));
#10322 = LINE('',#10323,#10324);
#10323 = CARTESIAN_POINT('',(342.075,-123.9875,1.6));
#10324 = VECTOR('',#10325,1.);
#10325 = DIRECTION('',(1.,0.,0.));
#10326 = ORIENTED_EDGE('',*,*,#10327,.F.);
#10327 = EDGE_CURVE('',#10328,#10320,#10330,.T.);
#10328 = VERTEX_POINT('',#10329);
#10329 = CARTESIAN_POINT('',(341.575,-123.4875,1.6));
#10330 = CIRCLE('',#10331,0.500001333575);
#10331 = AXIS2_PLACEMENT_3D('',#10332,#10333,#10334);
#10332 = CARTESIAN_POINT('',(342.07500133357,-123.4874986664,1.6));
#10333 = DIRECTION('',(0.,0.,1.));
#10334 = DIRECTION('',(-0.999999999996,-2.667139247886E-06,0.));
#10335 = ORIENTED_EDGE('',*,*,#10336,.F.);
#10336 = EDGE_CURVE('',#10277,#10328,#10337,.T.);
#10337 = LINE('',#10338,#10339);
#10338 = CARTESIAN_POINT('',(341.575,-110.4875,1.6));
#10339 = VECTOR('',#10340,1.);
#10340 = DIRECTION('',(0.,-1.,0.));
#10341 = FACE_BOUND('',#10342,.T.);
#10342 = EDGE_LOOP('',(#10343,#10354,#10362,#10371,#10379,#10387,#10396,
    #10404,#10413,#10421,#10429,#10437,#10446,#10454,#10463,#10471,
    #10479,#10487,#10496,#10504,#10513,#10521,#10529,#10538,#10546,
    #10555,#10563,#10571,#10579,#10588,#10596,#10604,#10613,#10621,
    #10630,#10638,#10646,#10655,#10663,#10672,#10680,#10688,#10696,
    #10705));
#10343 = ORIENTED_EDGE('',*,*,#10344,.F.);
#10344 = EDGE_CURVE('',#10345,#10347,#10349,.T.);
#10345 = VERTEX_POINT('',#10346);
#10346 = CARTESIAN_POINT('',(318.2,-90.8875,1.6));
#10347 = VERTEX_POINT('',#10348);
#10348 = CARTESIAN_POINT('',(317.7,-91.3875,1.6));
#10349 = CIRCLE('',#10350,0.500001333575);
#10350 = AXIS2_PLACEMENT_3D('',#10351,#10352,#10353);
#10351 = CARTESIAN_POINT('',(318.20000133357,-91.38750133357,1.6));
#10352 = DIRECTION('',(0.,0.,1.));
#10353 = DIRECTION('',(-2.667139191042E-06,0.999999999996,0.));
#10354 = ORIENTED_EDGE('',*,*,#10355,.F.);
#10355 = EDGE_CURVE('',#10356,#10345,#10358,.T.);
#10356 = VERTEX_POINT('',#10357);
#10357 = CARTESIAN_POINT('',(331.2,-90.8875,1.6));
#10358 = LINE('',#10359,#10360);
#10359 = CARTESIAN_POINT('',(331.2,-90.8875,1.6));
#10360 = VECTOR('',#10361,1.);
#10361 = DIRECTION('',(-1.,0.,0.));
#10362 = ORIENTED_EDGE('',*,*,#10363,.F.);
#10363 = EDGE_CURVE('',#10364,#10356,#10366,.T.);
#10364 = VERTEX_POINT('',#10365);
#10365 = CARTESIAN_POINT('',(331.7,-91.3875,1.6));
#10366 = CIRCLE('',#10367,0.500001333575);
#10367 = AXIS2_PLACEMENT_3D('',#10368,#10369,#10370);
#10368 = CARTESIAN_POINT('',(331.19999866642,-91.38750133357,1.6));
#10369 = DIRECTION('',(0.,0.,1.));
#10370 = DIRECTION('',(0.999999999996,2.667139048935E-06,-0.));
#10371 = ORIENTED_EDGE('',*,*,#10372,.F.);
#10372 = EDGE_CURVE('',#10373,#10364,#10375,.T.);
#10373 = VERTEX_POINT('',#10374);
#10374 = CARTESIAN_POINT('',(331.7,-91.9995,1.6));
#10375 = LINE('',#10376,#10377);
#10376 = CARTESIAN_POINT('',(331.7,-91.9995,1.6));
#10377 = VECTOR('',#10378,1.);
#10378 = DIRECTION('',(0.,1.,0.));
#10379 = ORIENTED_EDGE('',*,*,#10380,.F.);
#10380 = EDGE_CURVE('',#10381,#10373,#10383,.T.);
#10381 = VERTEX_POINT('',#10382);
#10382 = CARTESIAN_POINT('',(333.5875,-91.9995,1.6));
#10383 = LINE('',#10384,#10385);
#10384 = CARTESIAN_POINT('',(333.5875,-91.9995,1.6));
#10385 = VECTOR('',#10386,1.);
#10386 = DIRECTION('',(-1.,0.,0.));
#10387 = ORIENTED_EDGE('',*,*,#10388,.F.);
#10388 = EDGE_CURVE('',#10389,#10381,#10391,.T.);
#10389 = VERTEX_POINT('',#10390);
#10390 = CARTESIAN_POINT('',(334.0875,-92.4995,1.6));
#10391 = CIRCLE('',#10392,0.500001333575);
#10392 = AXIS2_PLACEMENT_3D('',#10393,#10394,#10395);
#10393 = CARTESIAN_POINT('',(333.58749866642,-92.49950133357,1.6));
#10394 = DIRECTION('',(0.,0.,1.));
#10395 = DIRECTION('',(0.999999999996,2.667139077356E-06,-0.));
#10396 = ORIENTED_EDGE('',*,*,#10397,.F.);
#10397 = EDGE_CURVE('',#10398,#10389,#10400,.T.);
#10398 = VERTEX_POINT('',#10399);
#10399 = CARTESIAN_POINT('',(334.0875,-98.4995,1.6));
#10400 = LINE('',#10401,#10402);
#10401 = CARTESIAN_POINT('',(334.0875,-98.4995,1.6));
#10402 = VECTOR('',#10403,1.);
#10403 = DIRECTION('',(0.,1.,0.));
#10404 = ORIENTED_EDGE('',*,*,#10405,.F.);
#10405 = EDGE_CURVE('',#10406,#10398,#10408,.T.);
#10406 = VERTEX_POINT('',#10407);
#10407 = CARTESIAN_POINT('',(333.5875,-98.9995,1.6));
#10408 = CIRCLE('',#10409,0.500001333575);
#10409 = AXIS2_PLACEMENT_3D('',#10410,#10411,#10412);
#10410 = CARTESIAN_POINT('',(333.58749866642,-98.49949866642,1.6));
#10411 = DIRECTION('',(0.,0.,1.));
#10412 = DIRECTION('',(2.667139077356E-06,-0.999999999996,0.));
#10413 = ORIENTED_EDGE('',*,*,#10414,.F.);
#10414 = EDGE_CURVE('',#10415,#10406,#10417,.T.);
#10415 = VERTEX_POINT('',#10416);
#10416 = CARTESIAN_POINT('',(331.7,-98.9995,1.6));
#10417 = LINE('',#10418,#10419);
#10418 = CARTESIAN_POINT('',(331.7,-98.9995,1.6));
#10419 = VECTOR('',#10420,1.);
#10420 = DIRECTION('',(1.,0.,0.));
#10421 = ORIENTED_EDGE('',*,*,#10422,.F.);
#10422 = EDGE_CURVE('',#10423,#10415,#10425,.T.);
#10423 = VERTEX_POINT('',#10424);
#10424 = CARTESIAN_POINT('',(331.7,-100.4375,1.6));
#10425 = LINE('',#10426,#10427);
#10426 = CARTESIAN_POINT('',(331.7,-100.4375,1.6));
#10427 = VECTOR('',#10428,1.);
#10428 = DIRECTION('',(0.,1.,0.));
#10429 = ORIENTED_EDGE('',*,*,#10430,.F.);
#10430 = EDGE_CURVE('',#10431,#10423,#10433,.T.);
#10431 = VERTEX_POINT('',#10432);
#10432 = CARTESIAN_POINT('',(333.5875,-100.4375,1.6));
#10433 = LINE('',#10434,#10435);
#10434 = CARTESIAN_POINT('',(333.5875,-100.4375,1.6));
#10435 = VECTOR('',#10436,1.);
#10436 = DIRECTION('',(-1.,0.,0.));
#10437 = ORIENTED_EDGE('',*,*,#10438,.F.);
#10438 = EDGE_CURVE('',#10439,#10431,#10441,.T.);
#10439 = VERTEX_POINT('',#10440);
#10440 = CARTESIAN_POINT('',(334.0875,-100.9375,1.6));
#10441 = CIRCLE('',#10442,0.500001333575);
#10442 = AXIS2_PLACEMENT_3D('',#10443,#10444,#10445);
#10443 = CARTESIAN_POINT('',(333.58749866642,-100.9375013335,1.6));
#10444 = DIRECTION('',(0.,0.,1.));
#10445 = DIRECTION('',(0.999999999996,2.667139048935E-06,-0.));
#10446 = ORIENTED_EDGE('',*,*,#10447,.F.);
#10447 = EDGE_CURVE('',#10448,#10439,#10450,.T.);
#10448 = VERTEX_POINT('',#10449);
#10449 = CARTESIAN_POINT('',(334.0875,-113.9375,1.6));
#10450 = LINE('',#10451,#10452);
#10451 = CARTESIAN_POINT('',(334.0875,-113.9375,1.6));
#10452 = VECTOR('',#10453,1.);
#10453 = DIRECTION('',(0.,1.,0.));
#10454 = ORIENTED_EDGE('',*,*,#10455,.F.);
#10455 = EDGE_CURVE('',#10456,#10448,#10458,.T.);
#10456 = VERTEX_POINT('',#10457);
#10457 = CARTESIAN_POINT('',(333.5875,-114.4375,1.6));
#10458 = CIRCLE('',#10459,0.500001333575);
#10459 = AXIS2_PLACEMENT_3D('',#10460,#10461,#10462);
#10460 = CARTESIAN_POINT('',(333.58749866642,-113.9374986664,1.6));
#10461 = DIRECTION('',(0.,0.,1.));
#10462 = DIRECTION('',(2.667139077356E-06,-0.999999999996,0.));
#10463 = ORIENTED_EDGE('',*,*,#10464,.F.);
#10464 = EDGE_CURVE('',#10465,#10456,#10467,.T.);
#10465 = VERTEX_POINT('',#10466);
#10466 = CARTESIAN_POINT('',(332.9755,-114.4375,1.6));
#10467 = LINE('',#10468,#10469);
#10468 = CARTESIAN_POINT('',(332.9755,-114.4375,1.6));
#10469 = VECTOR('',#10470,1.);
#10470 = DIRECTION('',(1.,0.,0.));
#10471 = ORIENTED_EDGE('',*,*,#10472,.F.);
#10472 = EDGE_CURVE('',#10473,#10465,#10475,.T.);
#10473 = VERTEX_POINT('',#10474);
#10474 = CARTESIAN_POINT('',(332.9755,-115.8755,1.6));
#10475 = LINE('',#10476,#10477);
#10476 = CARTESIAN_POINT('',(332.9755,-115.8755,1.6));
#10477 = VECTOR('',#10478,1.);
#10478 = DIRECTION('',(0.,1.,0.));
#10479 = ORIENTED_EDGE('',*,*,#10480,.F.);
#10480 = EDGE_CURVE('',#10481,#10473,#10483,.T.);
#10481 = VERTEX_POINT('',#10482);
#10482 = CARTESIAN_POINT('',(333.5875,-115.8755,1.6));
#10483 = LINE('',#10484,#10485);
#10484 = CARTESIAN_POINT('',(333.5875,-115.8755,1.6));
#10485 = VECTOR('',#10486,1.);
#10486 = DIRECTION('',(-1.,0.,0.));
#10487 = ORIENTED_EDGE('',*,*,#10488,.F.);
#10488 = EDGE_CURVE('',#10489,#10481,#10491,.T.);
#10489 = VERTEX_POINT('',#10490);
#10490 = CARTESIAN_POINT('',(334.0875,-116.3755,1.6));
#10491 = CIRCLE('',#10492,0.500001333575);
#10492 = AXIS2_PLACEMENT_3D('',#10493,#10494,#10495);
#10493 = CARTESIAN_POINT('',(333.58749866642,-116.3755013335,1.6));
#10494 = DIRECTION('',(0.,0.,1.));
#10495 = DIRECTION('',(0.999999999996,2.667139048935E-06,-0.));
#10496 = ORIENTED_EDGE('',*,*,#10497,.F.);
#10497 = EDGE_CURVE('',#10498,#10489,#10500,.T.);
#10498 = VERTEX_POINT('',#10499);
#10499 = CARTESIAN_POINT('',(334.0875,-122.3755,1.6));
#10500 = LINE('',#10501,#10502);
#10501 = CARTESIAN_POINT('',(334.0875,-122.3755,1.6));
#10502 = VECTOR('',#10503,1.);
#10503 = DIRECTION('',(0.,1.,0.));
#10504 = ORIENTED_EDGE('',*,*,#10505,.F.);
#10505 = EDGE_CURVE('',#10506,#10498,#10508,.T.);
#10506 = VERTEX_POINT('',#10507);
#10507 = CARTESIAN_POINT('',(333.5875,-122.8755,1.6));
#10508 = CIRCLE('',#10509,0.500001333575);
#10509 = AXIS2_PLACEMENT_3D('',#10510,#10511,#10512);
#10510 = CARTESIAN_POINT('',(333.58749866642,-122.3754986664,1.6));
#10511 = DIRECTION('',(0.,0.,1.));
#10512 = DIRECTION('',(2.667139077356E-06,-0.999999999996,0.));
#10513 = ORIENTED_EDGE('',*,*,#10514,.F.);
#10514 = EDGE_CURVE('',#10515,#10506,#10517,.T.);
#10515 = VERTEX_POINT('',#10516);
#10516 = CARTESIAN_POINT('',(332.9755,-122.8755,1.6));
#10517 = LINE('',#10518,#10519);
#10518 = CARTESIAN_POINT('',(332.9755,-122.8755,1.6));
#10519 = VECTOR('',#10520,1.);
#10520 = DIRECTION('',(1.,0.,0.));
#10521 = ORIENTED_EDGE('',*,*,#10522,.F.);
#10522 = EDGE_CURVE('',#10523,#10515,#10525,.T.);
#10523 = VERTEX_POINT('',#10524);
#10524 = CARTESIAN_POINT('',(332.9755,-124.4875,1.6));
#10525 = LINE('',#10526,#10527);
#10526 = CARTESIAN_POINT('',(332.9755,-124.4875,1.6));
#10527 = VECTOR('',#10528,1.);
#10528 = DIRECTION('',(0.,1.,0.));
#10529 = ORIENTED_EDGE('',*,*,#10530,.F.);
#10530 = EDGE_CURVE('',#10531,#10523,#10533,.T.);
#10531 = VERTEX_POINT('',#10532);
#10532 = CARTESIAN_POINT('',(332.4755,-124.9875,1.6));
#10533 = CIRCLE('',#10534,0.500001333575);
#10534 = AXIS2_PLACEMENT_3D('',#10535,#10536,#10537);
#10535 = CARTESIAN_POINT('',(332.47549866642,-124.4874986664,1.6));
#10536 = DIRECTION('',(0.,0.,1.));
#10537 = DIRECTION('',(2.667139304729E-06,-0.999999999996,0.));
#10538 = ORIENTED_EDGE('',*,*,#10539,.F.);
#10539 = EDGE_CURVE('',#10540,#10531,#10542,.T.);
#10540 = VERTEX_POINT('',#10541);
#10541 = CARTESIAN_POINT('',(326.4755,-124.9875,1.6));
#10542 = LINE('',#10543,#10544);
#10543 = CARTESIAN_POINT('',(326.4755,-124.9875,1.6));
#10544 = VECTOR('',#10545,1.);
#10545 = DIRECTION('',(1.,0.,0.));
#10546 = ORIENTED_EDGE('',*,*,#10547,.F.);
#10547 = EDGE_CURVE('',#10548,#10540,#10550,.T.);
#10548 = VERTEX_POINT('',#10549);
#10549 = CARTESIAN_POINT('',(325.9755,-124.4875,1.6));
#10550 = CIRCLE('',#10551,0.500001333575);
#10551 = AXIS2_PLACEMENT_3D('',#10552,#10553,#10554);
#10552 = CARTESIAN_POINT('',(326.47550133357,-124.4874986664,1.6));
#10553 = DIRECTION('',(0.,0.,1.));
#10554 = DIRECTION('',(-0.999999999996,-2.667139048935E-06,0.));
#10555 = ORIENTED_EDGE('',*,*,#10556,.F.);
#10556 = EDGE_CURVE('',#10557,#10548,#10559,.T.);
#10557 = VERTEX_POINT('',#10558);
#10558 = CARTESIAN_POINT('',(325.9755,-122.8755,1.6));
#10559 = LINE('',#10560,#10561);
#10560 = CARTESIAN_POINT('',(325.9755,-122.8755,1.6));
#10561 = VECTOR('',#10562,1.);
#10562 = DIRECTION('',(0.,-1.,0.));
#10563 = ORIENTED_EDGE('',*,*,#10564,.F.);
#10564 = EDGE_CURVE('',#10565,#10557,#10567,.T.);
#10565 = VERTEX_POINT('',#10566);
#10566 = CARTESIAN_POINT('',(324.5375,-122.8755,1.6));
#10567 = LINE('',#10568,#10569);
#10568 = CARTESIAN_POINT('',(324.5375,-122.8755,1.6));
#10569 = VECTOR('',#10570,1.);
#10570 = DIRECTION('',(1.,0.,0.));
#10571 = ORIENTED_EDGE('',*,*,#10572,.F.);
#10572 = EDGE_CURVE('',#10573,#10565,#10575,.T.);
#10573 = VERTEX_POINT('',#10574);
#10574 = CARTESIAN_POINT('',(324.5375,-123.4875,1.6));
#10575 = LINE('',#10576,#10577);
#10576 = CARTESIAN_POINT('',(324.5375,-123.4875,1.6));
#10577 = VECTOR('',#10578,1.);
#10578 = DIRECTION('',(0.,1.,0.));
#10579 = ORIENTED_EDGE('',*,*,#10580,.F.);
#10580 = EDGE_CURVE('',#10581,#10573,#10583,.T.);
#10581 = VERTEX_POINT('',#10582);
#10582 = CARTESIAN_POINT('',(324.0375,-123.9875,1.6));
#10583 = CIRCLE('',#10584,0.500001333575);
#10584 = AXIS2_PLACEMENT_3D('',#10585,#10586,#10587);
#10585 = CARTESIAN_POINT('',(324.03749866642,-123.4874986664,1.6));
#10586 = DIRECTION('',(0.,0.,1.));
#10587 = DIRECTION('',(2.667139304729E-06,-0.999999999996,0.));
#10588 = ORIENTED_EDGE('',*,*,#10589,.F.);
#10589 = EDGE_CURVE('',#10590,#10581,#10592,.T.);
#10590 = VERTEX_POINT('',#10591);
#10591 = CARTESIAN_POINT('',(309.0995,-123.9875,1.6));
#10592 = LINE('',#10593,#10594);
#10593 = CARTESIAN_POINT('',(309.0995,-123.9875,1.6));
#10594 = VECTOR('',#10595,1.);
#10595 = DIRECTION('',(1.,0.,0.));
#10596 = ORIENTED_EDGE('',*,*,#10597,.F.);
#10597 = EDGE_CURVE('',#10598,#10590,#10600,.T.);
#10598 = VERTEX_POINT('',#10599);
#10599 = CARTESIAN_POINT('',(309.0995,-124.4875,1.6));
#10600 = LINE('',#10601,#10602);
#10601 = CARTESIAN_POINT('',(309.0995,-124.4875,1.6));
#10602 = VECTOR('',#10603,1.);
#10603 = DIRECTION('',(0.,1.,0.));
#10604 = ORIENTED_EDGE('',*,*,#10605,.F.);
#10605 = EDGE_CURVE('',#10606,#10598,#10608,.T.);
#10606 = VERTEX_POINT('',#10607);
#10607 = CARTESIAN_POINT('',(308.5995,-124.9875,1.6));
#10608 = CIRCLE('',#10609,0.500001333575);
#10609 = AXIS2_PLACEMENT_3D('',#10610,#10611,#10612);
#10610 = CARTESIAN_POINT('',(308.59949866642,-124.4874986664,1.6));
#10611 = DIRECTION('',(0.,0.,1.));
#10612 = DIRECTION('',(2.667139077356E-06,-0.999999999996,0.));
#10613 = ORIENTED_EDGE('',*,*,#10614,.F.);
#10614 = EDGE_CURVE('',#10615,#10606,#10617,.T.);
#10615 = VERTEX_POINT('',#10616);
#10616 = CARTESIAN_POINT('',(302.5995,-124.9875,1.6));
#10617 = LINE('',#10618,#10619);
#10618 = CARTESIAN_POINT('',(302.5995,-124.9875,1.6));
#10619 = VECTOR('',#10620,1.);
#10620 = DIRECTION('',(1.,0.,0.));
#10621 = ORIENTED_EDGE('',*,*,#10622,.F.);
#10622 = EDGE_CURVE('',#10623,#10615,#10625,.T.);
#10623 = VERTEX_POINT('',#10624);
#10624 = CARTESIAN_POINT('',(302.0995,-124.4875,1.6));
#10625 = CIRCLE('',#10626,0.500001333575);
#10626 = AXIS2_PLACEMENT_3D('',#10627,#10628,#10629);
#10627 = CARTESIAN_POINT('',(302.59950133357,-124.4874986664,1.6));
#10628 = DIRECTION('',(0.,0.,1.));
#10629 = DIRECTION('',(-0.999999999996,-2.667139247886E-06,0.));
#10630 = ORIENTED_EDGE('',*,*,#10631,.F.);
#10631 = EDGE_CURVE('',#10632,#10623,#10634,.T.);
#10632 = VERTEX_POINT('',#10633);
#10633 = CARTESIAN_POINT('',(302.0995,-123.9875,1.6));
#10634 = LINE('',#10635,#10636);
#10635 = CARTESIAN_POINT('',(302.0995,-123.9875,1.6));
#10636 = VECTOR('',#10637,1.);
#10637 = DIRECTION('',(0.,-1.,0.));
#10638 = ORIENTED_EDGE('',*,*,#10639,.F.);
#10639 = EDGE_CURVE('',#10640,#10632,#10642,.T.);
#10640 = VERTEX_POINT('',#10641);
#10641 = CARTESIAN_POINT('',(299.1,-123.9875,1.6));
#10642 = LINE('',#10643,#10644);
#10643 = CARTESIAN_POINT('',(299.1,-123.9875,1.6));
#10644 = VECTOR('',#10645,1.);
#10645 = DIRECTION('',(1.,0.,0.));
#10646 = ORIENTED_EDGE('',*,*,#10647,.F.);
#10647 = EDGE_CURVE('',#10648,#10640,#10650,.T.);
#10648 = VERTEX_POINT('',#10649);
#10649 = CARTESIAN_POINT('',(298.6,-123.4875,1.6));
#10650 = CIRCLE('',#10651,0.500001333575);
#10651 = AXIS2_PLACEMENT_3D('',#10652,#10653,#10654);
#10652 = CARTESIAN_POINT('',(299.10000133357,-123.4874986664,1.6));
#10653 = DIRECTION('',(0.,0.,1.));
#10654 = DIRECTION('',(-0.999999999996,-2.667139048935E-06,0.));
#10655 = ORIENTED_EDGE('',*,*,#10656,.F.);
#10656 = EDGE_CURVE('',#10657,#10648,#10659,.T.);
#10657 = VERTEX_POINT('',#10658);
#10658 = CARTESIAN_POINT('',(298.6,-110.4875,1.6));
#10659 = LINE('',#10660,#10661);
#10660 = CARTESIAN_POINT('',(298.6,-110.4875,1.6));
#10661 = VECTOR('',#10662,1.);
#10662 = DIRECTION('',(0.,-1.,0.));
#10663 = ORIENTED_EDGE('',*,*,#10664,.F.);
#10664 = EDGE_CURVE('',#10665,#10657,#10667,.T.);
#10665 = VERTEX_POINT('',#10666);
#10666 = CARTESIAN_POINT('',(299.1,-109.9875,1.6));
#10667 = CIRCLE('',#10668,0.500001333575);
#10668 = AXIS2_PLACEMENT_3D('',#10669,#10670,#10671);
#10669 = CARTESIAN_POINT('',(299.10000133357,-110.4875013335,1.6));
#10670 = DIRECTION('',(0.,0.,1.));
#10671 = DIRECTION('',(-2.667139077356E-06,0.999999999996,0.));
#10672 = ORIENTED_EDGE('',*,*,#10673,.F.);
#10673 = EDGE_CURVE('',#10674,#10665,#10676,.T.);
#10674 = VERTEX_POINT('',#10675);
#10675 = CARTESIAN_POINT('',(320.0875,-109.9875,1.6));
#10676 = LINE('',#10677,#10678);
#10677 = CARTESIAN_POINT('',(320.0875,-109.9875,1.6));
#10678 = VECTOR('',#10679,1.);
#10679 = DIRECTION('',(-1.,0.,0.));
#10680 = ORIENTED_EDGE('',*,*,#10681,.F.);
#10681 = EDGE_CURVE('',#10682,#10674,#10684,.T.);
#10682 = VERTEX_POINT('',#10683);
#10683 = CARTESIAN_POINT('',(320.0875,-104.8875,1.6));
#10684 = LINE('',#10685,#10686);
#10685 = CARTESIAN_POINT('',(320.0875,-104.8875,1.6));
#10686 = VECTOR('',#10687,1.);
#10687 = DIRECTION('',(0.,-1.,0.));
#10688 = ORIENTED_EDGE('',*,*,#10689,.F.);
#10689 = EDGE_CURVE('',#10690,#10682,#10692,.T.);
#10690 = VERTEX_POINT('',#10691);
#10691 = CARTESIAN_POINT('',(318.2,-104.8875,1.6));
#10692 = LINE('',#10693,#10694);
#10693 = CARTESIAN_POINT('',(318.2,-104.8875,1.6));
#10694 = VECTOR('',#10695,1.);
#10695 = DIRECTION('',(1.,0.,0.));
#10696 = ORIENTED_EDGE('',*,*,#10697,.F.);
#10697 = EDGE_CURVE('',#10698,#10690,#10700,.T.);
#10698 = VERTEX_POINT('',#10699);
#10699 = CARTESIAN_POINT('',(317.7,-104.3875,1.6));
#10700 = CIRCLE('',#10701,0.500001333575);
#10701 = AXIS2_PLACEMENT_3D('',#10702,#10703,#10704);
#10702 = CARTESIAN_POINT('',(318.20000133357,-104.3874986664,1.6));
#10703 = DIRECTION('',(0.,0.,1.));
#10704 = DIRECTION('',(-0.999999999996,-2.667139276307E-06,0.));
#10705 = ORIENTED_EDGE('',*,*,#10706,.F.);
#10706 = EDGE_CURVE('',#10347,#10698,#10707,.T.);
#10707 = LINE('',#10708,#10709);
#10708 = CARTESIAN_POINT('',(317.7,-91.3875,1.6));
#10709 = VECTOR('',#10710,1.);
#10710 = DIRECTION('',(0.,-1.,0.));
#10711 = FACE_BOUND('',#10712,.T.);
#10712 = EDGE_LOOP('',(#10713,#10724,#10732,#10741,#10749,#10758,#10766,
    #10775));
#10713 = ORIENTED_EDGE('',*,*,#10714,.F.);
#10714 = EDGE_CURVE('',#10715,#10717,#10719,.T.);
#10715 = VERTEX_POINT('',#10716);
#10716 = CARTESIAN_POINT('',(294.325,-90.8875,1.6));
#10717 = VERTEX_POINT('',#10718);
#10718 = CARTESIAN_POINT('',(293.825,-91.3875,1.6));
#10719 = CIRCLE('',#10720,0.500001333575);
#10720 = AXIS2_PLACEMENT_3D('',#10721,#10722,#10723);
#10721 = CARTESIAN_POINT('',(294.32500133357,-91.38750133357,1.6));
#10722 = DIRECTION('',(0.,0.,1.));
#10723 = DIRECTION('',(-2.667139191042E-06,0.999999999996,0.));
#10724 = ORIENTED_EDGE('',*,*,#10725,.F.);
#10725 = EDGE_CURVE('',#10726,#10715,#10728,.T.);
#10726 = VERTEX_POINT('',#10727);
#10727 = CARTESIAN_POINT('',(307.325,-90.8875,1.6));
#10728 = LINE('',#10729,#10730);
#10729 = CARTESIAN_POINT('',(307.325,-90.8875,1.6));
#10730 = VECTOR('',#10731,1.);
#10731 = DIRECTION('',(-1.,0.,0.));
#10732 = ORIENTED_EDGE('',*,*,#10733,.F.);
#10733 = EDGE_CURVE('',#10734,#10726,#10736,.T.);
#10734 = VERTEX_POINT('',#10735);
#10735 = CARTESIAN_POINT('',(307.825,-91.3875,1.6));
#10736 = CIRCLE('',#10737,0.500001333575);
#10737 = AXIS2_PLACEMENT_3D('',#10738,#10739,#10740);
#10738 = CARTESIAN_POINT('',(307.32499866642,-91.38750133357,1.6));
#10739 = DIRECTION('',(0.,0.,1.));
#10740 = DIRECTION('',(0.999999999996,2.667139048935E-06,-0.));
#10741 = ORIENTED_EDGE('',*,*,#10742,.F.);
#10742 = EDGE_CURVE('',#10743,#10734,#10745,.T.);
#10743 = VERTEX_POINT('',#10744);
#10744 = CARTESIAN_POINT('',(307.825,-104.3875,1.6));
#10745 = LINE('',#10746,#10747);
#10746 = CARTESIAN_POINT('',(307.825,-104.3875,1.6));
#10747 = VECTOR('',#10748,1.);
#10748 = DIRECTION('',(0.,1.,0.));
#10749 = ORIENTED_EDGE('',*,*,#10750,.F.);
#10750 = EDGE_CURVE('',#10751,#10743,#10753,.T.);
#10751 = VERTEX_POINT('',#10752);
#10752 = CARTESIAN_POINT('',(307.325,-104.8875,1.6));
#10753 = CIRCLE('',#10754,0.500001333575);
#10754 = AXIS2_PLACEMENT_3D('',#10755,#10756,#10757);
#10755 = CARTESIAN_POINT('',(307.32499866642,-104.3874986664,1.6));
#10756 = DIRECTION('',(0.,0.,1.));
#10757 = DIRECTION('',(2.667139077356E-06,-0.999999999996,0.));
#10758 = ORIENTED_EDGE('',*,*,#10759,.F.);
#10759 = EDGE_CURVE('',#10760,#10751,#10762,.T.);
#10760 = VERTEX_POINT('',#10761);
#10761 = CARTESIAN_POINT('',(294.325,-104.8875,1.6));
#10762 = LINE('',#10763,#10764);
#10763 = CARTESIAN_POINT('',(294.325,-104.8875,1.6));
#10764 = VECTOR('',#10765,1.);
#10765 = DIRECTION('',(1.,0.,0.));
#10766 = ORIENTED_EDGE('',*,*,#10767,.F.);
#10767 = EDGE_CURVE('',#10768,#10760,#10770,.T.);
#10768 = VERTEX_POINT('',#10769);
#10769 = CARTESIAN_POINT('',(293.825,-104.3875,1.6));
#10770 = CIRCLE('',#10771,0.500001333575);
#10771 = AXIS2_PLACEMENT_3D('',#10772,#10773,#10774);
#10772 = CARTESIAN_POINT('',(294.32500133357,-104.3874986664,1.6));
#10773 = DIRECTION('',(0.,0.,1.));
#10774 = DIRECTION('',(-0.999999999996,-2.667139276307E-06,0.));
#10775 = ORIENTED_EDGE('',*,*,#10776,.F.);
#10776 = EDGE_CURVE('',#10717,#10768,#10777,.T.);
#10777 = LINE('',#10778,#10779);
#10778 = CARTESIAN_POINT('',(293.825,-91.3875,1.6));
#10779 = VECTOR('',#10780,1.);
#10780 = DIRECTION('',(0.,-1.,0.));
#10781 = FACE_BOUND('',#10782,.T.);
#10782 = EDGE_LOOP('',(#10783,#10794,#10802,#10811,#10819,#10828,#10836,
    #10845));
#10783 = ORIENTED_EDGE('',*,*,#10784,.F.);
#10784 = EDGE_CURVE('',#10785,#10787,#10789,.T.);
#10785 = VERTEX_POINT('',#10786);
#10786 = CARTESIAN_POINT('',(342.075,-90.8875,1.6));
#10787 = VERTEX_POINT('',#10788);
#10788 = CARTESIAN_POINT('',(341.575,-91.3875,1.6));
#10789 = CIRCLE('',#10790,0.500001333575);
#10790 = AXIS2_PLACEMENT_3D('',#10791,#10792,#10793);
#10791 = CARTESIAN_POINT('',(342.07500133357,-91.38750133357,1.6));
#10792 = DIRECTION('',(0.,0.,1.));
#10793 = DIRECTION('',(-2.667139191042E-06,0.999999999996,0.));
#10794 = ORIENTED_EDGE('',*,*,#10795,.F.);
#10795 = EDGE_CURVE('',#10796,#10785,#10798,.T.);
#10796 = VERTEX_POINT('',#10797);
#10797 = CARTESIAN_POINT('',(355.075,-90.8875,1.6));
#10798 = LINE('',#10799,#10800);
#10799 = CARTESIAN_POINT('',(355.075,-90.8875,1.6));
#10800 = VECTOR('',#10801,1.);
#10801 = DIRECTION('',(-1.,0.,0.));
#10802 = ORIENTED_EDGE('',*,*,#10803,.F.);
#10803 = EDGE_CURVE('',#10804,#10796,#10806,.T.);
#10804 = VERTEX_POINT('',#10805);
#10805 = CARTESIAN_POINT('',(355.575,-91.3875,1.6));
#10806 = CIRCLE('',#10807,0.500001333575);
#10807 = AXIS2_PLACEMENT_3D('',#10808,#10809,#10810);
#10808 = CARTESIAN_POINT('',(355.07499866642,-91.38750133357,1.6));
#10809 = DIRECTION('',(0.,0.,1.));
#10810 = DIRECTION('',(0.999999999996,2.667139048935E-06,-0.));
#10811 = ORIENTED_EDGE('',*,*,#10812,.F.);
#10812 = EDGE_CURVE('',#10813,#10804,#10815,.T.);
#10813 = VERTEX_POINT('',#10814);
#10814 = CARTESIAN_POINT('',(355.575,-104.3875,1.6));
#10815 = LINE('',#10816,#10817);
#10816 = CARTESIAN_POINT('',(355.575,-104.3875,1.6));
#10817 = VECTOR('',#10818,1.);
#10818 = DIRECTION('',(0.,1.,0.));
#10819 = ORIENTED_EDGE('',*,*,#10820,.F.);
#10820 = EDGE_CURVE('',#10821,#10813,#10823,.T.);
#10821 = VERTEX_POINT('',#10822);
#10822 = CARTESIAN_POINT('',(355.075,-104.8875,1.6));
#10823 = CIRCLE('',#10824,0.500001333575);
#10824 = AXIS2_PLACEMENT_3D('',#10825,#10826,#10827);
#10825 = CARTESIAN_POINT('',(355.07499866642,-104.3874986664,1.6));
#10826 = DIRECTION('',(0.,0.,1.));
#10827 = DIRECTION('',(2.667139077356E-06,-0.999999999996,0.));
#10828 = ORIENTED_EDGE('',*,*,#10829,.F.);
#10829 = EDGE_CURVE('',#10830,#10821,#10832,.T.);
#10830 = VERTEX_POINT('',#10831);
#10831 = CARTESIAN_POINT('',(342.075,-104.8875,1.6));
#10832 = LINE('',#10833,#10834);
#10833 = CARTESIAN_POINT('',(342.075,-104.8875,1.6));
#10834 = VECTOR('',#10835,1.);
#10835 = DIRECTION('',(1.,0.,0.));
#10836 = ORIENTED_EDGE('',*,*,#10837,.F.);
#10837 = EDGE_CURVE('',#10838,#10830,#10840,.T.);
#10838 = VERTEX_POINT('',#10839);
#10839 = CARTESIAN_POINT('',(341.575,-104.3875,1.6));
#10840 = CIRCLE('',#10841,0.500001333575);
#10841 = AXIS2_PLACEMENT_3D('',#10842,#10843,#10844);
#10842 = CARTESIAN_POINT('',(342.07500133357,-104.3874986664,1.6));
#10843 = DIRECTION('',(0.,0.,1.));
#10844 = DIRECTION('',(-0.999999999996,-2.667139276307E-06,0.));
#10845 = ORIENTED_EDGE('',*,*,#10846,.F.);
#10846 = EDGE_CURVE('',#10787,#10838,#10847,.T.);
#10847 = LINE('',#10848,#10849);
#10848 = CARTESIAN_POINT('',(341.575,-91.3875,1.6));
#10849 = VECTOR('',#10850,1.);
#10850 = DIRECTION('',(0.,-1.,0.));
#10851 = FACE_BOUND('',#10852,.T.);
#10852 = EDGE_LOOP('',(#10853,#10864,#10872,#10881,#10889,#10898,#10906,
    #10915));
#10853 = ORIENTED_EDGE('',*,*,#10854,.F.);
#10854 = EDGE_CURVE('',#10855,#10857,#10859,.T.);
#10855 = VERTEX_POINT('',#10856);
#10856 = CARTESIAN_POINT('',(208.375,-71.7875,1.6));
#10857 = VERTEX_POINT('',#10858);
#10858 = CARTESIAN_POINT('',(207.875,-72.2875,1.6));
#10859 = CIRCLE('',#10860,0.500001333575);
#10860 = AXIS2_PLACEMENT_3D('',#10861,#10862,#10863);
#10861 = CARTESIAN_POINT('',(208.37500133357,-72.28750133357,1.6));
#10862 = DIRECTION('',(0.,0.,1.));
#10863 = DIRECTION('',(-2.667139191042E-06,0.999999999996,0.));
#10864 = ORIENTED_EDGE('',*,*,#10865,.F.);
#10865 = EDGE_CURVE('',#10866,#10855,#10868,.T.);
#10866 = VERTEX_POINT('',#10867);
#10867 = CARTESIAN_POINT('',(221.375,-71.7875,1.6));
#10868 = LINE('',#10869,#10870);
#10869 = CARTESIAN_POINT('',(221.375,-71.7875,1.6));
#10870 = VECTOR('',#10871,1.);
#10871 = DIRECTION('',(-1.,0.,0.));
#10872 = ORIENTED_EDGE('',*,*,#10873,.F.);
#10873 = EDGE_CURVE('',#10874,#10866,#10876,.T.);
#10874 = VERTEX_POINT('',#10875);
#10875 = CARTESIAN_POINT('',(221.875,-72.2875,1.6));
#10876 = CIRCLE('',#10877,0.500001333575);
#10877 = AXIS2_PLACEMENT_3D('',#10878,#10879,#10880);
#10878 = CARTESIAN_POINT('',(221.37499866642,-72.28750133357,1.6));
#10879 = DIRECTION('',(0.,0.,1.));
#10880 = DIRECTION('',(0.999999999996,2.667139219464E-06,-0.));
#10881 = ORIENTED_EDGE('',*,*,#10882,.F.);
#10882 = EDGE_CURVE('',#10883,#10874,#10885,.T.);
#10883 = VERTEX_POINT('',#10884);
#10884 = CARTESIAN_POINT('',(221.875,-85.2875,1.6));
#10885 = LINE('',#10886,#10887);
#10886 = CARTESIAN_POINT('',(221.875,-85.2875,1.6));
#10887 = VECTOR('',#10888,1.);
#10888 = DIRECTION('',(0.,1.,0.));
#10889 = ORIENTED_EDGE('',*,*,#10890,.F.);
#10890 = EDGE_CURVE('',#10891,#10883,#10893,.T.);
#10891 = VERTEX_POINT('',#10892);
#10892 = CARTESIAN_POINT('',(221.375,-85.7875,1.6));
#10893 = CIRCLE('',#10894,0.500001333575);
#10894 = AXIS2_PLACEMENT_3D('',#10895,#10896,#10897);
#10895 = CARTESIAN_POINT('',(221.37499866642,-85.28749866642,1.6));
#10896 = DIRECTION('',(0.,0.,1.));
#10897 = DIRECTION('',(2.667139134199E-06,-0.999999999996,0.));
#10898 = ORIENTED_EDGE('',*,*,#10899,.F.);
#10899 = EDGE_CURVE('',#10900,#10891,#10902,.T.);
#10900 = VERTEX_POINT('',#10901);
#10901 = CARTESIAN_POINT('',(208.375,-85.7875,1.6));
#10902 = LINE('',#10903,#10904);
#10903 = CARTESIAN_POINT('',(208.375,-85.7875,1.6));
#10904 = VECTOR('',#10905,1.);
#10905 = DIRECTION('',(1.,0.,0.));
#10906 = ORIENTED_EDGE('',*,*,#10907,.F.);
#10907 = EDGE_CURVE('',#10908,#10900,#10910,.T.);
#10908 = VERTEX_POINT('',#10909);
#10909 = CARTESIAN_POINT('',(207.875,-85.2875,1.6));
#10910 = CIRCLE('',#10911,0.500001333575);
#10911 = AXIS2_PLACEMENT_3D('',#10912,#10913,#10914);
#10912 = CARTESIAN_POINT('',(208.37500133357,-85.28749866642,1.6));
#10913 = DIRECTION('',(0.,0.,1.));
#10914 = DIRECTION('',(-0.999999999996,-2.667139134199E-06,0.));
#10915 = ORIENTED_EDGE('',*,*,#10916,.F.);
#10916 = EDGE_CURVE('',#10857,#10908,#10917,.T.);
#10917 = LINE('',#10918,#10919);
#10918 = CARTESIAN_POINT('',(207.875,-72.2875,1.6));
#10919 = VECTOR('',#10920,1.);
#10920 = DIRECTION('',(0.,-1.,0.));
#10921 = FACE_BOUND('',#10922,.T.);
#10922 = EDGE_LOOP('',(#10923,#10934,#10942,#10951,#10959,#10968,#10976,
    #10985));
#10923 = ORIENTED_EDGE('',*,*,#10924,.F.);
#10924 = EDGE_CURVE('',#10925,#10927,#10929,.T.);
#10925 = VERTEX_POINT('',#10926);
#10926 = CARTESIAN_POINT('',(227.475,-71.7875,1.6));
#10927 = VERTEX_POINT('',#10928);
#10928 = CARTESIAN_POINT('',(226.975,-72.2875,1.6));
#10929 = CIRCLE('',#10930,0.500001333575);
#10930 = AXIS2_PLACEMENT_3D('',#10931,#10932,#10933);
#10931 = CARTESIAN_POINT('',(227.47500133357,-72.28750133357,1.6));
#10932 = DIRECTION('',(0.,0.,1.));
#10933 = DIRECTION('',(-2.667139247886E-06,0.999999999996,0.));
#10934 = ORIENTED_EDGE('',*,*,#10935,.F.);
#10935 = EDGE_CURVE('',#10936,#10925,#10938,.T.);
#10936 = VERTEX_POINT('',#10937);
#10937 = CARTESIAN_POINT('',(240.475,-71.7875,1.6));
#10938 = LINE('',#10939,#10940);
#10939 = CARTESIAN_POINT('',(240.475,-71.7875,1.6));
#10940 = VECTOR('',#10941,1.);
#10941 = DIRECTION('',(-1.,0.,0.));
#10942 = ORIENTED_EDGE('',*,*,#10943,.F.);
#10943 = EDGE_CURVE('',#10944,#10936,#10946,.T.);
#10944 = VERTEX_POINT('',#10945);
#10945 = CARTESIAN_POINT('',(240.975,-72.2875,1.6));
#10946 = CIRCLE('',#10947,0.500001333575);
#10947 = AXIS2_PLACEMENT_3D('',#10948,#10949,#10950);
#10948 = CARTESIAN_POINT('',(240.47499866642,-72.28750133357,1.6));
#10949 = DIRECTION('',(0.,0.,1.));
#10950 = DIRECTION('',(0.999999999996,2.667139219464E-06,-0.));
#10951 = ORIENTED_EDGE('',*,*,#10952,.F.);
#10952 = EDGE_CURVE('',#10953,#10944,#10955,.T.);
#10953 = VERTEX_POINT('',#10954);
#10954 = CARTESIAN_POINT('',(240.975,-85.2875,1.6));
#10955 = LINE('',#10956,#10957);
#10956 = CARTESIAN_POINT('',(240.975,-85.2875,1.6));
#10957 = VECTOR('',#10958,1.);
#10958 = DIRECTION('',(0.,1.,0.));
#10959 = ORIENTED_EDGE('',*,*,#10960,.F.);
#10960 = EDGE_CURVE('',#10961,#10953,#10963,.T.);
#10961 = VERTEX_POINT('',#10962);
#10962 = CARTESIAN_POINT('',(240.475,-85.7875,1.6));
#10963 = CIRCLE('',#10964,0.500001333575);
#10964 = AXIS2_PLACEMENT_3D('',#10965,#10966,#10967);
#10965 = CARTESIAN_POINT('',(240.47499866642,-85.28749866642,1.6));
#10966 = DIRECTION('',(0.,0.,1.));
#10967 = DIRECTION('',(2.667139191043E-06,-0.999999999996,0.));
#10968 = ORIENTED_EDGE('',*,*,#10969,.F.);
#10969 = EDGE_CURVE('',#10970,#10961,#10972,.T.);
#10970 = VERTEX_POINT('',#10971);
#10971 = CARTESIAN_POINT('',(227.475,-85.7875,1.6));
#10972 = LINE('',#10973,#10974);
#10973 = CARTESIAN_POINT('',(227.475,-85.7875,1.6));
#10974 = VECTOR('',#10975,1.);
#10975 = DIRECTION('',(1.,0.,0.));
#10976 = ORIENTED_EDGE('',*,*,#10977,.F.);
#10977 = EDGE_CURVE('',#10978,#10970,#10980,.T.);
#10978 = VERTEX_POINT('',#10979);
#10979 = CARTESIAN_POINT('',(226.975,-85.2875,1.6));
#10980 = CIRCLE('',#10981,0.500001333575);
#10981 = AXIS2_PLACEMENT_3D('',#10982,#10983,#10984);
#10982 = CARTESIAN_POINT('',(227.47500133357,-85.28749866642,1.6));
#10983 = DIRECTION('',(0.,0.,1.));
#10984 = DIRECTION('',(-0.999999999996,-2.667139134199E-06,0.));
#10985 = ORIENTED_EDGE('',*,*,#10986,.F.);
#10986 = EDGE_CURVE('',#10927,#10978,#10987,.T.);
#10987 = LINE('',#10988,#10989);
#10988 = CARTESIAN_POINT('',(226.975,-72.2875,1.6));
#10989 = VECTOR('',#10990,1.);
#10990 = DIRECTION('',(0.,-1.,0.));
#10991 = FACE_BOUND('',#10992,.T.);
#10992 = EDGE_LOOP('',(#10993,#11004,#11012,#11021,#11029,#11038,#11046,
    #11055));
#10993 = ORIENTED_EDGE('',*,*,#10994,.F.);
#10994 = EDGE_CURVE('',#10995,#10997,#10999,.T.);
#10995 = VERTEX_POINT('',#10996);
#10996 = CARTESIAN_POINT('',(246.575,-71.7875,1.6));
#10997 = VERTEX_POINT('',#10998);
#10998 = CARTESIAN_POINT('',(246.075,-72.2875,1.6));
#10999 = CIRCLE('',#11000,0.500001333575);
#11000 = AXIS2_PLACEMENT_3D('',#11001,#11002,#11003);
#11001 = CARTESIAN_POINT('',(246.57500133357,-72.28750133357,1.6));
#11002 = DIRECTION('',(0.,0.,1.));
#11003 = DIRECTION('',(-2.667139304729E-06,0.999999999996,0.));
#11004 = ORIENTED_EDGE('',*,*,#11005,.F.);
#11005 = EDGE_CURVE('',#11006,#10995,#11008,.T.);
#11006 = VERTEX_POINT('',#11007);
#11007 = CARTESIAN_POINT('',(259.575,-71.7875,1.6));
#11008 = LINE('',#11009,#11010);
#11009 = CARTESIAN_POINT('',(259.575,-71.7875,1.6));
#11010 = VECTOR('',#11011,1.);
#11011 = DIRECTION('',(-1.,0.,0.));
#11012 = ORIENTED_EDGE('',*,*,#11013,.F.);
#11013 = EDGE_CURVE('',#11014,#11006,#11016,.T.);
#11014 = VERTEX_POINT('',#11015);
#11015 = CARTESIAN_POINT('',(260.075,-72.2875,1.6));
#11016 = CIRCLE('',#11017,0.500001333575);
#11017 = AXIS2_PLACEMENT_3D('',#11018,#11019,#11020);
#11018 = CARTESIAN_POINT('',(259.57499866642,-72.28750133357,1.6));
#11019 = DIRECTION('',(0.,0.,1.));
#11020 = DIRECTION('',(0.999999999996,2.667139105778E-06,-0.));
#11021 = ORIENTED_EDGE('',*,*,#11022,.F.);
#11022 = EDGE_CURVE('',#11023,#11014,#11025,.T.);
#11023 = VERTEX_POINT('',#11024);
#11024 = CARTESIAN_POINT('',(260.075,-85.2875,1.6));
#11025 = LINE('',#11026,#11027);
#11026 = CARTESIAN_POINT('',(260.075,-85.2875,1.6));
#11027 = VECTOR('',#11028,1.);
#11028 = DIRECTION('',(0.,1.,0.));
#11029 = ORIENTED_EDGE('',*,*,#11030,.F.);
#11030 = EDGE_CURVE('',#11031,#11023,#11033,.T.);
#11031 = VERTEX_POINT('',#11032);
#11032 = CARTESIAN_POINT('',(259.575,-85.7875,1.6));
#11033 = CIRCLE('',#11034,0.500001333575);
#11034 = AXIS2_PLACEMENT_3D('',#11035,#11036,#11037);
#11035 = CARTESIAN_POINT('',(259.57499866642,-85.28749866642,1.6));
#11036 = DIRECTION('',(0.,0.,1.));
#11037 = DIRECTION('',(2.667139077356E-06,-0.999999999996,0.));
#11038 = ORIENTED_EDGE('',*,*,#11039,.F.);
#11039 = EDGE_CURVE('',#11040,#11031,#11042,.T.);
#11040 = VERTEX_POINT('',#11041);
#11041 = CARTESIAN_POINT('',(246.575,-85.7875,1.6));
#11042 = LINE('',#11043,#11044);
#11043 = CARTESIAN_POINT('',(246.575,-85.7875,1.6));
#11044 = VECTOR('',#11045,1.);
#11045 = DIRECTION('',(1.,0.,0.));
#11046 = ORIENTED_EDGE('',*,*,#11047,.F.);
#11047 = EDGE_CURVE('',#11048,#11040,#11050,.T.);
#11048 = VERTEX_POINT('',#11049);
#11049 = CARTESIAN_POINT('',(246.075,-85.2875,1.6));
#11050 = CIRCLE('',#11051,0.500001333575);
#11051 = AXIS2_PLACEMENT_3D('',#11052,#11053,#11054);
#11052 = CARTESIAN_POINT('',(246.57500133357,-85.28749866642,1.6));
#11053 = DIRECTION('',(0.,0.,1.));
#11054 = DIRECTION('',(-0.999999999996,-2.667139247886E-06,0.));
#11055 = ORIENTED_EDGE('',*,*,#11056,.F.);
#11056 = EDGE_CURVE('',#10997,#11048,#11057,.T.);
#11057 = LINE('',#11058,#11059);
#11058 = CARTESIAN_POINT('',(246.075,-72.2875,1.6));
#11059 = VECTOR('',#11060,1.);
#11060 = DIRECTION('',(0.,-1.,0.));
#11061 = FACE_BOUND('',#11062,.T.);
#11062 = EDGE_LOOP('',(#11063,#11074,#11082,#11091,#11099,#11108,#11116,
    #11125));
#11063 = ORIENTED_EDGE('',*,*,#11064,.F.);
#11064 = EDGE_CURVE('',#11065,#11067,#11069,.T.);
#11065 = VERTEX_POINT('',#11066);
#11066 = CARTESIAN_POINT('',(265.675,-71.7875,1.6));
#11067 = VERTEX_POINT('',#11068);
#11068 = CARTESIAN_POINT('',(265.175,-72.2875,1.6));
#11069 = CIRCLE('',#11070,0.500001333575);
#11070 = AXIS2_PLACEMENT_3D('',#11071,#11072,#11073);
#11071 = CARTESIAN_POINT('',(265.67500133357,-72.28750133357,1.6));
#11072 = DIRECTION('',(0.,0.,1.));
#11073 = DIRECTION('',(-2.667139077356E-06,0.999999999996,0.));
#11074 = ORIENTED_EDGE('',*,*,#11075,.F.);
#11075 = EDGE_CURVE('',#11076,#11065,#11078,.T.);
#11076 = VERTEX_POINT('',#11077);
#11077 = CARTESIAN_POINT('',(278.675,-71.7875,1.6));
#11078 = LINE('',#11079,#11080);
#11079 = CARTESIAN_POINT('',(278.675,-71.7875,1.6));
#11080 = VECTOR('',#11081,1.);
#11081 = DIRECTION('',(-1.,0.,0.));
#11082 = ORIENTED_EDGE('',*,*,#11083,.F.);
#11083 = EDGE_CURVE('',#11084,#11076,#11086,.T.);
#11084 = VERTEX_POINT('',#11085);
#11085 = CARTESIAN_POINT('',(279.175,-72.2875,1.6));
#11086 = CIRCLE('',#11087,0.500001333575);
#11087 = AXIS2_PLACEMENT_3D('',#11088,#11089,#11090);
#11088 = CARTESIAN_POINT('',(278.67499866642,-72.28750133357,1.6));
#11089 = DIRECTION('',(0.,0.,1.));
#11090 = DIRECTION('',(0.999999999996,2.667139304729E-06,-0.));
#11091 = ORIENTED_EDGE('',*,*,#11092,.F.);
#11092 = EDGE_CURVE('',#11093,#11084,#11095,.T.);
#11093 = VERTEX_POINT('',#11094);
#11094 = CARTESIAN_POINT('',(279.175,-85.2875,1.6));
#11095 = LINE('',#11096,#11097);
#11096 = CARTESIAN_POINT('',(279.175,-85.2875,1.6));
#11097 = VECTOR('',#11098,1.);
#11098 = DIRECTION('',(0.,1.,0.));
#11099 = ORIENTED_EDGE('',*,*,#11100,.F.);
#11100 = EDGE_CURVE('',#11101,#11093,#11103,.T.);
#11101 = VERTEX_POINT('',#11102);
#11102 = CARTESIAN_POINT('',(278.675,-85.7875,1.6));
#11103 = CIRCLE('',#11104,0.500001333575);
#11104 = AXIS2_PLACEMENT_3D('',#11105,#11106,#11107);
#11105 = CARTESIAN_POINT('',(278.67499866642,-85.28749866642,1.6));
#11106 = DIRECTION('',(0.,0.,1.));
#11107 = DIRECTION('',(2.667139191042E-06,-0.999999999996,0.));
#11108 = ORIENTED_EDGE('',*,*,#11109,.F.);
#11109 = EDGE_CURVE('',#11110,#11101,#11112,.T.);
#11110 = VERTEX_POINT('',#11111);
#11111 = CARTESIAN_POINT('',(265.675,-85.7875,1.6));
#11112 = LINE('',#11113,#11114);
#11113 = CARTESIAN_POINT('',(265.675,-85.7875,1.6));
#11114 = VECTOR('',#11115,1.);
#11115 = DIRECTION('',(1.,0.,0.));
#11116 = ORIENTED_EDGE('',*,*,#11117,.F.);
#11117 = EDGE_CURVE('',#11118,#11110,#11120,.T.);
#11118 = VERTEX_POINT('',#11119);
#11119 = CARTESIAN_POINT('',(265.175,-85.2875,1.6));
#11120 = CIRCLE('',#11121,0.500001333575);
#11121 = AXIS2_PLACEMENT_3D('',#11122,#11123,#11124);
#11122 = CARTESIAN_POINT('',(265.67500133357,-85.28749866642,1.6));
#11123 = DIRECTION('',(0.,0.,1.));
#11124 = DIRECTION('',(-0.999999999996,-2.667139048935E-06,0.));
#11125 = ORIENTED_EDGE('',*,*,#11126,.F.);
#11126 = EDGE_CURVE('',#11067,#11118,#11127,.T.);
#11127 = LINE('',#11128,#11129);
#11128 = CARTESIAN_POINT('',(265.175,-72.2875,1.6));
#11129 = VECTOR('',#11130,1.);
#11130 = DIRECTION('',(0.,-1.,0.));
#11131 = FACE_BOUND('',#11132,.T.);
#11132 = EDGE_LOOP('',(#11133,#11144,#11152,#11161,#11169,#11178,#11186,
    #11195));
#11133 = ORIENTED_EDGE('',*,*,#11134,.F.);
#11134 = EDGE_CURVE('',#11135,#11137,#11139,.T.);
#11135 = VERTEX_POINT('',#11136);
#11136 = CARTESIAN_POINT('',(284.775,-71.7875,1.6));
#11137 = VERTEX_POINT('',#11138);
#11138 = CARTESIAN_POINT('',(284.275,-72.2875,1.6));
#11139 = CIRCLE('',#11140,0.500001333575);
#11140 = AXIS2_PLACEMENT_3D('',#11141,#11142,#11143);
#11141 = CARTESIAN_POINT('',(284.77500133357,-72.28750133357,1.6));
#11142 = DIRECTION('',(0.,0.,1.));
#11143 = DIRECTION('',(-2.667139304729E-06,0.999999999996,0.));
#11144 = ORIENTED_EDGE('',*,*,#11145,.F.);
#11145 = EDGE_CURVE('',#11146,#11135,#11148,.T.);
#11146 = VERTEX_POINT('',#11147);
#11147 = CARTESIAN_POINT('',(297.775,-71.7875,1.6));
#11148 = LINE('',#11149,#11150);
#11149 = CARTESIAN_POINT('',(297.775,-71.7875,1.6));
#11150 = VECTOR('',#11151,1.);
#11151 = DIRECTION('',(-1.,0.,0.));
#11152 = ORIENTED_EDGE('',*,*,#11153,.F.);
#11153 = EDGE_CURVE('',#11154,#11146,#11156,.T.);
#11154 = VERTEX_POINT('',#11155);
#11155 = CARTESIAN_POINT('',(298.275,-72.2875,1.6));
#11156 = CIRCLE('',#11157,0.500001333575);
#11157 = AXIS2_PLACEMENT_3D('',#11158,#11159,#11160);
#11158 = CARTESIAN_POINT('',(297.77499866642,-72.28750133357,1.6));
#11159 = DIRECTION('',(0.,0.,1.));
#11160 = DIRECTION('',(0.999999999996,2.667139105778E-06,-0.));
#11161 = ORIENTED_EDGE('',*,*,#11162,.F.);
#11162 = EDGE_CURVE('',#11163,#11154,#11165,.T.);
#11163 = VERTEX_POINT('',#11164);
#11164 = CARTESIAN_POINT('',(298.275,-85.2875,1.6));
#11165 = LINE('',#11166,#11167);
#11166 = CARTESIAN_POINT('',(298.275,-85.2875,1.6));
#11167 = VECTOR('',#11168,1.);
#11168 = DIRECTION('',(0.,1.,0.));
#11169 = ORIENTED_EDGE('',*,*,#11170,.F.);
#11170 = EDGE_CURVE('',#11171,#11163,#11173,.T.);
#11171 = VERTEX_POINT('',#11172);
#11172 = CARTESIAN_POINT('',(297.775,-85.7875,1.6));
#11173 = CIRCLE('',#11174,0.500001333575);
#11174 = AXIS2_PLACEMENT_3D('',#11175,#11176,#11177);
#11175 = CARTESIAN_POINT('',(297.77499866642,-85.28749866642,1.6));
#11176 = DIRECTION('',(0.,0.,1.));
#11177 = DIRECTION('',(2.667139077356E-06,-0.999999999996,0.));
#11178 = ORIENTED_EDGE('',*,*,#11179,.F.);
#11179 = EDGE_CURVE('',#11180,#11171,#11182,.T.);
#11180 = VERTEX_POINT('',#11181);
#11181 = CARTESIAN_POINT('',(284.775,-85.7875,1.6));
#11182 = LINE('',#11183,#11184);
#11183 = CARTESIAN_POINT('',(284.775,-85.7875,1.6));
#11184 = VECTOR('',#11185,1.);
#11185 = DIRECTION('',(1.,0.,0.));
#11186 = ORIENTED_EDGE('',*,*,#11187,.F.);
#11187 = EDGE_CURVE('',#11188,#11180,#11190,.T.);
#11188 = VERTEX_POINT('',#11189);
#11189 = CARTESIAN_POINT('',(284.275,-85.2875,1.6));
#11190 = CIRCLE('',#11191,0.500001333575);
#11191 = AXIS2_PLACEMENT_3D('',#11192,#11193,#11194);
#11192 = CARTESIAN_POINT('',(284.77500133357,-85.28749866642,1.6));
#11193 = DIRECTION('',(0.,0.,1.));
#11194 = DIRECTION('',(-0.999999999996,-2.667139247885E-06,0.));
#11195 = ORIENTED_EDGE('',*,*,#11196,.F.);
#11196 = EDGE_CURVE('',#11137,#11188,#11197,.T.);
#11197 = LINE('',#11198,#11199);
#11198 = CARTESIAN_POINT('',(284.275,-72.2875,1.6));
#11199 = VECTOR('',#11200,1.);
#11200 = DIRECTION('',(0.,-1.,0.));
#11201 = FACE_BOUND('',#11202,.T.);
#11202 = EDGE_LOOP('',(#11203,#11214,#11222,#11231,#11239,#11248,#11256,
    #11264,#11273,#11281,#11290,#11298,#11306,#11314,#11323,#11331,
    #11340,#11348,#11356,#11365));
#11203 = ORIENTED_EDGE('',*,*,#11204,.F.);
#11204 = EDGE_CURVE('',#11205,#11207,#11209,.T.);
#11205 = VERTEX_POINT('',#11206);
#11206 = CARTESIAN_POINT('',(303.875,-71.7875,1.6));
#11207 = VERTEX_POINT('',#11208);
#11208 = CARTESIAN_POINT('',(303.375,-72.2875,1.6));
#11209 = CIRCLE('',#11210,0.500001333575);
#11210 = AXIS2_PLACEMENT_3D('',#11211,#11212,#11213);
#11211 = CARTESIAN_POINT('',(303.87500133357,-72.28750133357,1.6));
#11212 = DIRECTION('',(0.,0.,1.));
#11213 = DIRECTION('',(-2.667139304729E-06,0.999999999996,0.));
#11214 = ORIENTED_EDGE('',*,*,#11215,.F.);
#11215 = EDGE_CURVE('',#11216,#11205,#11218,.T.);
#11216 = VERTEX_POINT('',#11217);
#11217 = CARTESIAN_POINT('',(335.975,-71.7875,1.6));
#11218 = LINE('',#11219,#11220);
#11219 = CARTESIAN_POINT('',(335.975,-71.7875,1.6));
#11220 = VECTOR('',#11221,1.);
#11221 = DIRECTION('',(-1.,0.,0.));
#11222 = ORIENTED_EDGE('',*,*,#11223,.F.);
#11223 = EDGE_CURVE('',#11224,#11216,#11226,.T.);
#11224 = VERTEX_POINT('',#11225);
#11225 = CARTESIAN_POINT('',(336.475,-72.2875,1.6));
#11226 = CIRCLE('',#11227,0.500001333575);
#11227 = AXIS2_PLACEMENT_3D('',#11228,#11229,#11230);
#11228 = CARTESIAN_POINT('',(335.97499866642,-72.28750133357,1.6));
#11229 = DIRECTION('',(0.,0.,1.));
#11230 = DIRECTION('',(0.999999999996,2.667139304729E-06,-0.));
#11231 = ORIENTED_EDGE('',*,*,#11232,.F.);
#11232 = EDGE_CURVE('',#11233,#11224,#11235,.T.);
#11233 = VERTEX_POINT('',#11234);
#11234 = CARTESIAN_POINT('',(336.475,-85.2875,1.6));
#11235 = LINE('',#11236,#11237);
#11236 = CARTESIAN_POINT('',(336.475,-85.2875,1.6));
#11237 = VECTOR('',#11238,1.);
#11238 = DIRECTION('',(0.,1.,0.));
#11239 = ORIENTED_EDGE('',*,*,#11240,.F.);
#11240 = EDGE_CURVE('',#11241,#11233,#11243,.T.);
#11241 = VERTEX_POINT('',#11242);
#11242 = CARTESIAN_POINT('',(335.975,-85.7875,1.6));
#11243 = CIRCLE('',#11244,0.500001333575);
#11244 = AXIS2_PLACEMENT_3D('',#11245,#11246,#11247);
#11245 = CARTESIAN_POINT('',(335.97499866642,-85.28749866642,1.6));
#11246 = DIRECTION('',(0.,0.,1.));
#11247 = DIRECTION('',(2.667139304729E-06,-0.999999999996,0.));
#11248 = ORIENTED_EDGE('',*,*,#11249,.F.);
#11249 = EDGE_CURVE('',#11250,#11241,#11252,.T.);
#11250 = VERTEX_POINT('',#11251);
#11251 = CARTESIAN_POINT('',(335.363,-85.7875,1.6));
#11252 = LINE('',#11253,#11254);
#11253 = CARTESIAN_POINT('',(335.363,-85.7875,1.6));
#11254 = VECTOR('',#11255,1.);
#11255 = DIRECTION('',(1.,0.,0.));
#11256 = ORIENTED_EDGE('',*,*,#11257,.F.);
#11257 = EDGE_CURVE('',#11258,#11250,#11260,.T.);
#11258 = VERTEX_POINT('',#11259);
#11259 = CARTESIAN_POINT('',(335.363,-86.2875,1.6));
#11260 = LINE('',#11261,#11262);
#11261 = CARTESIAN_POINT('',(335.363,-86.2875,1.6));
#11262 = VECTOR('',#11263,1.);
#11263 = DIRECTION('',(0.,1.,0.));
#11264 = ORIENTED_EDGE('',*,*,#11265,.F.);
#11265 = EDGE_CURVE('',#11266,#11258,#11268,.T.);
#11266 = VERTEX_POINT('',#11267);
#11267 = CARTESIAN_POINT('',(334.863,-86.7875,1.6));
#11268 = CIRCLE('',#11269,0.500001333575);
#11269 = AXIS2_PLACEMENT_3D('',#11270,#11271,#11272);
#11270 = CARTESIAN_POINT('',(334.86299866642,-86.28749866642,1.6));
#11271 = DIRECTION('',(0.,0.,1.));
#11272 = DIRECTION('',(2.667139191042E-06,-0.999999999996,0.));
#11273 = ORIENTED_EDGE('',*,*,#11274,.F.);
#11274 = EDGE_CURVE('',#11275,#11266,#11277,.T.);
#11275 = VERTEX_POINT('',#11276);
#11276 = CARTESIAN_POINT('',(328.863,-86.7875,1.6));
#11277 = LINE('',#11278,#11279);
#11278 = CARTESIAN_POINT('',(328.863,-86.7875,1.6));
#11279 = VECTOR('',#11280,1.);
#11280 = DIRECTION('',(1.,0.,0.));
#11281 = ORIENTED_EDGE('',*,*,#11282,.F.);
#11282 = EDGE_CURVE('',#11283,#11275,#11285,.T.);
#11283 = VERTEX_POINT('',#11284);
#11284 = CARTESIAN_POINT('',(328.363,-86.2875,1.6));
#11285 = CIRCLE('',#11286,0.500001333575);
#11286 = AXIS2_PLACEMENT_3D('',#11287,#11288,#11289);
#11287 = CARTESIAN_POINT('',(328.86300133357,-86.28749866642,1.6));
#11288 = DIRECTION('',(0.,0.,1.));
#11289 = DIRECTION('',(-0.999999999996,-2.667139247886E-06,0.));
#11290 = ORIENTED_EDGE('',*,*,#11291,.F.);
#11291 = EDGE_CURVE('',#11292,#11283,#11294,.T.);
#11292 = VERTEX_POINT('',#11293);
#11293 = CARTESIAN_POINT('',(328.363,-85.7875,1.6));
#11294 = LINE('',#11295,#11296);
#11295 = CARTESIAN_POINT('',(328.363,-85.7875,1.6));
#11296 = VECTOR('',#11297,1.);
#11297 = DIRECTION('',(0.,-1.,0.));
#11298 = ORIENTED_EDGE('',*,*,#11299,.F.);
#11299 = EDGE_CURVE('',#11300,#11292,#11302,.T.);
#11300 = VERTEX_POINT('',#11301);
#11301 = CARTESIAN_POINT('',(311.487,-85.7875,1.6));
#11302 = LINE('',#11303,#11304);
#11303 = CARTESIAN_POINT('',(311.487,-85.7875,1.6));
#11304 = VECTOR('',#11305,1.);
#11305 = DIRECTION('',(1.,0.,0.));
#11306 = ORIENTED_EDGE('',*,*,#11307,.F.);
#11307 = EDGE_CURVE('',#11308,#11300,#11310,.T.);
#11308 = VERTEX_POINT('',#11309);
#11309 = CARTESIAN_POINT('',(311.487,-86.2875,1.6));
#11310 = LINE('',#11311,#11312);
#11311 = CARTESIAN_POINT('',(311.487,-86.2875,1.6));
#11312 = VECTOR('',#11313,1.);
#11313 = DIRECTION('',(0.,1.,0.));
#11314 = ORIENTED_EDGE('',*,*,#11315,.F.);
#11315 = EDGE_CURVE('',#11316,#11308,#11318,.T.);
#11316 = VERTEX_POINT('',#11317);
#11317 = CARTESIAN_POINT('',(310.987,-86.7875,1.6));
#11318 = CIRCLE('',#11319,0.500001333575);
#11319 = AXIS2_PLACEMENT_3D('',#11320,#11321,#11322);
#11320 = CARTESIAN_POINT('',(310.98699866642,-86.28749866642,1.6));
#11321 = DIRECTION('',(0.,0.,1.));
#11322 = DIRECTION('',(2.667139191042E-06,-0.999999999996,0.));
#11323 = ORIENTED_EDGE('',*,*,#11324,.F.);
#11324 = EDGE_CURVE('',#11325,#11316,#11327,.T.);
#11325 = VERTEX_POINT('',#11326);
#11326 = CARTESIAN_POINT('',(304.987,-86.7875,1.6));
#11327 = LINE('',#11328,#11329);
#11328 = CARTESIAN_POINT('',(304.987,-86.7875,1.6));
#11329 = VECTOR('',#11330,1.);
#11330 = DIRECTION('',(1.,0.,0.));
#11331 = ORIENTED_EDGE('',*,*,#11332,.F.);
#11332 = EDGE_CURVE('',#11333,#11325,#11335,.T.);
#11333 = VERTEX_POINT('',#11334);
#11334 = CARTESIAN_POINT('',(304.487,-86.2875,1.6));
#11335 = CIRCLE('',#11336,0.500001333575);
#11336 = AXIS2_PLACEMENT_3D('',#11337,#11338,#11339);
#11337 = CARTESIAN_POINT('',(304.98700133357,-86.28749866642,1.6));
#11338 = DIRECTION('',(0.,0.,1.));
#11339 = DIRECTION('',(-0.999999999996,-2.667139048935E-06,0.));
#11340 = ORIENTED_EDGE('',*,*,#11341,.F.);
#11341 = EDGE_CURVE('',#11342,#11333,#11344,.T.);
#11342 = VERTEX_POINT('',#11343);
#11343 = CARTESIAN_POINT('',(304.487,-85.7875,1.6));
#11344 = LINE('',#11345,#11346);
#11345 = CARTESIAN_POINT('',(304.487,-85.7875,1.6));
#11346 = VECTOR('',#11347,1.);
#11347 = DIRECTION('',(0.,-1.,0.));
#11348 = ORIENTED_EDGE('',*,*,#11349,.F.);
#11349 = EDGE_CURVE('',#11350,#11342,#11352,.T.);
#11350 = VERTEX_POINT('',#11351);
#11351 = CARTESIAN_POINT('',(303.875,-85.7875,1.6));
#11352 = LINE('',#11353,#11354);
#11353 = CARTESIAN_POINT('',(303.875,-85.7875,1.6));
#11354 = VECTOR('',#11355,1.);
#11355 = DIRECTION('',(1.,0.,0.));
#11356 = ORIENTED_EDGE('',*,*,#11357,.F.);
#11357 = EDGE_CURVE('',#11358,#11350,#11360,.T.);
#11358 = VERTEX_POINT('',#11359);
#11359 = CARTESIAN_POINT('',(303.375,-85.2875,1.6));
#11360 = CIRCLE('',#11361,0.500001333575);
#11361 = AXIS2_PLACEMENT_3D('',#11362,#11363,#11364);
#11362 = CARTESIAN_POINT('',(303.87500133357,-85.28749866642,1.6));
#11363 = DIRECTION('',(0.,0.,1.));
#11364 = DIRECTION('',(-0.999999999996,-2.667139247885E-06,0.));
#11365 = ORIENTED_EDGE('',*,*,#11366,.F.);
#11366 = EDGE_CURVE('',#11207,#11358,#11367,.T.);
#11367 = LINE('',#11368,#11369);
#11368 = CARTESIAN_POINT('',(303.375,-72.2875,1.6));
#11369 = VECTOR('',#11370,1.);
#11370 = DIRECTION('',(0.,-1.,0.));
#11371 = FACE_BOUND('',#11372,.T.);
#11372 = EDGE_LOOP('',(#11373,#11384,#11392,#11401,#11409,#11418,#11426,
    #11435));
#11373 = ORIENTED_EDGE('',*,*,#11374,.F.);
#11374 = EDGE_CURVE('',#11375,#11377,#11379,.T.);
#11375 = VERTEX_POINT('',#11376);
#11376 = CARTESIAN_POINT('',(342.075,-71.7875,1.6));
#11377 = VERTEX_POINT('',#11378);
#11378 = CARTESIAN_POINT('',(341.575,-72.2875,1.6));
#11379 = CIRCLE('',#11380,0.500001333575);
#11380 = AXIS2_PLACEMENT_3D('',#11381,#11382,#11383);
#11381 = CARTESIAN_POINT('',(342.07500133357,-72.28750133357,1.6));
#11382 = DIRECTION('',(0.,0.,1.));
#11383 = DIRECTION('',(-2.667139191042E-06,0.999999999996,0.));
#11384 = ORIENTED_EDGE('',*,*,#11385,.F.);
#11385 = EDGE_CURVE('',#11386,#11375,#11388,.T.);
#11386 = VERTEX_POINT('',#11387);
#11387 = CARTESIAN_POINT('',(355.075,-71.7875,1.6));
#11388 = LINE('',#11389,#11390);
#11389 = CARTESIAN_POINT('',(355.075,-71.7875,1.6));
#11390 = VECTOR('',#11391,1.);
#11391 = DIRECTION('',(-1.,0.,0.));
#11392 = ORIENTED_EDGE('',*,*,#11393,.F.);
#11393 = EDGE_CURVE('',#11394,#11386,#11396,.T.);
#11394 = VERTEX_POINT('',#11395);
#11395 = CARTESIAN_POINT('',(355.575,-72.2875,1.6));
#11396 = CIRCLE('',#11397,0.500001333575);
#11397 = AXIS2_PLACEMENT_3D('',#11398,#11399,#11400);
#11398 = CARTESIAN_POINT('',(355.07499866642,-72.28750133357,1.6));
#11399 = DIRECTION('',(0.,0.,1.));
#11400 = DIRECTION('',(0.999999999996,2.667139105778E-06,-0.));
#11401 = ORIENTED_EDGE('',*,*,#11402,.F.);
#11402 = EDGE_CURVE('',#11403,#11394,#11405,.T.);
#11403 = VERTEX_POINT('',#11404);
#11404 = CARTESIAN_POINT('',(355.575,-85.2875,1.6));
#11405 = LINE('',#11406,#11407);
#11406 = CARTESIAN_POINT('',(355.575,-85.2875,1.6));
#11407 = VECTOR('',#11408,1.);
#11408 = DIRECTION('',(0.,1.,0.));
#11409 = ORIENTED_EDGE('',*,*,#11410,.F.);
#11410 = EDGE_CURVE('',#11411,#11403,#11413,.T.);
#11411 = VERTEX_POINT('',#11412);
#11412 = CARTESIAN_POINT('',(355.075,-85.7875,1.6));
#11413 = CIRCLE('',#11414,0.500001333575);
#11414 = AXIS2_PLACEMENT_3D('',#11415,#11416,#11417);
#11415 = CARTESIAN_POINT('',(355.07499866642,-85.28749866642,1.6));
#11416 = DIRECTION('',(0.,0.,1.));
#11417 = DIRECTION('',(2.667139077356E-06,-0.999999999996,0.));
#11418 = ORIENTED_EDGE('',*,*,#11419,.F.);
#11419 = EDGE_CURVE('',#11420,#11411,#11422,.T.);
#11420 = VERTEX_POINT('',#11421);
#11421 = CARTESIAN_POINT('',(342.075,-85.7875,1.6));
#11422 = LINE('',#11423,#11424);
#11423 = CARTESIAN_POINT('',(342.075,-85.7875,1.6));
#11424 = VECTOR('',#11425,1.);
#11425 = DIRECTION('',(1.,0.,0.));
#11426 = ORIENTED_EDGE('',*,*,#11427,.F.);
#11427 = EDGE_CURVE('',#11428,#11420,#11430,.T.);
#11428 = VERTEX_POINT('',#11429);
#11429 = CARTESIAN_POINT('',(341.575,-85.2875,1.6));
#11430 = CIRCLE('',#11431,0.500001333575);
#11431 = AXIS2_PLACEMENT_3D('',#11432,#11433,#11434);
#11432 = CARTESIAN_POINT('',(342.07500133357,-85.28749866642,1.6));
#11433 = DIRECTION('',(0.,0.,1.));
#11434 = DIRECTION('',(-0.999999999996,-2.667139247886E-06,0.));
#11435 = ORIENTED_EDGE('',*,*,#11436,.F.);
#11436 = EDGE_CURVE('',#11377,#11428,#11437,.T.);
#11437 = LINE('',#11438,#11439);
#11438 = CARTESIAN_POINT('',(341.575,-72.2875,1.6));
#11439 = VECTOR('',#11440,1.);
#11440 = DIRECTION('',(0.,-1.,0.));
#11441 = FACE_BOUND('',#11442,.T.);
#11442 = EDGE_LOOP('',(#11443));
#11443 = ORIENTED_EDGE('',*,*,#11444,.T.);
#11444 = EDGE_CURVE('',#11445,#11445,#11447,.T.);
#11445 = VERTEX_POINT('',#11446);
#11446 = CARTESIAN_POINT('',(360.5125,-75.6125,1.6));
#11447 = CIRCLE('',#11448,1.6);
#11448 = AXIS2_PLACEMENT_3D('',#11449,#11450,#11451);
#11449 = CARTESIAN_POINT('',(360.5125,-74.0125,1.6));
#11450 = DIRECTION('',(-0.,0.,-1.));
#11451 = DIRECTION('',(-3.552713678801E-14,-1.,0.));
#11452 = PLANE('',#11453);
#11453 = AXIS2_PLACEMENT_3D('',#11454,#11455,#11456);
#11454 = CARTESIAN_POINT('',(0.,0.,1.6));
#11455 = DIRECTION('',(0.,0.,1.));
#11456 = DIRECTION('',(1.,0.,-0.));
#11457 = ADVANCED_FACE('',(#11458),#11469,.T.);
#11458 = FACE_BOUND('',#11459,.T.);
#11459 = EDGE_LOOP('',(#11460,#11466,#11467,#11468));
#11460 = ORIENTED_EDGE('',*,*,#11461,.T.);
#11461 = EDGE_CURVE('',#146,#5805,#11462,.T.);
#11462 = LINE('',#11463,#11464);
#11463 = CARTESIAN_POINT('',(45.3625,-74.0125,0.));
#11464 = VECTOR('',#11465,1.);
#11465 = DIRECTION('',(0.,0.,1.));
#11466 = ORIENTED_EDGE('',*,*,#5804,.T.);
#11467 = ORIENTED_EDGE('',*,*,#81,.F.);
#11468 = ORIENTED_EDGE('',*,*,#145,.F.);
#11469 = CYLINDRICAL_SURFACE('',#11470,4.77499959086);
#11470 = AXIS2_PLACEMENT_3D('',#11471,#11472,#11473);
#11471 = CARTESIAN_POINT('',(50.13749959086,-74.01249959086,0.));
#11472 = DIRECTION('',(0.,0.,-1.));
#11473 = DIRECTION('',(-1.,-8.568369366582E-08,-0.));
#11474 = ADVANCED_FACE('',(#11475),#11486,.T.);
#11475 = FACE_BOUND('',#11476,.T.);
#11476 = EDGE_LOOP('',(#11477,#11478,#11479,#11485));
#11477 = ORIENTED_EDGE('',*,*,#121,.T.);
#11478 = ORIENTED_EDGE('',*,*,#5838,.T.);
#11479 = ORIENTED_EDGE('',*,*,#11480,.F.);
#11480 = EDGE_CURVE('',#172,#5831,#11481,.T.);
#11481 = LINE('',#11482,#11483);
#11482 = CARTESIAN_POINT('',(360.5125,-171.9,0.));
#11483 = VECTOR('',#11484,1.);
#11484 = DIRECTION('',(0.,0.,1.));
#11485 = ORIENTED_EDGE('',*,*,#179,.F.);
#11486 = CYLINDRICAL_SURFACE('',#11487,4.77499959086);
#11487 = AXIS2_PLACEMENT_3D('',#11488,#11489,#11490);
#11488 = CARTESIAN_POINT('',(360.51250040914,-167.1250004091,0.));
#11489 = DIRECTION('',(0.,0.,-1.));
#11490 = DIRECTION('',(1.,8.568368771363E-08,0.));
#11491 = ADVANCED_FACE('',(#11492),#11503,.T.);
#11492 = FACE_BOUND('',#11493,.T.);
#11493 = EDGE_LOOP('',(#11494,#11500,#11501,#11502));
#11494 = ORIENTED_EDGE('',*,*,#11495,.T.);
#11495 = EDGE_CURVE('',#155,#5814,#11496,.T.);
#11496 = LINE('',#11497,#11498);
#11497 = CARTESIAN_POINT('',(45.3625,-167.125,0.));
#11498 = VECTOR('',#11499,1.);
#11499 = DIRECTION('',(0.,0.,1.));
#11500 = ORIENTED_EDGE('',*,*,#5813,.T.);
#11501 = ORIENTED_EDGE('',*,*,#11461,.F.);
#11502 = ORIENTED_EDGE('',*,*,#154,.F.);
#11503 = PLANE('',#11504);
#11504 = AXIS2_PLACEMENT_3D('',#11505,#11506,#11507);
#11505 = CARTESIAN_POINT('',(45.3625,-167.125,0.));
#11506 = DIRECTION('',(-1.,0.,0.));
#11507 = DIRECTION('',(0.,1.,0.));
#11508 = ADVANCED_FACE('',(#11509),#11520,.T.);
#11509 = FACE_BOUND('',#11510,.T.);
#11510 = EDGE_LOOP('',(#11511,#11512,#11513,#11519));
#11511 = ORIENTED_EDGE('',*,*,#11480,.T.);
#11512 = ORIENTED_EDGE('',*,*,#5830,.T.);
#11513 = ORIENTED_EDGE('',*,*,#11514,.F.);
#11514 = EDGE_CURVE('',#163,#5822,#11515,.T.);
#11515 = LINE('',#11516,#11517);
#11516 = CARTESIAN_POINT('',(50.1375,-171.9,0.));
#11517 = VECTOR('',#11518,1.);
#11518 = DIRECTION('',(0.,0.,1.));
#11519 = ORIENTED_EDGE('',*,*,#171,.F.);
#11520 = PLANE('',#11521);
#11521 = AXIS2_PLACEMENT_3D('',#11522,#11523,#11524);
#11522 = CARTESIAN_POINT('',(360.5125,-171.9,0.));
#11523 = DIRECTION('',(0.,-1.,0.));
#11524 = DIRECTION('',(-1.,0.,0.));
#11525 = ADVANCED_FACE('',(#11526),#11532,.T.);
#11526 = FACE_BOUND('',#11527,.T.);
#11527 = EDGE_LOOP('',(#11528,#11529,#11530,#11531));
#11528 = ORIENTED_EDGE('',*,*,#11514,.T.);
#11529 = ORIENTED_EDGE('',*,*,#5821,.T.);
#11530 = ORIENTED_EDGE('',*,*,#11495,.F.);
#11531 = ORIENTED_EDGE('',*,*,#162,.F.);
#11532 = CYLINDRICAL_SURFACE('',#11533,4.77499959086);
#11533 = AXIS2_PLACEMENT_3D('',#11534,#11535,#11536);
#11534 = CARTESIAN_POINT('',(50.13749959086,-167.1250004091,0.));
#11535 = DIRECTION('',(0.,0.,-1.));
#11536 = DIRECTION('',(8.568369366582E-08,-1.,0.));
#11537 = ADVANCED_FACE('',(#11538),#11549,.F.);
#11538 = FACE_BOUND('',#11539,.T.);
#11539 = EDGE_LOOP('',(#11540,#11541,#11547,#11548));
#11540 = ORIENTED_EDGE('',*,*,#189,.T.);
#11541 = ORIENTED_EDGE('',*,*,#11542,.T.);
#11542 = EDGE_CURVE('',#190,#5849,#11543,.T.);
#11543 = LINE('',#11544,#11545);
#11544 = CARTESIAN_POINT('',(50.1375,-168.725,-4.5E-02));
#11545 = VECTOR('',#11546,1.);
#11546 = DIRECTION('',(0.,0.,1.));
#11547 = ORIENTED_EDGE('',*,*,#5848,.F.);
#11548 = ORIENTED_EDGE('',*,*,#11542,.F.);
#11549 = CYLINDRICAL_SURFACE('',#11550,1.6);
#11550 = AXIS2_PLACEMENT_3D('',#11551,#11552,#11553);
#11551 = CARTESIAN_POINT('',(50.1375,-167.125,-4.5E-02));
#11552 = DIRECTION('',(-0.,-0.,-1.));
#11553 = DIRECTION('',(-0.,-1.,0.));
#11554 = ADVANCED_FACE('',(#11555),#11571,.F.);
#11555 = FACE_BOUND('',#11556,.T.);
#11556 = EDGE_LOOP('',(#11557,#11563,#11564,#11570));
#11557 = ORIENTED_EDGE('',*,*,#11558,.T.);
#11558 = EDGE_CURVE('',#201,#5860,#11559,.T.);
#11559 = LINE('',#11560,#11561);
#11560 = CARTESIAN_POINT('',(57.9625,-148.1875,0.));
#11561 = VECTOR('',#11562,1.);
#11562 = DIRECTION('',(0.,0.,1.));
#11563 = ORIENTED_EDGE('',*,*,#5859,.T.);
#11564 = ORIENTED_EDGE('',*,*,#11565,.F.);
#11565 = EDGE_CURVE('',#203,#5862,#11566,.T.);
#11566 = LINE('',#11567,#11568);
#11567 = CARTESIAN_POINT('',(57.4625,-148.6875,0.));
#11568 = VECTOR('',#11569,1.);
#11569 = DIRECTION('',(0.,0.,1.));
#11570 = ORIENTED_EDGE('',*,*,#200,.F.);
#11571 = CYLINDRICAL_SURFACE('',#11572,0.500001333575);
#11572 = AXIS2_PLACEMENT_3D('',#11573,#11574,#11575);
#11573 = CARTESIAN_POINT('',(57.962501333573,-148.6875013335,0.));
#11574 = DIRECTION('',(-0.,-0.,-1.));
#11575 = DIRECTION('',(-2.667139176832E-06,0.999999999996,0.));
#11576 = ADVANCED_FACE('',(#11577),#11588,.T.);
#11577 = FACE_BOUND('',#11578,.T.);
#11578 = EDGE_LOOP('',(#11579,#11585,#11586,#11587));
#11579 = ORIENTED_EDGE('',*,*,#11580,.T.);
#11580 = EDGE_CURVE('',#212,#5871,#11581,.T.);
#11581 = LINE('',#11582,#11583);
#11582 = CARTESIAN_POINT('',(73.35,-148.1875,0.));
#11583 = VECTOR('',#11584,1.);
#11584 = DIRECTION('',(0.,0.,1.));
#11585 = ORIENTED_EDGE('',*,*,#5870,.T.);
#11586 = ORIENTED_EDGE('',*,*,#11558,.F.);
#11587 = ORIENTED_EDGE('',*,*,#211,.F.);
#11588 = PLANE('',#11589);
#11589 = AXIS2_PLACEMENT_3D('',#11590,#11591,#11592);
#11590 = CARTESIAN_POINT('',(73.35,-148.1875,0.));
#11591 = DIRECTION('',(0.,-1.,0.));
#11592 = DIRECTION('',(-1.,0.,0.));
#11593 = ADVANCED_FACE('',(#11594),#11605,.T.);
#11594 = FACE_BOUND('',#11595,.T.);
#11595 = EDGE_LOOP('',(#11596,#11597,#11598,#11604));
#11596 = ORIENTED_EDGE('',*,*,#11565,.T.);
#11597 = ORIENTED_EDGE('',*,*,#5921,.T.);
#11598 = ORIENTED_EDGE('',*,*,#11599,.F.);
#11599 = EDGE_CURVE('',#254,#5913,#11600,.T.);
#11600 = LINE('',#11601,#11602);
#11601 = CARTESIAN_POINT('',(57.4625,-161.6875,0.));
#11602 = VECTOR('',#11603,1.);
#11603 = DIRECTION('',(0.,0.,1.));
#11604 = ORIENTED_EDGE('',*,*,#262,.F.);
#11605 = PLANE('',#11606);
#11606 = AXIS2_PLACEMENT_3D('',#11607,#11608,#11609);
#11607 = CARTESIAN_POINT('',(57.4625,-148.6875,0.));
#11608 = DIRECTION('',(1.,0.,-0.));
#11609 = DIRECTION('',(0.,-1.,0.));
#11610 = ADVANCED_FACE('',(#11611),#11622,.F.);
#11611 = FACE_BOUND('',#11612,.T.);
#11612 = EDGE_LOOP('',(#11613,#11619,#11620,#11621));
#11613 = ORIENTED_EDGE('',*,*,#11614,.T.);
#11614 = EDGE_CURVE('',#220,#5879,#11615,.T.);
#11615 = LINE('',#11616,#11617);
#11616 = CARTESIAN_POINT('',(73.85,-148.6875,0.));
#11617 = VECTOR('',#11618,1.);
#11618 = DIRECTION('',(0.,0.,1.));
#11619 = ORIENTED_EDGE('',*,*,#5878,.T.);
#11620 = ORIENTED_EDGE('',*,*,#11580,.F.);
#11621 = ORIENTED_EDGE('',*,*,#219,.F.);
#11622 = CYLINDRICAL_SURFACE('',#11623,0.500001333575);
#11623 = AXIS2_PLACEMENT_3D('',#11624,#11625,#11626);
#11624 = CARTESIAN_POINT('',(73.349998666427,-148.6875013335,0.));
#11625 = DIRECTION('',(-0.,-0.,-1.));
#11626 = DIRECTION('',(0.999999999996,2.667139134199E-06,-0.));
#11627 = ADVANCED_FACE('',(#11628),#11639,.F.);
#11628 = FACE_BOUND('',#11629,.T.);
#11629 = EDGE_LOOP('',(#11630,#11631,#11632,#11638));
#11630 = ORIENTED_EDGE('',*,*,#11599,.T.);
#11631 = ORIENTED_EDGE('',*,*,#5912,.T.);
#11632 = ORIENTED_EDGE('',*,*,#11633,.F.);
#11633 = EDGE_CURVE('',#246,#5905,#11634,.T.);
#11634 = LINE('',#11635,#11636);
#11635 = CARTESIAN_POINT('',(57.9625,-162.1875,0.));
#11636 = VECTOR('',#11637,1.);
#11637 = DIRECTION('',(0.,0.,1.));
#11638 = ORIENTED_EDGE('',*,*,#253,.F.);
#11639 = CYLINDRICAL_SURFACE('',#11640,0.500001333575);
#11640 = AXIS2_PLACEMENT_3D('',#11641,#11642,#11643);
#11641 = CARTESIAN_POINT('',(57.962501333573,-161.6874986664,0.));
#11642 = DIRECTION('',(-0.,-0.,-1.));
#11643 = DIRECTION('',(-0.999999999996,-2.667139134199E-06,0.));
#11644 = ADVANCED_FACE('',(#11645),#11656,.T.);
#11645 = FACE_BOUND('',#11646,.T.);
#11646 = EDGE_LOOP('',(#11647,#11653,#11654,#11655));
#11647 = ORIENTED_EDGE('',*,*,#11648,.T.);
#11648 = EDGE_CURVE('',#229,#5888,#11649,.T.);
#11649 = LINE('',#11650,#11651);
#11650 = CARTESIAN_POINT('',(73.85,-161.6875,0.));
#11651 = VECTOR('',#11652,1.);
#11652 = DIRECTION('',(0.,0.,1.));
#11653 = ORIENTED_EDGE('',*,*,#5887,.T.);
#11654 = ORIENTED_EDGE('',*,*,#11614,.F.);
#11655 = ORIENTED_EDGE('',*,*,#228,.F.);
#11656 = PLANE('',#11657);
#11657 = AXIS2_PLACEMENT_3D('',#11658,#11659,#11660);
#11658 = CARTESIAN_POINT('',(73.85,-161.6875,0.));
#11659 = DIRECTION('',(-1.,0.,0.));
#11660 = DIRECTION('',(0.,1.,0.));
#11661 = ADVANCED_FACE('',(#11662),#11673,.T.);
#11662 = FACE_BOUND('',#11663,.T.);
#11663 = EDGE_LOOP('',(#11664,#11665,#11666,#11672));
#11664 = ORIENTED_EDGE('',*,*,#11633,.T.);
#11665 = ORIENTED_EDGE('',*,*,#5904,.T.);
#11666 = ORIENTED_EDGE('',*,*,#11667,.F.);
#11667 = EDGE_CURVE('',#237,#5896,#11668,.T.);
#11668 = LINE('',#11669,#11670);
#11669 = CARTESIAN_POINT('',(73.35,-162.1875,0.));
#11670 = VECTOR('',#11671,1.);
#11671 = DIRECTION('',(0.,0.,1.));
#11672 = ORIENTED_EDGE('',*,*,#245,.F.);
#11673 = PLANE('',#11674);
#11674 = AXIS2_PLACEMENT_3D('',#11675,#11676,#11677);
#11675 = CARTESIAN_POINT('',(57.9625,-162.1875,0.));
#11676 = DIRECTION('',(0.,1.,0.));
#11677 = DIRECTION('',(1.,0.,0.));
#11678 = ADVANCED_FACE('',(#11679),#11685,.F.);
#11679 = FACE_BOUND('',#11680,.T.);
#11680 = EDGE_LOOP('',(#11681,#11682,#11683,#11684));
#11681 = ORIENTED_EDGE('',*,*,#11667,.T.);
#11682 = ORIENTED_EDGE('',*,*,#5895,.T.);
#11683 = ORIENTED_EDGE('',*,*,#11648,.F.);
#11684 = ORIENTED_EDGE('',*,*,#236,.F.);
#11685 = CYLINDRICAL_SURFACE('',#11686,0.500001333575);
#11686 = AXIS2_PLACEMENT_3D('',#11687,#11688,#11689);
#11687 = CARTESIAN_POINT('',(73.349998666427,-161.6874986664,0.));
#11688 = DIRECTION('',(-0.,-0.,-1.));
#11689 = DIRECTION('',(2.667139134199E-06,-0.999999999996,0.));
#11690 = ADVANCED_FACE('',(#11691),#11707,.F.);
#11691 = FACE_BOUND('',#11692,.T.);
#11692 = EDGE_LOOP('',(#11693,#11699,#11700,#11706));
#11693 = ORIENTED_EDGE('',*,*,#11694,.T.);
#11694 = EDGE_CURVE('',#271,#5930,#11695,.T.);
#11695 = LINE('',#11696,#11697);
#11696 = CARTESIAN_POINT('',(81.8375,-148.1875,0.));
#11697 = VECTOR('',#11698,1.);
#11698 = DIRECTION('',(0.,0.,1.));
#11699 = ORIENTED_EDGE('',*,*,#5929,.T.);
#11700 = ORIENTED_EDGE('',*,*,#11701,.F.);
#11701 = EDGE_CURVE('',#273,#5932,#11702,.T.);
#11702 = LINE('',#11703,#11704);
#11703 = CARTESIAN_POINT('',(81.3375,-148.6875,0.));
#11704 = VECTOR('',#11705,1.);
#11705 = DIRECTION('',(0.,0.,1.));
#11706 = ORIENTED_EDGE('',*,*,#270,.F.);
#11707 = CYLINDRICAL_SURFACE('',#11708,0.500001333575);
#11708 = AXIS2_PLACEMENT_3D('',#11709,#11710,#11711);
#11709 = CARTESIAN_POINT('',(81.837501333573,-148.6875013335,0.));
#11710 = DIRECTION('',(-0.,-0.,-1.));
#11711 = DIRECTION('',(-2.667139134199E-06,0.999999999996,0.));
#11712 = ADVANCED_FACE('',(#11713),#11724,.T.);
#11713 = FACE_BOUND('',#11714,.T.);
#11714 = EDGE_LOOP('',(#11715,#11721,#11722,#11723));
#11715 = ORIENTED_EDGE('',*,*,#11716,.T.);
#11716 = EDGE_CURVE('',#282,#5941,#11717,.T.);
#11717 = LINE('',#11718,#11719);
#11718 = CARTESIAN_POINT('',(97.225,-148.1875,0.));
#11719 = VECTOR('',#11720,1.);
#11720 = DIRECTION('',(0.,0.,1.));
#11721 = ORIENTED_EDGE('',*,*,#5940,.T.);
#11722 = ORIENTED_EDGE('',*,*,#11694,.F.);
#11723 = ORIENTED_EDGE('',*,*,#281,.F.);
#11724 = PLANE('',#11725);
#11725 = AXIS2_PLACEMENT_3D('',#11726,#11727,#11728);
#11726 = CARTESIAN_POINT('',(97.225,-148.1875,0.));
#11727 = DIRECTION('',(0.,-1.,0.));
#11728 = DIRECTION('',(-1.,0.,0.));
#11729 = ADVANCED_FACE('',(#11730),#11741,.T.);
#11730 = FACE_BOUND('',#11731,.T.);
#11731 = EDGE_LOOP('',(#11732,#11733,#11734,#11740));
#11732 = ORIENTED_EDGE('',*,*,#11701,.T.);
#11733 = ORIENTED_EDGE('',*,*,#5991,.T.);
#11734 = ORIENTED_EDGE('',*,*,#11735,.F.);
#11735 = EDGE_CURVE('',#324,#5983,#11736,.T.);
#11736 = LINE('',#11737,#11738);
#11737 = CARTESIAN_POINT('',(81.3375,-161.6875,0.));
#11738 = VECTOR('',#11739,1.);
#11739 = DIRECTION('',(0.,0.,1.));
#11740 = ORIENTED_EDGE('',*,*,#332,.F.);
#11741 = PLANE('',#11742);
#11742 = AXIS2_PLACEMENT_3D('',#11743,#11744,#11745);
#11743 = CARTESIAN_POINT('',(81.3375,-148.6875,0.));
#11744 = DIRECTION('',(1.,0.,-0.));
#11745 = DIRECTION('',(0.,-1.,0.));
#11746 = ADVANCED_FACE('',(#11747),#11758,.F.);
#11747 = FACE_BOUND('',#11748,.T.);
#11748 = EDGE_LOOP('',(#11749,#11755,#11756,#11757));
#11749 = ORIENTED_EDGE('',*,*,#11750,.T.);
#11750 = EDGE_CURVE('',#290,#5949,#11751,.T.);
#11751 = LINE('',#11752,#11753);
#11752 = CARTESIAN_POINT('',(97.725,-148.6875,0.));
#11753 = VECTOR('',#11754,1.);
#11754 = DIRECTION('',(0.,0.,1.));
#11755 = ORIENTED_EDGE('',*,*,#5948,.T.);
#11756 = ORIENTED_EDGE('',*,*,#11716,.F.);
#11757 = ORIENTED_EDGE('',*,*,#289,.F.);
#11758 = CYLINDRICAL_SURFACE('',#11759,0.500001333575);
#11759 = AXIS2_PLACEMENT_3D('',#11760,#11761,#11762);
#11760 = CARTESIAN_POINT('',(97.224998666427,-148.6875013335,0.));
#11761 = DIRECTION('',(-0.,-0.,-1.));
#11762 = DIRECTION('',(0.999999999996,2.667139134199E-06,-0.));
#11763 = ADVANCED_FACE('',(#11764),#11775,.F.);
#11764 = FACE_BOUND('',#11765,.T.);
#11765 = EDGE_LOOP('',(#11766,#11767,#11768,#11774));
#11766 = ORIENTED_EDGE('',*,*,#11735,.T.);
#11767 = ORIENTED_EDGE('',*,*,#5982,.T.);
#11768 = ORIENTED_EDGE('',*,*,#11769,.F.);
#11769 = EDGE_CURVE('',#316,#5975,#11770,.T.);
#11770 = LINE('',#11771,#11772);
#11771 = CARTESIAN_POINT('',(81.8375,-162.1875,0.));
#11772 = VECTOR('',#11773,1.);
#11773 = DIRECTION('',(0.,0.,1.));
#11774 = ORIENTED_EDGE('',*,*,#323,.F.);
#11775 = CYLINDRICAL_SURFACE('',#11776,0.500001333575);
#11776 = AXIS2_PLACEMENT_3D('',#11777,#11778,#11779);
#11777 = CARTESIAN_POINT('',(81.837501333573,-161.6874986664,0.));
#11778 = DIRECTION('',(-0.,-0.,-1.));
#11779 = DIRECTION('',(-0.999999999996,-2.667139134199E-06,0.));
#11780 = ADVANCED_FACE('',(#11781),#11792,.T.);
#11781 = FACE_BOUND('',#11782,.T.);
#11782 = EDGE_LOOP('',(#11783,#11789,#11790,#11791));
#11783 = ORIENTED_EDGE('',*,*,#11784,.T.);
#11784 = EDGE_CURVE('',#299,#5958,#11785,.T.);
#11785 = LINE('',#11786,#11787);
#11786 = CARTESIAN_POINT('',(97.725,-161.6875,0.));
#11787 = VECTOR('',#11788,1.);
#11788 = DIRECTION('',(0.,0.,1.));
#11789 = ORIENTED_EDGE('',*,*,#5957,.T.);
#11790 = ORIENTED_EDGE('',*,*,#11750,.F.);
#11791 = ORIENTED_EDGE('',*,*,#298,.F.);
#11792 = PLANE('',#11793);
#11793 = AXIS2_PLACEMENT_3D('',#11794,#11795,#11796);
#11794 = CARTESIAN_POINT('',(97.725,-161.6875,0.));
#11795 = DIRECTION('',(-1.,0.,0.));
#11796 = DIRECTION('',(0.,1.,0.));
#11797 = ADVANCED_FACE('',(#11798),#11809,.T.);
#11798 = FACE_BOUND('',#11799,.T.);
#11799 = EDGE_LOOP('',(#11800,#11801,#11802,#11808));
#11800 = ORIENTED_EDGE('',*,*,#11769,.T.);
#11801 = ORIENTED_EDGE('',*,*,#5974,.T.);
#11802 = ORIENTED_EDGE('',*,*,#11803,.F.);
#11803 = EDGE_CURVE('',#307,#5966,#11804,.T.);
#11804 = LINE('',#11805,#11806);
#11805 = CARTESIAN_POINT('',(97.225,-162.1875,0.));
#11806 = VECTOR('',#11807,1.);
#11807 = DIRECTION('',(0.,0.,1.));
#11808 = ORIENTED_EDGE('',*,*,#315,.F.);
#11809 = PLANE('',#11810);
#11810 = AXIS2_PLACEMENT_3D('',#11811,#11812,#11813);
#11811 = CARTESIAN_POINT('',(81.8375,-162.1875,0.));
#11812 = DIRECTION('',(0.,1.,0.));
#11813 = DIRECTION('',(1.,0.,0.));
#11814 = ADVANCED_FACE('',(#11815),#11821,.F.);
#11815 = FACE_BOUND('',#11816,.T.);
#11816 = EDGE_LOOP('',(#11817,#11818,#11819,#11820));
#11817 = ORIENTED_EDGE('',*,*,#11803,.T.);
#11818 = ORIENTED_EDGE('',*,*,#5965,.T.);
#11819 = ORIENTED_EDGE('',*,*,#11784,.F.);
#11820 = ORIENTED_EDGE('',*,*,#306,.F.);
#11821 = CYLINDRICAL_SURFACE('',#11822,0.500001333575);
#11822 = AXIS2_PLACEMENT_3D('',#11823,#11824,#11825);
#11823 = CARTESIAN_POINT('',(97.224998666427,-161.6874986664,0.));
#11824 = DIRECTION('',(-0.,-0.,-1.));
#11825 = DIRECTION('',(2.667139134199E-06,-0.999999999996,0.));
#11826 = ADVANCED_FACE('',(#11827),#11843,.F.);
#11827 = FACE_BOUND('',#11828,.T.);
#11828 = EDGE_LOOP('',(#11829,#11835,#11836,#11842));
#11829 = ORIENTED_EDGE('',*,*,#11830,.T.);
#11830 = EDGE_CURVE('',#341,#6000,#11831,.T.);
#11831 = LINE('',#11832,#11833);
#11832 = CARTESIAN_POINT('',(105.7125,-148.1875,0.));
#11833 = VECTOR('',#11834,1.);
#11834 = DIRECTION('',(0.,0.,1.));
#11835 = ORIENTED_EDGE('',*,*,#5999,.T.);
#11836 = ORIENTED_EDGE('',*,*,#11837,.F.);
#11837 = EDGE_CURVE('',#343,#6002,#11838,.T.);
#11838 = LINE('',#11839,#11840);
#11839 = CARTESIAN_POINT('',(105.2125,-148.6875,0.));
#11840 = VECTOR('',#11841,1.);
#11841 = DIRECTION('',(0.,0.,1.));
#11842 = ORIENTED_EDGE('',*,*,#340,.F.);
#11843 = CYLINDRICAL_SURFACE('',#11844,0.500001333575);
#11844 = AXIS2_PLACEMENT_3D('',#11845,#11846,#11847);
#11845 = CARTESIAN_POINT('',(105.71250133357,-148.6875013335,0.));
#11846 = DIRECTION('',(-0.,-0.,-1.));
#11847 = DIRECTION('',(-2.667139134199E-06,0.999999999996,0.));
#11848 = ADVANCED_FACE('',(#11849),#11860,.T.);
#11849 = FACE_BOUND('',#11850,.T.);
#11850 = EDGE_LOOP('',(#11851,#11857,#11858,#11859));
#11851 = ORIENTED_EDGE('',*,*,#11852,.T.);
#11852 = EDGE_CURVE('',#352,#6011,#11853,.T.);
#11853 = LINE('',#11854,#11855);
#11854 = CARTESIAN_POINT('',(121.1,-148.1875,0.));
#11855 = VECTOR('',#11856,1.);
#11856 = DIRECTION('',(0.,0.,1.));
#11857 = ORIENTED_EDGE('',*,*,#6010,.T.);
#11858 = ORIENTED_EDGE('',*,*,#11830,.F.);
#11859 = ORIENTED_EDGE('',*,*,#351,.F.);
#11860 = PLANE('',#11861);
#11861 = AXIS2_PLACEMENT_3D('',#11862,#11863,#11864);
#11862 = CARTESIAN_POINT('',(121.1,-148.1875,0.));
#11863 = DIRECTION('',(0.,-1.,0.));
#11864 = DIRECTION('',(-1.,0.,0.));
#11865 = ADVANCED_FACE('',(#11866),#11877,.T.);
#11866 = FACE_BOUND('',#11867,.T.);
#11867 = EDGE_LOOP('',(#11868,#11869,#11870,#11876));
#11868 = ORIENTED_EDGE('',*,*,#11837,.T.);
#11869 = ORIENTED_EDGE('',*,*,#6061,.T.);
#11870 = ORIENTED_EDGE('',*,*,#11871,.F.);
#11871 = EDGE_CURVE('',#394,#6053,#11872,.T.);
#11872 = LINE('',#11873,#11874);
#11873 = CARTESIAN_POINT('',(105.2125,-161.6875,0.));
#11874 = VECTOR('',#11875,1.);
#11875 = DIRECTION('',(0.,0.,1.));
#11876 = ORIENTED_EDGE('',*,*,#402,.F.);
#11877 = PLANE('',#11878);
#11878 = AXIS2_PLACEMENT_3D('',#11879,#11880,#11881);
#11879 = CARTESIAN_POINT('',(105.2125,-148.6875,0.));
#11880 = DIRECTION('',(1.,0.,-0.));
#11881 = DIRECTION('',(0.,-1.,0.));
#11882 = ADVANCED_FACE('',(#11883),#11894,.F.);
#11883 = FACE_BOUND('',#11884,.T.);
#11884 = EDGE_LOOP('',(#11885,#11891,#11892,#11893));
#11885 = ORIENTED_EDGE('',*,*,#11886,.T.);
#11886 = EDGE_CURVE('',#360,#6019,#11887,.T.);
#11887 = LINE('',#11888,#11889);
#11888 = CARTESIAN_POINT('',(121.6,-148.6875,0.));
#11889 = VECTOR('',#11890,1.);
#11890 = DIRECTION('',(0.,0.,1.));
#11891 = ORIENTED_EDGE('',*,*,#6018,.T.);
#11892 = ORIENTED_EDGE('',*,*,#11852,.F.);
#11893 = ORIENTED_EDGE('',*,*,#359,.F.);
#11894 = CYLINDRICAL_SURFACE('',#11895,0.500001333575);
#11895 = AXIS2_PLACEMENT_3D('',#11896,#11897,#11898);
#11896 = CARTESIAN_POINT('',(121.09999866642,-148.6875013335,0.));
#11897 = DIRECTION('',(-0.,-0.,-1.));
#11898 = DIRECTION('',(0.999999999996,2.667139134199E-06,-0.));
#11899 = ADVANCED_FACE('',(#11900),#11911,.F.);
#11900 = FACE_BOUND('',#11901,.T.);
#11901 = EDGE_LOOP('',(#11902,#11903,#11904,#11910));
#11902 = ORIENTED_EDGE('',*,*,#11871,.T.);
#11903 = ORIENTED_EDGE('',*,*,#6052,.T.);
#11904 = ORIENTED_EDGE('',*,*,#11905,.F.);
#11905 = EDGE_CURVE('',#386,#6045,#11906,.T.);
#11906 = LINE('',#11907,#11908);
#11907 = CARTESIAN_POINT('',(105.7125,-162.1875,0.));
#11908 = VECTOR('',#11909,1.);
#11909 = DIRECTION('',(0.,0.,1.));
#11910 = ORIENTED_EDGE('',*,*,#393,.F.);
#11911 = CYLINDRICAL_SURFACE('',#11912,0.500001333575);
#11912 = AXIS2_PLACEMENT_3D('',#11913,#11914,#11915);
#11913 = CARTESIAN_POINT('',(105.71250133357,-161.6874986664,0.));
#11914 = DIRECTION('',(-0.,-0.,-1.));
#11915 = DIRECTION('',(-0.999999999996,-2.667139134199E-06,0.));
#11916 = ADVANCED_FACE('',(#11917),#11928,.T.);
#11917 = FACE_BOUND('',#11918,.T.);
#11918 = EDGE_LOOP('',(#11919,#11925,#11926,#11927));
#11919 = ORIENTED_EDGE('',*,*,#11920,.T.);
#11920 = EDGE_CURVE('',#369,#6028,#11921,.T.);
#11921 = LINE('',#11922,#11923);
#11922 = CARTESIAN_POINT('',(121.6,-161.6875,0.));
#11923 = VECTOR('',#11924,1.);
#11924 = DIRECTION('',(0.,0.,1.));
#11925 = ORIENTED_EDGE('',*,*,#6027,.T.);
#11926 = ORIENTED_EDGE('',*,*,#11886,.F.);
#11927 = ORIENTED_EDGE('',*,*,#368,.F.);
#11928 = PLANE('',#11929);
#11929 = AXIS2_PLACEMENT_3D('',#11930,#11931,#11932);
#11930 = CARTESIAN_POINT('',(121.6,-161.6875,0.));
#11931 = DIRECTION('',(-1.,0.,0.));
#11932 = DIRECTION('',(0.,1.,0.));
#11933 = ADVANCED_FACE('',(#11934),#11945,.T.);
#11934 = FACE_BOUND('',#11935,.T.);
#11935 = EDGE_LOOP('',(#11936,#11937,#11938,#11944));
#11936 = ORIENTED_EDGE('',*,*,#11905,.T.);
#11937 = ORIENTED_EDGE('',*,*,#6044,.T.);
#11938 = ORIENTED_EDGE('',*,*,#11939,.F.);
#11939 = EDGE_CURVE('',#377,#6036,#11940,.T.);
#11940 = LINE('',#11941,#11942);
#11941 = CARTESIAN_POINT('',(121.1,-162.1875,0.));
#11942 = VECTOR('',#11943,1.);
#11943 = DIRECTION('',(0.,0.,1.));
#11944 = ORIENTED_EDGE('',*,*,#385,.F.);
#11945 = PLANE('',#11946);
#11946 = AXIS2_PLACEMENT_3D('',#11947,#11948,#11949);
#11947 = CARTESIAN_POINT('',(105.7125,-162.1875,0.));
#11948 = DIRECTION('',(0.,1.,0.));
#11949 = DIRECTION('',(1.,0.,0.));
#11950 = ADVANCED_FACE('',(#11951),#11957,.F.);
#11951 = FACE_BOUND('',#11952,.T.);
#11952 = EDGE_LOOP('',(#11953,#11954,#11955,#11956));
#11953 = ORIENTED_EDGE('',*,*,#11939,.T.);
#11954 = ORIENTED_EDGE('',*,*,#6035,.T.);
#11955 = ORIENTED_EDGE('',*,*,#11920,.F.);
#11956 = ORIENTED_EDGE('',*,*,#376,.F.);
#11957 = CYLINDRICAL_SURFACE('',#11958,0.500001333575);
#11958 = AXIS2_PLACEMENT_3D('',#11959,#11960,#11961);
#11959 = CARTESIAN_POINT('',(121.09999866642,-161.6874986664,0.));
#11960 = DIRECTION('',(-0.,-0.,-1.));
#11961 = DIRECTION('',(2.667139134199E-06,-0.999999999996,0.));
#11962 = ADVANCED_FACE('',(#11963),#11974,.F.);
#11963 = FACE_BOUND('',#11964,.T.);
#11964 = EDGE_LOOP('',(#11965,#11966,#11972,#11973));
#11965 = ORIENTED_EDGE('',*,*,#410,.T.);
#11966 = ORIENTED_EDGE('',*,*,#11967,.T.);
#11967 = EDGE_CURVE('',#411,#6070,#11968,.T.);
#11968 = LINE('',#11969,#11970);
#11969 = CARTESIAN_POINT('',(128.925,-168.725,-4.5E-02));
#11970 = VECTOR('',#11971,1.);
#11971 = DIRECTION('',(0.,0.,1.));
#11972 = ORIENTED_EDGE('',*,*,#6069,.F.);
#11973 = ORIENTED_EDGE('',*,*,#11967,.F.);
#11974 = CYLINDRICAL_SURFACE('',#11975,1.6);
#11975 = AXIS2_PLACEMENT_3D('',#11976,#11977,#11978);
#11976 = CARTESIAN_POINT('',(128.925,-167.125,-4.5E-02));
#11977 = DIRECTION('',(-0.,-0.,-1.));
#11978 = DIRECTION('',(-0.,-1.,0.));
#11979 = ADVANCED_FACE('',(#11980),#11991,.F.);
#11980 = FACE_BOUND('',#11981,.T.);
#11981 = EDGE_LOOP('',(#11982,#11983,#11989,#11990));
#11982 = ORIENTED_EDGE('',*,*,#421,.T.);
#11983 = ORIENTED_EDGE('',*,*,#11984,.T.);
#11984 = EDGE_CURVE('',#422,#6081,#11985,.T.);
#11985 = LINE('',#11986,#11987);
#11986 = CARTESIAN_POINT('',(205.325,-168.725,-4.5E-02));
#11987 = VECTOR('',#11988,1.);
#11988 = DIRECTION('',(0.,0.,1.));
#11989 = ORIENTED_EDGE('',*,*,#6080,.F.);
#11990 = ORIENTED_EDGE('',*,*,#11984,.F.);
#11991 = CYLINDRICAL_SURFACE('',#11992,1.6);
#11992 = AXIS2_PLACEMENT_3D('',#11993,#11994,#11995);
#11993 = CARTESIAN_POINT('',(205.325,-167.125,-4.5E-02));
#11994 = DIRECTION('',(-0.,-0.,-1.));
#11995 = DIRECTION('',(-0.,-1.,0.));
#11996 = ADVANCED_FACE('',(#11997),#12013,.F.);
#11997 = FACE_BOUND('',#11998,.T.);
#11998 = EDGE_LOOP('',(#11999,#12005,#12006,#12012));
#11999 = ORIENTED_EDGE('',*,*,#12000,.T.);
#12000 = EDGE_CURVE('',#433,#6092,#12001,.T.);
#12001 = LINE('',#12002,#12003);
#12002 = CARTESIAN_POINT('',(130.6995,-147.1875,0.));
#12003 = VECTOR('',#12004,1.);
#12004 = DIRECTION('',(0.,0.,1.));
#12005 = ORIENTED_EDGE('',*,*,#6091,.T.);
#12006 = ORIENTED_EDGE('',*,*,#12007,.F.);
#12007 = EDGE_CURVE('',#435,#6094,#12008,.T.);
#12008 = LINE('',#12009,#12010);
#12009 = CARTESIAN_POINT('',(130.1995,-147.6875,0.));
#12010 = VECTOR('',#12011,1.);
#12011 = DIRECTION('',(0.,0.,1.));
#12012 = ORIENTED_EDGE('',*,*,#432,.F.);
#12013 = CYLINDRICAL_SURFACE('',#12014,0.500001333575);
#12014 = AXIS2_PLACEMENT_3D('',#12015,#12016,#12017);
#12015 = CARTESIAN_POINT('',(130.69950133357,-147.6875013335,0.));
#12016 = DIRECTION('',(-0.,-0.,-1.));
#12017 = DIRECTION('',(-2.667139134199E-06,0.999999999996,0.));
#12018 = ADVANCED_FACE('',(#12019),#12030,.T.);
#12019 = FACE_BOUND('',#12020,.T.);
#12020 = EDGE_LOOP('',(#12021,#12027,#12028,#12029));
#12021 = ORIENTED_EDGE('',*,*,#12022,.T.);
#12022 = EDGE_CURVE('',#444,#6103,#12023,.T.);
#12023 = LINE('',#12024,#12025);
#12024 = CARTESIAN_POINT('',(141.625,-147.1875,0.));
#12025 = VECTOR('',#12026,1.);
#12026 = DIRECTION('',(0.,0.,1.));
#12027 = ORIENTED_EDGE('',*,*,#6102,.T.);
#12028 = ORIENTED_EDGE('',*,*,#12000,.F.);
#12029 = ORIENTED_EDGE('',*,*,#443,.F.);
#12030 = PLANE('',#12031);
#12031 = AXIS2_PLACEMENT_3D('',#12032,#12033,#12034);
#12032 = CARTESIAN_POINT('',(141.625,-147.1875,0.));
#12033 = DIRECTION('',(0.,-1.,0.));
#12034 = DIRECTION('',(-1.,0.,0.));
#12035 = ADVANCED_FACE('',(#12036),#12047,.T.);
#12036 = FACE_BOUND('',#12037,.T.);
#12037 = EDGE_LOOP('',(#12038,#12039,#12040,#12046));
#12038 = ORIENTED_EDGE('',*,*,#12007,.T.);
#12039 = ORIENTED_EDGE('',*,*,#6178,.T.);
#12040 = ORIENTED_EDGE('',*,*,#12041,.F.);
#12041 = EDGE_CURVE('',#511,#6170,#12042,.T.);
#12042 = LINE('',#12043,#12044);
#12043 = CARTESIAN_POINT('',(130.1995,-161.6875,0.));
#12044 = VECTOR('',#12045,1.);
#12045 = DIRECTION('',(0.,0.,1.));
#12046 = ORIENTED_EDGE('',*,*,#519,.F.);
#12047 = PLANE('',#12048);
#12048 = AXIS2_PLACEMENT_3D('',#12049,#12050,#12051);
#12049 = CARTESIAN_POINT('',(130.1995,-147.6875,0.));
#12050 = DIRECTION('',(1.,0.,-0.));
#12051 = DIRECTION('',(0.,-1.,0.));
#12052 = ADVANCED_FACE('',(#12053),#12064,.F.);
#12053 = FACE_BOUND('',#12054,.T.);
#12054 = EDGE_LOOP('',(#12055,#12061,#12062,#12063));
#12055 = ORIENTED_EDGE('',*,*,#12056,.T.);
#12056 = EDGE_CURVE('',#452,#6111,#12057,.T.);
#12057 = LINE('',#12058,#12059);
#12058 = CARTESIAN_POINT('',(142.125,-147.6875,0.));
#12059 = VECTOR('',#12060,1.);
#12060 = DIRECTION('',(0.,0.,1.));
#12061 = ORIENTED_EDGE('',*,*,#6110,.T.);
#12062 = ORIENTED_EDGE('',*,*,#12022,.F.);
#12063 = ORIENTED_EDGE('',*,*,#451,.F.);
#12064 = CYLINDRICAL_SURFACE('',#12065,0.500001333575);
#12065 = AXIS2_PLACEMENT_3D('',#12066,#12067,#12068);
#12066 = CARTESIAN_POINT('',(141.62499866642,-147.6875013335,0.));
#12067 = DIRECTION('',(-0.,-0.,-1.));
#12068 = DIRECTION('',(0.999999999996,2.667139134199E-06,-0.));
#12069 = ADVANCED_FACE('',(#12070),#12081,.F.);
#12070 = FACE_BOUND('',#12071,.T.);
#12071 = EDGE_LOOP('',(#12072,#12073,#12074,#12080));
#12072 = ORIENTED_EDGE('',*,*,#12041,.T.);
#12073 = ORIENTED_EDGE('',*,*,#6169,.T.);
#12074 = ORIENTED_EDGE('',*,*,#12075,.F.);
#12075 = EDGE_CURVE('',#503,#6162,#12076,.T.);
#12076 = LINE('',#12077,#12078);
#12077 = CARTESIAN_POINT('',(130.6995,-162.1875,0.));
#12078 = VECTOR('',#12079,1.);
#12079 = DIRECTION('',(0.,0.,1.));
#12080 = ORIENTED_EDGE('',*,*,#510,.F.);
#12081 = CYLINDRICAL_SURFACE('',#12082,0.500001333575);
#12082 = AXIS2_PLACEMENT_3D('',#12083,#12084,#12085);
#12083 = CARTESIAN_POINT('',(130.69950133357,-161.6874986664,0.));
#12084 = DIRECTION('',(-0.,-0.,-1.));
#12085 = DIRECTION('',(-0.999999999996,-2.667139134199E-06,0.));
#12086 = ADVANCED_FACE('',(#12087),#12098,.T.);
#12087 = FACE_BOUND('',#12088,.T.);
#12088 = EDGE_LOOP('',(#12089,#12095,#12096,#12097));
#12089 = ORIENTED_EDGE('',*,*,#12090,.T.);
#12090 = EDGE_CURVE('',#461,#6120,#12091,.T.);
#12091 = LINE('',#12092,#12093);
#12092 = CARTESIAN_POINT('',(142.125,-148.1825,0.));
#12093 = VECTOR('',#12094,1.);
#12094 = DIRECTION('',(0.,0.,1.));
#12095 = ORIENTED_EDGE('',*,*,#6119,.T.);
#12096 = ORIENTED_EDGE('',*,*,#12056,.F.);
#12097 = ORIENTED_EDGE('',*,*,#460,.F.);
#12098 = PLANE('',#12099);
#12099 = AXIS2_PLACEMENT_3D('',#12100,#12101,#12102);
#12100 = CARTESIAN_POINT('',(142.125,-148.1825,0.));
#12101 = DIRECTION('',(-1.,0.,0.));
#12102 = DIRECTION('',(0.,1.,0.));
#12103 = ADVANCED_FACE('',(#12104),#12115,.T.);
#12104 = FACE_BOUND('',#12105,.T.);
#12105 = EDGE_LOOP('',(#12106,#12107,#12108,#12114));
#12106 = ORIENTED_EDGE('',*,*,#12075,.T.);
#12107 = ORIENTED_EDGE('',*,*,#6161,.T.);
#12108 = ORIENTED_EDGE('',*,*,#12109,.F.);
#12109 = EDGE_CURVE('',#494,#6153,#12110,.T.);
#12110 = LINE('',#12111,#12112);
#12111 = CARTESIAN_POINT('',(152.1375,-162.1875,0.));
#12112 = VECTOR('',#12113,1.);
#12113 = DIRECTION('',(0.,0.,1.));
#12114 = ORIENTED_EDGE('',*,*,#502,.F.);
#12115 = PLANE('',#12116);
#12116 = AXIS2_PLACEMENT_3D('',#12117,#12118,#12119);
#12117 = CARTESIAN_POINT('',(130.6995,-162.1875,0.));
#12118 = DIRECTION('',(0.,1.,0.));
#12119 = DIRECTION('',(1.,0.,0.));
#12120 = ADVANCED_FACE('',(#12121),#12132,.T.);
#12121 = FACE_BOUND('',#12122,.T.);
#12122 = EDGE_LOOP('',(#12123,#12129,#12130,#12131));
#12123 = ORIENTED_EDGE('',*,*,#12124,.T.);
#12124 = EDGE_CURVE('',#469,#6128,#12125,.T.);
#12125 = LINE('',#12126,#12127);
#12126 = CARTESIAN_POINT('',(152.1375,-148.1875,0.));
#12127 = VECTOR('',#12128,1.);
#12128 = DIRECTION('',(0.,0.,1.));
#12129 = ORIENTED_EDGE('',*,*,#6127,.T.);
#12130 = ORIENTED_EDGE('',*,*,#12090,.F.);
#12131 = ORIENTED_EDGE('',*,*,#468,.F.);
#12132 = PLANE('',#12133);
#12133 = AXIS2_PLACEMENT_3D('',#12134,#12135,#12136);
#12134 = CARTESIAN_POINT('',(152.1375,-148.1875,0.));
#12135 = DIRECTION('',(-4.99375718008E-04,-0.999999875312,0.));
#12136 = DIRECTION('',(-0.999999875312,4.99375718008E-04,0.));
#12137 = ADVANCED_FACE('',(#12138),#12149,.F.);
#12138 = FACE_BOUND('',#12139,.T.);
#12139 = EDGE_LOOP('',(#12140,#12141,#12142,#12148));
#12140 = ORIENTED_EDGE('',*,*,#12109,.T.);
#12141 = ORIENTED_EDGE('',*,*,#6152,.T.);
#12142 = ORIENTED_EDGE('',*,*,#12143,.F.);
#12143 = EDGE_CURVE('',#486,#6145,#12144,.T.);
#12144 = LINE('',#12145,#12146);
#12145 = CARTESIAN_POINT('',(152.6375,-161.6875,0.));
#12146 = VECTOR('',#12147,1.);
#12147 = DIRECTION('',(0.,0.,1.));
#12148 = ORIENTED_EDGE('',*,*,#493,.F.);
#12149 = CYLINDRICAL_SURFACE('',#12150,0.500001333575);
#12150 = AXIS2_PLACEMENT_3D('',#12151,#12152,#12153);
#12151 = CARTESIAN_POINT('',(152.13749866642,-161.6874986664,0.));
#12152 = DIRECTION('',(-0.,-0.,-1.));
#12153 = DIRECTION('',(2.667139134199E-06,-0.999999999996,0.));
#12154 = ADVANCED_FACE('',(#12155),#12166,.F.);
#12155 = FACE_BOUND('',#12156,.T.);
#12156 = EDGE_LOOP('',(#12157,#12163,#12164,#12165));
#12157 = ORIENTED_EDGE('',*,*,#12158,.T.);
#12158 = EDGE_CURVE('',#477,#6136,#12159,.T.);
#12159 = LINE('',#12160,#12161);
#12160 = CARTESIAN_POINT('',(152.6375,-148.6875,0.));
#12161 = VECTOR('',#12162,1.);
#12162 = DIRECTION('',(0.,0.,1.));
#12163 = ORIENTED_EDGE('',*,*,#6135,.T.);
#12164 = ORIENTED_EDGE('',*,*,#12124,.F.);
#12165 = ORIENTED_EDGE('',*,*,#476,.F.);
#12166 = CYLINDRICAL_SURFACE('',#12167,0.500001333575);
#12167 = AXIS2_PLACEMENT_3D('',#12168,#12169,#12170);
#12168 = CARTESIAN_POINT('',(152.13749866642,-148.6875013335,0.));
#12169 = DIRECTION('',(-0.,-0.,-1.));
#12170 = DIRECTION('',(0.999999999996,2.667139134199E-06,-0.));
#12171 = ADVANCED_FACE('',(#12172),#12178,.T.);
#12172 = FACE_BOUND('',#12173,.T.);
#12173 = EDGE_LOOP('',(#12174,#12175,#12176,#12177));
#12174 = ORIENTED_EDGE('',*,*,#12143,.T.);
#12175 = ORIENTED_EDGE('',*,*,#6144,.T.);
#12176 = ORIENTED_EDGE('',*,*,#12158,.F.);
#12177 = ORIENTED_EDGE('',*,*,#485,.F.);
#12178 = PLANE('',#12179);
#12179 = AXIS2_PLACEMENT_3D('',#12180,#12181,#12182);
#12180 = CARTESIAN_POINT('',(152.6375,-161.6875,0.));
#12181 = DIRECTION('',(-1.,0.,0.));
#12182 = DIRECTION('',(0.,1.,0.));
#12183 = ADVANCED_FACE('',(#12184),#12200,.F.);
#12184 = FACE_BOUND('',#12185,.T.);
#12185 = EDGE_LOOP('',(#12186,#12192,#12193,#12199));
#12186 = ORIENTED_EDGE('',*,*,#12187,.T.);
#12187 = EDGE_CURVE('',#528,#6187,#12188,.T.);
#12188 = LINE('',#12189,#12190);
#12189 = CARTESIAN_POINT('',(154.5755,-147.1875,0.));
#12190 = VECTOR('',#12191,1.);
#12191 = DIRECTION('',(0.,0.,1.));
#12192 = ORIENTED_EDGE('',*,*,#6186,.T.);
#12193 = ORIENTED_EDGE('',*,*,#12194,.F.);
#12194 = EDGE_CURVE('',#530,#6189,#12195,.T.);
#12195 = LINE('',#12196,#12197);
#12196 = CARTESIAN_POINT('',(154.0755,-147.6875,0.));
#12197 = VECTOR('',#12198,1.);
#12198 = DIRECTION('',(0.,0.,1.));
#12199 = ORIENTED_EDGE('',*,*,#527,.F.);
#12200 = CYLINDRICAL_SURFACE('',#12201,0.500001333575);
#12201 = AXIS2_PLACEMENT_3D('',#12202,#12203,#12204);
#12202 = CARTESIAN_POINT('',(154.57550133357,-147.6875013335,0.));
#12203 = DIRECTION('',(-0.,-0.,-1.));
#12204 = DIRECTION('',(-2.667139191043E-06,0.999999999996,0.));
#12205 = ADVANCED_FACE('',(#12206),#12217,.T.);
#12206 = FACE_BOUND('',#12207,.T.);
#12207 = EDGE_LOOP('',(#12208,#12214,#12215,#12216));
#12208 = ORIENTED_EDGE('',*,*,#12209,.T.);
#12209 = EDGE_CURVE('',#539,#6198,#12210,.T.);
#12210 = LINE('',#12211,#12212);
#12211 = CARTESIAN_POINT('',(160.5755,-147.1875,0.));
#12212 = VECTOR('',#12213,1.);
#12213 = DIRECTION('',(0.,0.,1.));
#12214 = ORIENTED_EDGE('',*,*,#6197,.T.);
#12215 = ORIENTED_EDGE('',*,*,#12187,.F.);
#12216 = ORIENTED_EDGE('',*,*,#538,.F.);
#12217 = PLANE('',#12218);
#12218 = AXIS2_PLACEMENT_3D('',#12219,#12220,#12221);
#12219 = CARTESIAN_POINT('',(160.5755,-147.1875,0.));
#12220 = DIRECTION('',(0.,-1.,0.));
#12221 = DIRECTION('',(-1.,0.,0.));
#12222 = ADVANCED_FACE('',(#12223),#12234,.T.);
#12223 = FACE_BOUND('',#12224,.T.);
#12224 = EDGE_LOOP('',(#12225,#12226,#12227,#12233));
#12225 = ORIENTED_EDGE('',*,*,#12194,.T.);
#12226 = ORIENTED_EDGE('',*,*,#6248,.T.);
#12227 = ORIENTED_EDGE('',*,*,#12228,.F.);
#12228 = EDGE_CURVE('',#581,#6240,#12229,.T.);
#12229 = LINE('',#12230,#12231);
#12230 = CARTESIAN_POINT('',(154.0755,-161.6875,0.));
#12231 = VECTOR('',#12232,1.);
#12232 = DIRECTION('',(0.,0.,1.));
#12233 = ORIENTED_EDGE('',*,*,#589,.F.);
#12234 = PLANE('',#12235);
#12235 = AXIS2_PLACEMENT_3D('',#12236,#12237,#12238);
#12236 = CARTESIAN_POINT('',(154.0755,-147.6875,0.));
#12237 = DIRECTION('',(1.,0.,-0.));
#12238 = DIRECTION('',(0.,-1.,0.));
#12239 = ADVANCED_FACE('',(#12240),#12251,.F.);
#12240 = FACE_BOUND('',#12241,.T.);
#12241 = EDGE_LOOP('',(#12242,#12248,#12249,#12250));
#12242 = ORIENTED_EDGE('',*,*,#12243,.T.);
#12243 = EDGE_CURVE('',#547,#6206,#12244,.T.);
#12244 = LINE('',#12245,#12246);
#12245 = CARTESIAN_POINT('',(161.0755,-147.6875,0.));
#12246 = VECTOR('',#12247,1.);
#12247 = DIRECTION('',(0.,0.,1.));
#12248 = ORIENTED_EDGE('',*,*,#6205,.T.);
#12249 = ORIENTED_EDGE('',*,*,#12209,.F.);
#12250 = ORIENTED_EDGE('',*,*,#546,.F.);
#12251 = CYLINDRICAL_SURFACE('',#12252,0.500001333575);
#12252 = AXIS2_PLACEMENT_3D('',#12253,#12254,#12255);
#12253 = CARTESIAN_POINT('',(160.57549866642,-147.6875013335,0.));
#12254 = DIRECTION('',(-0.,-0.,-1.));
#12255 = DIRECTION('',(0.999999999996,2.667139134199E-06,-0.));
#12256 = ADVANCED_FACE('',(#12257),#12268,.F.);
#12257 = FACE_BOUND('',#12258,.T.);
#12258 = EDGE_LOOP('',(#12259,#12260,#12261,#12267));
#12259 = ORIENTED_EDGE('',*,*,#12228,.T.);
#12260 = ORIENTED_EDGE('',*,*,#6239,.T.);
#12261 = ORIENTED_EDGE('',*,*,#12262,.F.);
#12262 = EDGE_CURVE('',#573,#6232,#12263,.T.);
#12263 = LINE('',#12264,#12265);
#12264 = CARTESIAN_POINT('',(154.5755,-162.1875,0.));
#12265 = VECTOR('',#12266,1.);
#12266 = DIRECTION('',(0.,0.,1.));
#12267 = ORIENTED_EDGE('',*,*,#580,.F.);
#12268 = CYLINDRICAL_SURFACE('',#12269,0.500001333575);
#12269 = AXIS2_PLACEMENT_3D('',#12270,#12271,#12272);
#12270 = CARTESIAN_POINT('',(154.57550133357,-161.6874986664,0.));
#12271 = DIRECTION('',(-0.,-0.,-1.));
#12272 = DIRECTION('',(-0.999999999996,-2.667139134199E-06,0.));
#12273 = ADVANCED_FACE('',(#12274),#12285,.T.);
#12274 = FACE_BOUND('',#12275,.T.);
#12275 = EDGE_LOOP('',(#12276,#12282,#12283,#12284));
#12276 = ORIENTED_EDGE('',*,*,#12277,.T.);
#12277 = EDGE_CURVE('',#556,#6215,#12278,.T.);
#12278 = LINE('',#12279,#12280);
#12279 = CARTESIAN_POINT('',(161.0755,-161.6875,0.));
#12280 = VECTOR('',#12281,1.);
#12281 = DIRECTION('',(0.,0.,1.));
#12282 = ORIENTED_EDGE('',*,*,#6214,.T.);
#12283 = ORIENTED_EDGE('',*,*,#12243,.F.);
#12284 = ORIENTED_EDGE('',*,*,#555,.F.);
#12285 = PLANE('',#12286);
#12286 = AXIS2_PLACEMENT_3D('',#12287,#12288,#12289);
#12287 = CARTESIAN_POINT('',(161.0755,-161.6875,0.));
#12288 = DIRECTION('',(-1.,0.,0.));
#12289 = DIRECTION('',(0.,1.,0.));
#12290 = ADVANCED_FACE('',(#12291),#12302,.T.);
#12291 = FACE_BOUND('',#12292,.T.);
#12292 = EDGE_LOOP('',(#12293,#12294,#12295,#12301));
#12293 = ORIENTED_EDGE('',*,*,#12262,.T.);
#12294 = ORIENTED_EDGE('',*,*,#6231,.T.);
#12295 = ORIENTED_EDGE('',*,*,#12296,.F.);
#12296 = EDGE_CURVE('',#564,#6223,#12297,.T.);
#12297 = LINE('',#12298,#12299);
#12298 = CARTESIAN_POINT('',(160.5755,-162.1875,0.));
#12299 = VECTOR('',#12300,1.);
#12300 = DIRECTION('',(0.,0.,1.));
#12301 = ORIENTED_EDGE('',*,*,#572,.F.);
#12302 = PLANE('',#12303);
#12303 = AXIS2_PLACEMENT_3D('',#12304,#12305,#12306);
#12304 = CARTESIAN_POINT('',(154.5755,-162.1875,0.));
#12305 = DIRECTION('',(0.,1.,0.));
#12306 = DIRECTION('',(1.,0.,0.));
#12307 = ADVANCED_FACE('',(#12308),#12314,.F.);
#12308 = FACE_BOUND('',#12309,.T.);
#12309 = EDGE_LOOP('',(#12310,#12311,#12312,#12313));
#12310 = ORIENTED_EDGE('',*,*,#12296,.T.);
#12311 = ORIENTED_EDGE('',*,*,#6222,.T.);
#12312 = ORIENTED_EDGE('',*,*,#12277,.F.);
#12313 = ORIENTED_EDGE('',*,*,#563,.F.);
#12314 = CYLINDRICAL_SURFACE('',#12315,0.500001333575);
#12315 = AXIS2_PLACEMENT_3D('',#12316,#12317,#12318);
#12316 = CARTESIAN_POINT('',(160.57549866642,-161.6874986664,0.));
#12317 = DIRECTION('',(-0.,-0.,-1.));
#12318 = DIRECTION('',(2.667139191043E-06,-0.999999999996,0.));
#12319 = ADVANCED_FACE('',(#12320),#12336,.F.);
#12320 = FACE_BOUND('',#12321,.T.);
#12321 = EDGE_LOOP('',(#12322,#12328,#12329,#12335));
#12322 = ORIENTED_EDGE('',*,*,#12323,.T.);
#12323 = EDGE_CURVE('',#598,#6257,#12324,.T.);
#12324 = LINE('',#12325,#12326);
#12325 = CARTESIAN_POINT('',(202.3245,-147.1875,0.));
#12326 = VECTOR('',#12327,1.);
#12327 = DIRECTION('',(0.,0.,1.));
#12328 = ORIENTED_EDGE('',*,*,#6256,.T.);
#12329 = ORIENTED_EDGE('',*,*,#12330,.F.);
#12330 = EDGE_CURVE('',#600,#6259,#12331,.T.);
#12331 = LINE('',#12332,#12333);
#12332 = CARTESIAN_POINT('',(201.8245,-147.6875,0.));
#12333 = VECTOR('',#12334,1.);
#12334 = DIRECTION('',(0.,0.,1.));
#12335 = ORIENTED_EDGE('',*,*,#597,.F.);
#12336 = CYLINDRICAL_SURFACE('',#12337,0.500001333575);
#12337 = AXIS2_PLACEMENT_3D('',#12338,#12339,#12340);
#12338 = CARTESIAN_POINT('',(202.32450133357,-147.6875013335,0.));
#12339 = DIRECTION('',(-0.,-0.,-1.));
#12340 = DIRECTION('',(-2.667139134199E-06,0.999999999996,0.));
#12341 = ADVANCED_FACE('',(#12342),#12353,.T.);
#12342 = FACE_BOUND('',#12343,.T.);
#12343 = EDGE_LOOP('',(#12344,#12350,#12351,#12352));
#12344 = ORIENTED_EDGE('',*,*,#12345,.T.);
#12345 = EDGE_CURVE('',#609,#6268,#12346,.T.);
#12346 = LINE('',#12347,#12348);
#12347 = CARTESIAN_POINT('',(208.3245,-147.1875,0.));
#12348 = VECTOR('',#12349,1.);
#12349 = DIRECTION('',(0.,0.,1.));
#12350 = ORIENTED_EDGE('',*,*,#6267,.T.);
#12351 = ORIENTED_EDGE('',*,*,#12323,.F.);
#12352 = ORIENTED_EDGE('',*,*,#608,.F.);
#12353 = PLANE('',#12354);
#12354 = AXIS2_PLACEMENT_3D('',#12355,#12356,#12357);
#12355 = CARTESIAN_POINT('',(208.3245,-147.1875,0.));
#12356 = DIRECTION('',(0.,-1.,0.));
#12357 = DIRECTION('',(-1.,0.,0.));
#12358 = ADVANCED_FACE('',(#12359),#12370,.T.);
#12359 = FACE_BOUND('',#12360,.T.);
#12360 = EDGE_LOOP('',(#12361,#12362,#12363,#12369));
#12361 = ORIENTED_EDGE('',*,*,#12330,.T.);
#12362 = ORIENTED_EDGE('',*,*,#6343,.T.);
#12363 = ORIENTED_EDGE('',*,*,#12364,.F.);
#12364 = EDGE_CURVE('',#677,#6336,#12365,.T.);
#12365 = LINE('',#12366,#12367);
#12366 = CARTESIAN_POINT('',(201.8245,-148.1825,0.));
#12367 = VECTOR('',#12368,1.);
#12368 = DIRECTION('',(0.,0.,1.));
#12369 = ORIENTED_EDGE('',*,*,#684,.F.);
#12370 = PLANE('',#12371);
#12371 = AXIS2_PLACEMENT_3D('',#12372,#12373,#12374);
#12372 = CARTESIAN_POINT('',(201.8245,-147.6875,0.));
#12373 = DIRECTION('',(1.,0.,-0.));
#12374 = DIRECTION('',(0.,-1.,0.));
#12375 = ADVANCED_FACE('',(#12376),#12387,.F.);
#12376 = FACE_BOUND('',#12377,.T.);
#12377 = EDGE_LOOP('',(#12378,#12384,#12385,#12386));
#12378 = ORIENTED_EDGE('',*,*,#12379,.T.);
#12379 = EDGE_CURVE('',#617,#6276,#12380,.T.);
#12380 = LINE('',#12381,#12382);
#12381 = CARTESIAN_POINT('',(208.8245,-147.6875,0.));
#12382 = VECTOR('',#12383,1.);
#12383 = DIRECTION('',(0.,0.,1.));
#12384 = ORIENTED_EDGE('',*,*,#6275,.T.);
#12385 = ORIENTED_EDGE('',*,*,#12345,.F.);
#12386 = ORIENTED_EDGE('',*,*,#616,.F.);
#12387 = CYLINDRICAL_SURFACE('',#12388,0.500001333575);
#12388 = AXIS2_PLACEMENT_3D('',#12389,#12390,#12391);
#12389 = CARTESIAN_POINT('',(208.32449866642,-147.6875013335,0.));
#12390 = DIRECTION('',(-0.,-0.,-1.));
#12391 = DIRECTION('',(0.999999999996,2.667139134199E-06,-0.));
#12392 = ADVANCED_FACE('',(#12393),#12404,.T.);
#12393 = FACE_BOUND('',#12394,.T.);
#12394 = EDGE_LOOP('',(#12395,#12396,#12397,#12403));
#12395 = ORIENTED_EDGE('',*,*,#12364,.T.);
#12396 = ORIENTED_EDGE('',*,*,#6335,.T.);
#12397 = ORIENTED_EDGE('',*,*,#12398,.F.);
#12398 = EDGE_CURVE('',#668,#6327,#12399,.T.);
#12399 = LINE('',#12400,#12401);
#12400 = CARTESIAN_POINT('',(172.5625,-148.1875,0.));
#12401 = VECTOR('',#12402,1.);
#12402 = DIRECTION('',(0.,0.,1.));
#12403 = ORIENTED_EDGE('',*,*,#676,.F.);
#12404 = PLANE('',#12405);
#12405 = AXIS2_PLACEMENT_3D('',#12406,#12407,#12408);
#12406 = CARTESIAN_POINT('',(201.8245,-148.1825,0.));
#12407 = DIRECTION('',(1.708700679039E-04,-0.999999985402,0.));
#12408 = DIRECTION('',(-0.999999985402,-1.708700679039E-04,0.));
#12409 = ADVANCED_FACE('',(#12410),#12421,.T.);
#12410 = FACE_BOUND('',#12411,.T.);
#12411 = EDGE_LOOP('',(#12412,#12418,#12419,#12420));
#12412 = ORIENTED_EDGE('',*,*,#12413,.T.);
#12413 = EDGE_CURVE('',#626,#6285,#12414,.T.);
#12414 = LINE('',#12415,#12416);
#12415 = CARTESIAN_POINT('',(208.8245,-161.6875,0.));
#12416 = VECTOR('',#12417,1.);
#12417 = DIRECTION('',(0.,0.,1.));
#12418 = ORIENTED_EDGE('',*,*,#6284,.T.);
#12419 = ORIENTED_EDGE('',*,*,#12379,.F.);
#12420 = ORIENTED_EDGE('',*,*,#625,.F.);
#12421 = PLANE('',#12422);
#12422 = AXIS2_PLACEMENT_3D('',#12423,#12424,#12425);
#12423 = CARTESIAN_POINT('',(208.8245,-161.6875,0.));
#12424 = DIRECTION('',(-1.,0.,0.));
#12425 = DIRECTION('',(0.,1.,0.));
#12426 = ADVANCED_FACE('',(#12427),#12438,.F.);
#12427 = FACE_BOUND('',#12428,.T.);
#12428 = EDGE_LOOP('',(#12429,#12430,#12431,#12437));
#12429 = ORIENTED_EDGE('',*,*,#12398,.T.);
#12430 = ORIENTED_EDGE('',*,*,#6326,.T.);
#12431 = ORIENTED_EDGE('',*,*,#12432,.F.);
#12432 = EDGE_CURVE('',#660,#6319,#12433,.T.);
#12433 = LINE('',#12434,#12435);
#12434 = CARTESIAN_POINT('',(172.0625,-148.6875,0.));
#12435 = VECTOR('',#12436,1.);
#12436 = DIRECTION('',(0.,0.,1.));
#12437 = ORIENTED_EDGE('',*,*,#667,.F.);
#12438 = CYLINDRICAL_SURFACE('',#12439,0.500001333575);
#12439 = AXIS2_PLACEMENT_3D('',#12440,#12441,#12442);
#12440 = CARTESIAN_POINT('',(172.56250133357,-148.6875013335,0.));
#12441 = DIRECTION('',(-0.,-0.,-1.));
#12442 = DIRECTION('',(-2.667139134199E-06,0.999999999996,0.));
#12443 = ADVANCED_FACE('',(#12444),#12455,.F.);
#12444 = FACE_BOUND('',#12445,.T.);
#12445 = EDGE_LOOP('',(#12446,#12452,#12453,#12454));
#12446 = ORIENTED_EDGE('',*,*,#12447,.T.);
#12447 = EDGE_CURVE('',#634,#6293,#12448,.T.);
#12448 = LINE('',#12449,#12450);
#12449 = CARTESIAN_POINT('',(208.3245,-162.1875,0.));
#12450 = VECTOR('',#12451,1.);
#12451 = DIRECTION('',(0.,0.,1.));
#12452 = ORIENTED_EDGE('',*,*,#6292,.T.);
#12453 = ORIENTED_EDGE('',*,*,#12413,.F.);
#12454 = ORIENTED_EDGE('',*,*,#633,.F.);
#12455 = CYLINDRICAL_SURFACE('',#12456,0.500001333575);
#12456 = AXIS2_PLACEMENT_3D('',#12457,#12458,#12459);
#12457 = CARTESIAN_POINT('',(208.32449866642,-161.6874986664,0.));
#12458 = DIRECTION('',(-0.,-0.,-1.));
#12459 = DIRECTION('',(2.667139134199E-06,-0.999999999996,0.));
#12460 = ADVANCED_FACE('',(#12461),#12472,.T.);
#12461 = FACE_BOUND('',#12462,.T.);
#12462 = EDGE_LOOP('',(#12463,#12464,#12465,#12471));
#12463 = ORIENTED_EDGE('',*,*,#12432,.T.);
#12464 = ORIENTED_EDGE('',*,*,#6318,.T.);
#12465 = ORIENTED_EDGE('',*,*,#12466,.F.);
#12466 = EDGE_CURVE('',#651,#6310,#12467,.T.);
#12467 = LINE('',#12468,#12469);
#12468 = CARTESIAN_POINT('',(172.0625,-161.6875,0.));
#12469 = VECTOR('',#12470,1.);
#12470 = DIRECTION('',(0.,0.,1.));
#12471 = ORIENTED_EDGE('',*,*,#659,.F.);
#12472 = PLANE('',#12473);
#12473 = AXIS2_PLACEMENT_3D('',#12474,#12475,#12476);
#12474 = CARTESIAN_POINT('',(172.0625,-148.6875,0.));
#12475 = DIRECTION('',(1.,0.,-0.));
#12476 = DIRECTION('',(0.,-1.,0.));
#12477 = ADVANCED_FACE('',(#12478),#12489,.T.);
#12478 = FACE_BOUND('',#12479,.T.);
#12479 = EDGE_LOOP('',(#12480,#12486,#12487,#12488));
#12480 = ORIENTED_EDGE('',*,*,#12481,.T.);
#12481 = EDGE_CURVE('',#643,#6302,#12482,.T.);
#12482 = LINE('',#12483,#12484);
#12483 = CARTESIAN_POINT('',(172.5625,-162.1875,0.));
#12484 = VECTOR('',#12485,1.);
#12485 = DIRECTION('',(0.,0.,1.));
#12486 = ORIENTED_EDGE('',*,*,#6301,.T.);
#12487 = ORIENTED_EDGE('',*,*,#12447,.F.);
#12488 = ORIENTED_EDGE('',*,*,#642,.F.);
#12489 = PLANE('',#12490);
#12490 = AXIS2_PLACEMENT_3D('',#12491,#12492,#12493);
#12491 = CARTESIAN_POINT('',(172.5625,-162.1875,0.));
#12492 = DIRECTION('',(0.,1.,0.));
#12493 = DIRECTION('',(1.,0.,0.));
#12494 = ADVANCED_FACE('',(#12495),#12501,.F.);
#12495 = FACE_BOUND('',#12496,.T.);
#12496 = EDGE_LOOP('',(#12497,#12498,#12499,#12500));
#12497 = ORIENTED_EDGE('',*,*,#12466,.T.);
#12498 = ORIENTED_EDGE('',*,*,#6309,.T.);
#12499 = ORIENTED_EDGE('',*,*,#12481,.F.);
#12500 = ORIENTED_EDGE('',*,*,#650,.F.);
#12501 = CYLINDRICAL_SURFACE('',#12502,0.500001333575);
#12502 = AXIS2_PLACEMENT_3D('',#12503,#12504,#12505);
#12503 = CARTESIAN_POINT('',(172.56250133357,-161.6874986664,0.));
#12504 = DIRECTION('',(-0.,-0.,-1.));
#12505 = DIRECTION('',(-0.999999999996,-2.667139134199E-06,0.));
#12506 = ADVANCED_FACE('',(#12507),#12523,.F.);
#12507 = FACE_BOUND('',#12508,.T.);
#12508 = EDGE_LOOP('',(#12509,#12515,#12516,#12522));
#12509 = ORIENTED_EDGE('',*,*,#12510,.T.);
#12510 = EDGE_CURVE('',#693,#6352,#12511,.T.);
#12511 = LINE('',#12512,#12513);
#12512 = CARTESIAN_POINT('',(57.9625,-129.0875,0.));
#12513 = VECTOR('',#12514,1.);
#12514 = DIRECTION('',(0.,0.,1.));
#12515 = ORIENTED_EDGE('',*,*,#6351,.T.);
#12516 = ORIENTED_EDGE('',*,*,#12517,.F.);
#12517 = EDGE_CURVE('',#695,#6354,#12518,.T.);
#12518 = LINE('',#12519,#12520);
#12519 = CARTESIAN_POINT('',(57.4625,-129.5875,0.));
#12520 = VECTOR('',#12521,1.);
#12521 = DIRECTION('',(0.,0.,1.));
#12522 = ORIENTED_EDGE('',*,*,#692,.F.);
#12523 = CYLINDRICAL_SURFACE('',#12524,0.500001333575);
#12524 = AXIS2_PLACEMENT_3D('',#12525,#12526,#12527);
#12525 = CARTESIAN_POINT('',(57.962501333573,-129.5875013335,0.));
#12526 = DIRECTION('',(-0.,-0.,-1.));
#12527 = DIRECTION('',(-2.667139176832E-06,0.999999999996,0.));
#12528 = ADVANCED_FACE('',(#12529),#12540,.T.);
#12529 = FACE_BOUND('',#12530,.T.);
#12530 = EDGE_LOOP('',(#12531,#12537,#12538,#12539));
#12531 = ORIENTED_EDGE('',*,*,#12532,.T.);
#12532 = EDGE_CURVE('',#704,#6363,#12533,.T.);
#12533 = LINE('',#12534,#12535);
#12534 = CARTESIAN_POINT('',(92.45,-129.0875,0.));
#12535 = VECTOR('',#12536,1.);
#12536 = DIRECTION('',(0.,0.,1.));
#12537 = ORIENTED_EDGE('',*,*,#6362,.T.);
#12538 = ORIENTED_EDGE('',*,*,#12510,.F.);
#12539 = ORIENTED_EDGE('',*,*,#703,.F.);
#12540 = PLANE('',#12541);
#12541 = AXIS2_PLACEMENT_3D('',#12542,#12543,#12544);
#12542 = CARTESIAN_POINT('',(92.45,-129.0875,0.));
#12543 = DIRECTION('',(0.,-1.,0.));
#12544 = DIRECTION('',(-1.,0.,0.));
#12545 = ADVANCED_FACE('',(#12546),#12557,.T.);
#12546 = FACE_BOUND('',#12547,.T.);
#12547 = EDGE_LOOP('',(#12548,#12549,#12550,#12556));
#12548 = ORIENTED_EDGE('',*,*,#12517,.T.);
#12549 = ORIENTED_EDGE('',*,*,#6521,.T.);
#12550 = ORIENTED_EDGE('',*,*,#12551,.F.);
#12551 = EDGE_CURVE('',#854,#6513,#12552,.T.);
#12552 = LINE('',#12553,#12554);
#12553 = CARTESIAN_POINT('',(57.4625,-142.5875,0.));
#12554 = VECTOR('',#12555,1.);
#12555 = DIRECTION('',(0.,0.,1.));
#12556 = ORIENTED_EDGE('',*,*,#862,.F.);
#12557 = PLANE('',#12558);
#12558 = AXIS2_PLACEMENT_3D('',#12559,#12560,#12561);
#12559 = CARTESIAN_POINT('',(57.4625,-129.5875,0.));
#12560 = DIRECTION('',(1.,0.,-0.));
#12561 = DIRECTION('',(0.,-1.,0.));
#12562 = ADVANCED_FACE('',(#12563),#12574,.F.);
#12563 = FACE_BOUND('',#12564,.T.);
#12564 = EDGE_LOOP('',(#12565,#12571,#12572,#12573));
#12565 = ORIENTED_EDGE('',*,*,#12566,.T.);
#12566 = EDGE_CURVE('',#712,#6371,#12567,.T.);
#12567 = LINE('',#12568,#12569);
#12568 = CARTESIAN_POINT('',(92.95,-129.5875,0.));
#12569 = VECTOR('',#12570,1.);
#12570 = DIRECTION('',(0.,0.,1.));
#12571 = ORIENTED_EDGE('',*,*,#6370,.T.);
#12572 = ORIENTED_EDGE('',*,*,#12532,.F.);
#12573 = ORIENTED_EDGE('',*,*,#711,.F.);
#12574 = CYLINDRICAL_SURFACE('',#12575,0.500001333575);
#12575 = AXIS2_PLACEMENT_3D('',#12576,#12577,#12578);
#12576 = CARTESIAN_POINT('',(92.449998666427,-129.5875013335,0.));
#12577 = DIRECTION('',(-0.,-0.,-1.));
#12578 = DIRECTION('',(0.999999999996,2.667139247886E-06,-0.));
#12579 = ADVANCED_FACE('',(#12580),#12591,.F.);
#12580 = FACE_BOUND('',#12581,.T.);
#12581 = EDGE_LOOP('',(#12582,#12583,#12584,#12590));
#12582 = ORIENTED_EDGE('',*,*,#12551,.T.);
#12583 = ORIENTED_EDGE('',*,*,#6512,.T.);
#12584 = ORIENTED_EDGE('',*,*,#12585,.F.);
#12585 = EDGE_CURVE('',#846,#6505,#12586,.T.);
#12586 = LINE('',#12587,#12588);
#12587 = CARTESIAN_POINT('',(57.9625,-143.0875,0.));
#12588 = VECTOR('',#12589,1.);
#12589 = DIRECTION('',(0.,0.,1.));
#12590 = ORIENTED_EDGE('',*,*,#853,.F.);
#12591 = CYLINDRICAL_SURFACE('',#12592,0.500001333575);
#12592 = AXIS2_PLACEMENT_3D('',#12593,#12594,#12595);
#12593 = CARTESIAN_POINT('',(57.962501333573,-142.5874986664,0.));
#12594 = DIRECTION('',(-0.,-0.,-1.));
#12595 = DIRECTION('',(-0.999999999996,-2.667139191042E-06,0.));
#12596 = ADVANCED_FACE('',(#12597),#12608,.T.);
#12597 = FACE_BOUND('',#12598,.T.);
#12598 = EDGE_LOOP('',(#12599,#12605,#12606,#12607));
#12599 = ORIENTED_EDGE('',*,*,#12600,.T.);
#12600 = EDGE_CURVE('',#721,#6380,#12601,.T.);
#12601 = LINE('',#12602,#12603);
#12602 = CARTESIAN_POINT('',(92.95,-142.5875,0.));
#12603 = VECTOR('',#12604,1.);
#12604 = DIRECTION('',(0.,0.,1.));
#12605 = ORIENTED_EDGE('',*,*,#6379,.T.);
#12606 = ORIENTED_EDGE('',*,*,#12566,.F.);
#12607 = ORIENTED_EDGE('',*,*,#720,.F.);
#12608 = PLANE('',#12609);
#12609 = AXIS2_PLACEMENT_3D('',#12610,#12611,#12612);
#12610 = CARTESIAN_POINT('',(92.95,-142.5875,0.));
#12611 = DIRECTION('',(-1.,0.,0.));
#12612 = DIRECTION('',(0.,1.,0.));
#12613 = ADVANCED_FACE('',(#12614),#12625,.T.);
#12614 = FACE_BOUND('',#12615,.T.);
#12615 = EDGE_LOOP('',(#12616,#12617,#12618,#12624));
#12616 = ORIENTED_EDGE('',*,*,#12585,.T.);
#12617 = ORIENTED_EDGE('',*,*,#6504,.T.);
#12618 = ORIENTED_EDGE('',*,*,#12619,.F.);
#12619 = EDGE_CURVE('',#838,#6497,#12620,.T.);
#12620 = LINE('',#12621,#12622);
#12621 = CARTESIAN_POINT('',(58.5745,-143.0925,0.));
#12622 = VECTOR('',#12623,1.);
#12623 = DIRECTION('',(0.,0.,1.));
#12624 = ORIENTED_EDGE('',*,*,#845,.F.);
#12625 = PLANE('',#12626);
#12626 = AXIS2_PLACEMENT_3D('',#12627,#12628,#12629);
#12627 = CARTESIAN_POINT('',(57.9625,-143.0875,0.));
#12628 = DIRECTION('',(8.169661991452E-03,0.999966627755,-0.));
#12629 = DIRECTION('',(0.999966627755,-8.169661991452E-03,0.));
#12630 = ADVANCED_FACE('',(#12631),#12642,.F.);
#12631 = FACE_BOUND('',#12632,.T.);
#12632 = EDGE_LOOP('',(#12633,#12639,#12640,#12641));
#12633 = ORIENTED_EDGE('',*,*,#12634,.T.);
#12634 = EDGE_CURVE('',#729,#6388,#12635,.T.);
#12635 = LINE('',#12636,#12637);
#12636 = CARTESIAN_POINT('',(92.45,-143.0875,0.));
#12637 = VECTOR('',#12638,1.);
#12638 = DIRECTION('',(0.,0.,1.));
#12639 = ORIENTED_EDGE('',*,*,#6387,.T.);
#12640 = ORIENTED_EDGE('',*,*,#12600,.F.);
#12641 = ORIENTED_EDGE('',*,*,#728,.F.);
#12642 = CYLINDRICAL_SURFACE('',#12643,0.500001333575);
#12643 = AXIS2_PLACEMENT_3D('',#12644,#12645,#12646);
#12644 = CARTESIAN_POINT('',(92.449998666427,-142.5874986664,0.));
#12645 = DIRECTION('',(-0.,-0.,-1.));
#12646 = DIRECTION('',(2.667139191042E-06,-0.999999999996,0.));
#12647 = ADVANCED_FACE('',(#12648),#12659,.T.);
#12648 = FACE_BOUND('',#12649,.T.);
#12649 = EDGE_LOOP('',(#12650,#12651,#12652,#12658));
#12650 = ORIENTED_EDGE('',*,*,#12619,.T.);
#12651 = ORIENTED_EDGE('',*,*,#6496,.T.);
#12652 = ORIENTED_EDGE('',*,*,#12653,.F.);
#12653 = EDGE_CURVE('',#829,#6488,#12654,.T.);
#12654 = LINE('',#12655,#12656);
#12655 = CARTESIAN_POINT('',(58.5745,-143.5875,0.));
#12656 = VECTOR('',#12657,1.);
#12657 = DIRECTION('',(0.,0.,1.));
#12658 = ORIENTED_EDGE('',*,*,#837,.F.);
#12659 = PLANE('',#12660);
#12660 = AXIS2_PLACEMENT_3D('',#12661,#12662,#12663);
#12661 = CARTESIAN_POINT('',(58.5745,-143.0925,0.));
#12662 = DIRECTION('',(1.,0.,-0.));
#12663 = DIRECTION('',(0.,-1.,0.));
#12664 = ADVANCED_FACE('',(#12665),#12676,.T.);
#12665 = FACE_BOUND('',#12666,.T.);
#12666 = EDGE_LOOP('',(#12667,#12673,#12674,#12675));
#12667 = ORIENTED_EDGE('',*,*,#12668,.T.);
#12668 = EDGE_CURVE('',#738,#6397,#12669,.T.);
#12669 = LINE('',#12670,#12671);
#12670 = CARTESIAN_POINT('',(89.45,-143.0925,0.));
#12671 = VECTOR('',#12672,1.);
#12672 = DIRECTION('',(0.,0.,1.));
#12673 = ORIENTED_EDGE('',*,*,#6396,.T.);
#12674 = ORIENTED_EDGE('',*,*,#12634,.F.);
#12675 = ORIENTED_EDGE('',*,*,#737,.F.);
#12676 = PLANE('',#12677);
#12677 = AXIS2_PLACEMENT_3D('',#12678,#12679,#12680);
#12678 = CARTESIAN_POINT('',(89.45,-143.0925,0.));
#12679 = DIRECTION('',(-1.666664351855E-03,0.999998611114,0.));
#12680 = DIRECTION('',(0.999998611114,1.666664351855E-03,0.));
#12681 = ADVANCED_FACE('',(#12682),#12693,.F.);
#12682 = FACE_BOUND('',#12683,.T.);
#12683 = EDGE_LOOP('',(#12684,#12685,#12686,#12692));
#12684 = ORIENTED_EDGE('',*,*,#12653,.T.);
#12685 = ORIENTED_EDGE('',*,*,#6487,.T.);
#12686 = ORIENTED_EDGE('',*,*,#12687,.F.);
#12687 = EDGE_CURVE('',#821,#6480,#12688,.T.);
#12688 = LINE('',#12689,#12690);
#12689 = CARTESIAN_POINT('',(59.0745,-144.0875,0.));
#12690 = VECTOR('',#12691,1.);
#12691 = DIRECTION('',(0.,0.,1.));
#12692 = ORIENTED_EDGE('',*,*,#828,.F.);
#12693 = CYLINDRICAL_SURFACE('',#12694,0.500001333575);
#12694 = AXIS2_PLACEMENT_3D('',#12695,#12696,#12697);
#12695 = CARTESIAN_POINT('',(59.074501333573,-143.5874986664,0.));
#12696 = DIRECTION('',(-0.,-0.,-1.));
#12697 = DIRECTION('',(-0.999999999996,-2.667139191042E-06,0.));
#12698 = ADVANCED_FACE('',(#12699),#12710,.T.);
#12699 = FACE_BOUND('',#12700,.T.);
#12700 = EDGE_LOOP('',(#12701,#12707,#12708,#12709));
#12701 = ORIENTED_EDGE('',*,*,#12702,.T.);
#12702 = EDGE_CURVE('',#746,#6405,#12703,.T.);
#12703 = LINE('',#12704,#12705);
#12704 = CARTESIAN_POINT('',(89.4505,-143.5875,0.));
#12705 = VECTOR('',#12706,1.);
#12706 = DIRECTION('',(0.,0.,1.));
#12707 = ORIENTED_EDGE('',*,*,#6404,.T.);
#12708 = ORIENTED_EDGE('',*,*,#12668,.F.);
#12709 = ORIENTED_EDGE('',*,*,#745,.F.);
#12710 = PLANE('',#12711);
#12711 = AXIS2_PLACEMENT_3D('',#12712,#12713,#12714);
#12712 = CARTESIAN_POINT('',(89.4505,-143.5875,0.));
#12713 = DIRECTION('',(-0.999999489848,-1.010100494801E-03,0.));
#12714 = DIRECTION('',(-1.010100494801E-03,0.999999489848,0.));
#12715 = ADVANCED_FACE('',(#12716),#12727,.T.);
#12716 = FACE_BOUND('',#12717,.T.);
#12717 = EDGE_LOOP('',(#12718,#12719,#12720,#12726));
#12718 = ORIENTED_EDGE('',*,*,#12687,.T.);
#12719 = ORIENTED_EDGE('',*,*,#6479,.T.);
#12720 = ORIENTED_EDGE('',*,*,#12721,.F.);
#12721 = EDGE_CURVE('',#812,#6471,#12722,.T.);
#12722 = LINE('',#12723,#12724);
#12723 = CARTESIAN_POINT('',(65.0745,-144.0875,0.));
#12724 = VECTOR('',#12725,1.);
#12725 = DIRECTION('',(0.,0.,1.));
#12726 = ORIENTED_EDGE('',*,*,#820,.F.);
#12727 = PLANE('',#12728);
#12728 = AXIS2_PLACEMENT_3D('',#12729,#12730,#12731);
#12729 = CARTESIAN_POINT('',(59.0745,-144.0875,0.));
#12730 = DIRECTION('',(0.,1.,0.));
#12731 = DIRECTION('',(1.,0.,0.));
#12732 = ADVANCED_FACE('',(#12733),#12744,.F.);
#12733 = FACE_BOUND('',#12734,.T.);
#12734 = EDGE_LOOP('',(#12735,#12741,#12742,#12743));
#12735 = ORIENTED_EDGE('',*,*,#12736,.T.);
#12736 = EDGE_CURVE('',#754,#6413,#12737,.T.);
#12737 = LINE('',#12738,#12739);
#12738 = CARTESIAN_POINT('',(88.9505,-144.0875,0.));
#12739 = VECTOR('',#12740,1.);
#12740 = DIRECTION('',(0.,0.,1.));
#12741 = ORIENTED_EDGE('',*,*,#6412,.T.);
#12742 = ORIENTED_EDGE('',*,*,#12702,.F.);
#12743 = ORIENTED_EDGE('',*,*,#753,.F.);
#12744 = CYLINDRICAL_SURFACE('',#12745,0.500001333575);
#12745 = AXIS2_PLACEMENT_3D('',#12746,#12747,#12748);
#12746 = CARTESIAN_POINT('',(88.950498666427,-143.5874986664,0.));
#12747 = DIRECTION('',(-0.,-0.,-1.));
#12748 = DIRECTION('',(2.667139219464E-06,-0.999999999996,0.));
#12749 = ADVANCED_FACE('',(#12750),#12761,.F.);
#12750 = FACE_BOUND('',#12751,.T.);
#12751 = EDGE_LOOP('',(#12752,#12753,#12754,#12760));
#12752 = ORIENTED_EDGE('',*,*,#12721,.T.);
#12753 = ORIENTED_EDGE('',*,*,#6470,.T.);
#12754 = ORIENTED_EDGE('',*,*,#12755,.F.);
#12755 = EDGE_CURVE('',#804,#6463,#12756,.T.);
#12756 = LINE('',#12757,#12758);
#12757 = CARTESIAN_POINT('',(65.5745,-143.5875,0.));
#12758 = VECTOR('',#12759,1.);
#12759 = DIRECTION('',(0.,0.,1.));
#12760 = ORIENTED_EDGE('',*,*,#811,.F.);
#12761 = CYLINDRICAL_SURFACE('',#12762,0.500001333575);
#12762 = AXIS2_PLACEMENT_3D('',#12763,#12764,#12765);
#12763 = CARTESIAN_POINT('',(65.074498666427,-143.5874986664,0.));
#12764 = DIRECTION('',(-0.,-0.,-1.));
#12765 = DIRECTION('',(2.667139134199E-06,-0.999999999996,0.));
#12766 = ADVANCED_FACE('',(#12767),#12778,.T.);
#12767 = FACE_BOUND('',#12768,.T.);
#12768 = EDGE_LOOP('',(#12769,#12775,#12776,#12777));
#12769 = ORIENTED_EDGE('',*,*,#12770,.T.);
#12770 = EDGE_CURVE('',#763,#6422,#12771,.T.);
#12771 = LINE('',#12772,#12773);
#12772 = CARTESIAN_POINT('',(82.9505,-144.0875,0.));
#12773 = VECTOR('',#12774,1.);
#12774 = DIRECTION('',(0.,0.,1.));
#12775 = ORIENTED_EDGE('',*,*,#6421,.T.);
#12776 = ORIENTED_EDGE('',*,*,#12736,.F.);
#12777 = ORIENTED_EDGE('',*,*,#762,.F.);
#12778 = PLANE('',#12779);
#12779 = AXIS2_PLACEMENT_3D('',#12780,#12781,#12782);
#12780 = CARTESIAN_POINT('',(82.9505,-144.0875,0.));
#12781 = DIRECTION('',(0.,1.,0.));
#12782 = DIRECTION('',(1.,0.,0.));
#12783 = ADVANCED_FACE('',(#12784),#12795,.T.);
#12784 = FACE_BOUND('',#12785,.T.);
#12785 = EDGE_LOOP('',(#12786,#12787,#12788,#12794));
#12786 = ORIENTED_EDGE('',*,*,#12755,.T.);
#12787 = ORIENTED_EDGE('',*,*,#6462,.T.);
#12788 = ORIENTED_EDGE('',*,*,#12789,.F.);
#12789 = EDGE_CURVE('',#796,#6455,#12790,.T.);
#12790 = LINE('',#12791,#12792);
#12791 = CARTESIAN_POINT('',(65.57,-143.0925,0.));
#12792 = VECTOR('',#12793,1.);
#12793 = DIRECTION('',(0.,0.,1.));
#12794 = ORIENTED_EDGE('',*,*,#803,.F.);
#12795 = PLANE('',#12796);
#12796 = AXIS2_PLACEMENT_3D('',#12797,#12798,#12799);
#12797 = CARTESIAN_POINT('',(65.5745,-143.5875,0.));
#12798 = DIRECTION('',(-0.999958680247,-9.090533456806E-03,0.));
#12799 = DIRECTION('',(-9.090533456806E-03,0.999958680247,0.));
#12800 = ADVANCED_FACE('',(#12801),#12812,.F.);
#12801 = FACE_BOUND('',#12802,.T.);
#12802 = EDGE_LOOP('',(#12803,#12809,#12810,#12811));
#12803 = ORIENTED_EDGE('',*,*,#12804,.T.);
#12804 = EDGE_CURVE('',#771,#6430,#12805,.T.);
#12805 = LINE('',#12806,#12807);
#12806 = CARTESIAN_POINT('',(82.4505,-143.5875,0.));
#12807 = VECTOR('',#12808,1.);
#12808 = DIRECTION('',(0.,0.,1.));
#12809 = ORIENTED_EDGE('',*,*,#6429,.T.);
#12810 = ORIENTED_EDGE('',*,*,#12770,.F.);
#12811 = ORIENTED_EDGE('',*,*,#770,.F.);
#12812 = CYLINDRICAL_SURFACE('',#12813,0.500001333575);
#12813 = AXIS2_PLACEMENT_3D('',#12814,#12815,#12816);
#12814 = CARTESIAN_POINT('',(82.950501333573,-143.5874986664,0.));
#12815 = DIRECTION('',(-0.,-0.,-1.));
#12816 = DIRECTION('',(-0.999999999996,-2.667139191043E-06,0.));
#12817 = ADVANCED_FACE('',(#12818),#12829,.T.);
#12818 = FACE_BOUND('',#12819,.T.);
#12819 = EDGE_LOOP('',(#12820,#12821,#12822,#12828));
#12820 = ORIENTED_EDGE('',*,*,#12789,.T.);
#12821 = ORIENTED_EDGE('',*,*,#6454,.T.);
#12822 = ORIENTED_EDGE('',*,*,#12823,.F.);
#12823 = EDGE_CURVE('',#788,#6447,#12824,.T.);
#12824 = LINE('',#12825,#12826);
#12825 = CARTESIAN_POINT('',(82.45,-143.0925,0.));
#12826 = VECTOR('',#12827,1.);
#12827 = DIRECTION('',(0.,0.,1.));
#12828 = ORIENTED_EDGE('',*,*,#795,.F.);
#12829 = PLANE('',#12830);
#12830 = AXIS2_PLACEMENT_3D('',#12831,#12832,#12833);
#12831 = CARTESIAN_POINT('',(65.57,-143.0925,0.));
#12832 = DIRECTION('',(0.,1.,0.));
#12833 = DIRECTION('',(1.,0.,0.));
#12834 = ADVANCED_FACE('',(#12835),#12846,.T.);
#12835 = FACE_BOUND('',#12836,.T.);
#12836 = EDGE_LOOP('',(#12837,#12843,#12844,#12845));
#12837 = ORIENTED_EDGE('',*,*,#12838,.T.);
#12838 = EDGE_CURVE('',#780,#6439,#12839,.T.);
#12839 = LINE('',#12840,#12841);
#12840 = CARTESIAN_POINT('',(82.45,-143.5875,0.));
#12841 = VECTOR('',#12842,1.);
#12842 = DIRECTION('',(0.,0.,1.));
#12843 = ORIENTED_EDGE('',*,*,#6438,.T.);
#12844 = ORIENTED_EDGE('',*,*,#12804,.F.);
#12845 = ORIENTED_EDGE('',*,*,#779,.F.);
#12846 = PLANE('',#12847);
#12847 = AXIS2_PLACEMENT_3D('',#12848,#12849,#12850);
#12848 = CARTESIAN_POINT('',(82.45,-143.5875,0.));
#12849 = DIRECTION('',(0.,1.,0.));
#12850 = DIRECTION('',(1.,0.,0.));
#12851 = ADVANCED_FACE('',(#12852),#12858,.T.);
#12852 = FACE_BOUND('',#12853,.T.);
#12853 = EDGE_LOOP('',(#12854,#12855,#12856,#12857));
#12854 = ORIENTED_EDGE('',*,*,#12823,.T.);
#12855 = ORIENTED_EDGE('',*,*,#6446,.T.);
#12856 = ORIENTED_EDGE('',*,*,#12838,.F.);
#12857 = ORIENTED_EDGE('',*,*,#787,.F.);
#12858 = PLANE('',#12859);
#12859 = AXIS2_PLACEMENT_3D('',#12860,#12861,#12862);
#12860 = CARTESIAN_POINT('',(82.45,-143.0925,0.));
#12861 = DIRECTION('',(1.,0.,-0.));
#12862 = DIRECTION('',(0.,-1.,0.));
#12863 = ADVANCED_FACE('',(#12864),#12880,.F.);
#12864 = FACE_BOUND('',#12865,.T.);
#12865 = EDGE_LOOP('',(#12866,#12872,#12873,#12879));
#12866 = ORIENTED_EDGE('',*,*,#12867,.T.);
#12867 = EDGE_CURVE('',#871,#6530,#12868,.T.);
#12868 = LINE('',#12869,#12870);
#12869 = CARTESIAN_POINT('',(98.55,-129.0875,0.));
#12870 = VECTOR('',#12871,1.);
#12871 = DIRECTION('',(0.,0.,1.));
#12872 = ORIENTED_EDGE('',*,*,#6529,.T.);
#12873 = ORIENTED_EDGE('',*,*,#12874,.F.);
#12874 = EDGE_CURVE('',#873,#6532,#12875,.T.);
#12875 = LINE('',#12876,#12877);
#12876 = CARTESIAN_POINT('',(98.05,-129.5875,0.));
#12877 = VECTOR('',#12878,1.);
#12878 = DIRECTION('',(0.,0.,1.));
#12879 = ORIENTED_EDGE('',*,*,#870,.F.);
#12880 = CYLINDRICAL_SURFACE('',#12881,0.500001333575);
#12881 = AXIS2_PLACEMENT_3D('',#12882,#12883,#12884);
#12882 = CARTESIAN_POINT('',(98.550001333573,-129.5875013335,0.));
#12883 = DIRECTION('',(-0.,-0.,-1.));
#12884 = DIRECTION('',(-2.667139191042E-06,0.999999999996,0.));
#12885 = ADVANCED_FACE('',(#12886),#12897,.T.);
#12886 = FACE_BOUND('',#12887,.T.);
#12887 = EDGE_LOOP('',(#12888,#12894,#12895,#12896));
#12888 = ORIENTED_EDGE('',*,*,#12889,.T.);
#12889 = EDGE_CURVE('',#882,#6541,#12890,.T.);
#12890 = LINE('',#12891,#12892);
#12891 = CARTESIAN_POINT('',(111.55,-129.0875,0.));
#12892 = VECTOR('',#12893,1.);
#12893 = DIRECTION('',(0.,0.,1.));
#12894 = ORIENTED_EDGE('',*,*,#6540,.T.);
#12895 = ORIENTED_EDGE('',*,*,#12867,.F.);
#12896 = ORIENTED_EDGE('',*,*,#881,.F.);
#12897 = PLANE('',#12898);
#12898 = AXIS2_PLACEMENT_3D('',#12899,#12900,#12901);
#12899 = CARTESIAN_POINT('',(111.55,-129.0875,0.));
#12900 = DIRECTION('',(0.,-1.,0.));
#12901 = DIRECTION('',(-1.,0.,0.));
#12902 = ADVANCED_FACE('',(#12903),#12914,.T.);
#12903 = FACE_BOUND('',#12904,.T.);
#12904 = EDGE_LOOP('',(#12905,#12906,#12907,#12913));
#12905 = ORIENTED_EDGE('',*,*,#12874,.T.);
#12906 = ORIENTED_EDGE('',*,*,#6591,.T.);
#12907 = ORIENTED_EDGE('',*,*,#12908,.F.);
#12908 = EDGE_CURVE('',#924,#6583,#12909,.T.);
#12909 = LINE('',#12910,#12911);
#12910 = CARTESIAN_POINT('',(98.05,-142.5875,0.));
#12911 = VECTOR('',#12912,1.);
#12912 = DIRECTION('',(0.,0.,1.));
#12913 = ORIENTED_EDGE('',*,*,#932,.F.);
#12914 = PLANE('',#12915);
#12915 = AXIS2_PLACEMENT_3D('',#12916,#12917,#12918);
#12916 = CARTESIAN_POINT('',(98.05,-129.5875,0.));
#12917 = DIRECTION('',(1.,0.,-0.));
#12918 = DIRECTION('',(0.,-1.,0.));
#12919 = ADVANCED_FACE('',(#12920),#12931,.F.);
#12920 = FACE_BOUND('',#12921,.T.);
#12921 = EDGE_LOOP('',(#12922,#12928,#12929,#12930));
#12922 = ORIENTED_EDGE('',*,*,#12923,.T.);
#12923 = EDGE_CURVE('',#890,#6549,#12924,.T.);
#12924 = LINE('',#12925,#12926);
#12925 = CARTESIAN_POINT('',(112.05,-129.5875,0.));
#12926 = VECTOR('',#12927,1.);
#12927 = DIRECTION('',(0.,0.,1.));
#12928 = ORIENTED_EDGE('',*,*,#6548,.T.);
#12929 = ORIENTED_EDGE('',*,*,#12889,.F.);
#12930 = ORIENTED_EDGE('',*,*,#889,.F.);
#12931 = CYLINDRICAL_SURFACE('',#12932,0.500001333575);
#12932 = AXIS2_PLACEMENT_3D('',#12933,#12934,#12935);
#12933 = CARTESIAN_POINT('',(111.54999866642,-129.5875013335,0.));
#12934 = DIRECTION('',(-0.,-0.,-1.));
#12935 = DIRECTION('',(0.999999999996,2.667139191043E-06,-0.));
#12936 = ADVANCED_FACE('',(#12937),#12948,.F.);
#12937 = FACE_BOUND('',#12938,.T.);
#12938 = EDGE_LOOP('',(#12939,#12940,#12941,#12947));
#12939 = ORIENTED_EDGE('',*,*,#12908,.T.);
#12940 = ORIENTED_EDGE('',*,*,#6582,.T.);
#12941 = ORIENTED_EDGE('',*,*,#12942,.F.);
#12942 = EDGE_CURVE('',#916,#6575,#12943,.T.);
#12943 = LINE('',#12944,#12945);
#12944 = CARTESIAN_POINT('',(98.55,-143.0875,0.));
#12945 = VECTOR('',#12946,1.);
#12946 = DIRECTION('',(0.,0.,1.));
#12947 = ORIENTED_EDGE('',*,*,#923,.F.);
#12948 = CYLINDRICAL_SURFACE('',#12949,0.500001333575);
#12949 = AXIS2_PLACEMENT_3D('',#12950,#12951,#12952);
#12950 = CARTESIAN_POINT('',(98.550001333573,-142.5874986664,0.));
#12951 = DIRECTION('',(-0.,-0.,-1.));
#12952 = DIRECTION('',(-0.999999999996,-2.667139247886E-06,0.));
#12953 = ADVANCED_FACE('',(#12954),#12965,.T.);
#12954 = FACE_BOUND('',#12955,.T.);
#12955 = EDGE_LOOP('',(#12956,#12962,#12963,#12964));
#12956 = ORIENTED_EDGE('',*,*,#12957,.T.);
#12957 = EDGE_CURVE('',#899,#6558,#12958,.T.);
#12958 = LINE('',#12959,#12960);
#12959 = CARTESIAN_POINT('',(112.05,-142.5875,0.));
#12960 = VECTOR('',#12961,1.);
#12961 = DIRECTION('',(0.,0.,1.));
#12962 = ORIENTED_EDGE('',*,*,#6557,.T.);
#12963 = ORIENTED_EDGE('',*,*,#12923,.F.);
#12964 = ORIENTED_EDGE('',*,*,#898,.F.);
#12965 = PLANE('',#12966);
#12966 = AXIS2_PLACEMENT_3D('',#12967,#12968,#12969);
#12967 = CARTESIAN_POINT('',(112.05,-142.5875,0.));
#12968 = DIRECTION('',(-1.,0.,0.));
#12969 = DIRECTION('',(0.,1.,0.));
#12970 = ADVANCED_FACE('',(#12971),#12982,.T.);
#12971 = FACE_BOUND('',#12972,.T.);
#12972 = EDGE_LOOP('',(#12973,#12974,#12975,#12981));
#12973 = ORIENTED_EDGE('',*,*,#12942,.T.);
#12974 = ORIENTED_EDGE('',*,*,#6574,.T.);
#12975 = ORIENTED_EDGE('',*,*,#12976,.F.);
#12976 = EDGE_CURVE('',#907,#6566,#12977,.T.);
#12977 = LINE('',#12978,#12979);
#12978 = CARTESIAN_POINT('',(111.55,-143.0875,0.));
#12979 = VECTOR('',#12980,1.);
#12980 = DIRECTION('',(0.,0.,1.));
#12981 = ORIENTED_EDGE('',*,*,#915,.F.);
#12982 = PLANE('',#12983);
#12983 = AXIS2_PLACEMENT_3D('',#12984,#12985,#12986);
#12984 = CARTESIAN_POINT('',(98.55,-143.0875,0.));
#12985 = DIRECTION('',(0.,1.,0.));
#12986 = DIRECTION('',(1.,0.,0.));
#12987 = ADVANCED_FACE('',(#12988),#12994,.F.);
#12988 = FACE_BOUND('',#12989,.T.);
#12989 = EDGE_LOOP('',(#12990,#12991,#12992,#12993));
#12990 = ORIENTED_EDGE('',*,*,#12976,.T.);
#12991 = ORIENTED_EDGE('',*,*,#6565,.T.);
#12992 = ORIENTED_EDGE('',*,*,#12957,.F.);
#12993 = ORIENTED_EDGE('',*,*,#906,.F.);
#12994 = CYLINDRICAL_SURFACE('',#12995,0.500001333575);
#12995 = AXIS2_PLACEMENT_3D('',#12996,#12997,#12998);
#12996 = CARTESIAN_POINT('',(111.54999866642,-142.5874986664,0.));
#12997 = DIRECTION('',(-0.,-0.,-1.));
#12998 = DIRECTION('',(2.667139134199E-06,-0.999999999996,0.));
#12999 = ADVANCED_FACE('',(#13000),#13016,.F.);
#13000 = FACE_BOUND('',#13001,.T.);
#13001 = EDGE_LOOP('',(#13002,#13008,#13009,#13015));
#13002 = ORIENTED_EDGE('',*,*,#13003,.T.);
#13003 = EDGE_CURVE('',#941,#6600,#13004,.T.);
#13004 = LINE('',#13005,#13006);
#13005 = CARTESIAN_POINT('',(117.65,-129.0875,0.));
#13006 = VECTOR('',#13007,1.);
#13007 = DIRECTION('',(0.,0.,1.));
#13008 = ORIENTED_EDGE('',*,*,#6599,.T.);
#13009 = ORIENTED_EDGE('',*,*,#13010,.F.);
#13010 = EDGE_CURVE('',#943,#6602,#13011,.T.);
#13011 = LINE('',#13012,#13013);
#13012 = CARTESIAN_POINT('',(117.15,-129.5875,0.));
#13013 = VECTOR('',#13014,1.);
#13014 = DIRECTION('',(0.,0.,1.));
#13015 = ORIENTED_EDGE('',*,*,#940,.F.);
#13016 = CYLINDRICAL_SURFACE('',#13017,0.500001333575);
#13017 = AXIS2_PLACEMENT_3D('',#13018,#13019,#13020);
#13018 = CARTESIAN_POINT('',(117.65000133357,-129.5875013335,0.));
#13019 = DIRECTION('',(-0.,-0.,-1.));
#13020 = DIRECTION('',(-2.667139134199E-06,0.999999999996,0.));
#13021 = ADVANCED_FACE('',(#13022),#13033,.T.);
#13022 = FACE_BOUND('',#13023,.T.);
#13023 = EDGE_LOOP('',(#13024,#13030,#13031,#13032));
#13024 = ORIENTED_EDGE('',*,*,#13025,.T.);
#13025 = EDGE_CURVE('',#952,#6611,#13026,.T.);
#13026 = LINE('',#13027,#13028);
#13027 = CARTESIAN_POINT('',(130.65,-129.0875,0.));
#13028 = VECTOR('',#13029,1.);
#13029 = DIRECTION('',(0.,0.,1.));
#13030 = ORIENTED_EDGE('',*,*,#6610,.T.);
#13031 = ORIENTED_EDGE('',*,*,#13003,.F.);
#13032 = ORIENTED_EDGE('',*,*,#951,.F.);
#13033 = PLANE('',#13034);
#13034 = AXIS2_PLACEMENT_3D('',#13035,#13036,#13037);
#13035 = CARTESIAN_POINT('',(130.65,-129.0875,0.));
#13036 = DIRECTION('',(0.,-1.,0.));
#13037 = DIRECTION('',(-1.,0.,0.));
#13038 = ADVANCED_FACE('',(#13039),#13050,.T.);
#13039 = FACE_BOUND('',#13040,.T.);
#13040 = EDGE_LOOP('',(#13041,#13042,#13043,#13049));
#13041 = ORIENTED_EDGE('',*,*,#13010,.T.);
#13042 = ORIENTED_EDGE('',*,*,#6661,.T.);
#13043 = ORIENTED_EDGE('',*,*,#13044,.F.);
#13044 = EDGE_CURVE('',#994,#6653,#13045,.T.);
#13045 = LINE('',#13046,#13047);
#13046 = CARTESIAN_POINT('',(117.15,-142.5875,0.));
#13047 = VECTOR('',#13048,1.);
#13048 = DIRECTION('',(0.,0.,1.));
#13049 = ORIENTED_EDGE('',*,*,#1002,.F.);
#13050 = PLANE('',#13051);
#13051 = AXIS2_PLACEMENT_3D('',#13052,#13053,#13054);
#13052 = CARTESIAN_POINT('',(117.15,-129.5875,0.));
#13053 = DIRECTION('',(1.,0.,-0.));
#13054 = DIRECTION('',(0.,-1.,0.));
#13055 = ADVANCED_FACE('',(#13056),#13067,.F.);
#13056 = FACE_BOUND('',#13057,.T.);
#13057 = EDGE_LOOP('',(#13058,#13064,#13065,#13066));
#13058 = ORIENTED_EDGE('',*,*,#13059,.T.);
#13059 = EDGE_CURVE('',#960,#6619,#13060,.T.);
#13060 = LINE('',#13061,#13062);
#13061 = CARTESIAN_POINT('',(131.15,-129.5875,0.));
#13062 = VECTOR('',#13063,1.);
#13063 = DIRECTION('',(0.,0.,1.));
#13064 = ORIENTED_EDGE('',*,*,#6618,.T.);
#13065 = ORIENTED_EDGE('',*,*,#13025,.F.);
#13066 = ORIENTED_EDGE('',*,*,#959,.F.);
#13067 = CYLINDRICAL_SURFACE('',#13068,0.500001333575);
#13068 = AXIS2_PLACEMENT_3D('',#13069,#13070,#13071);
#13069 = CARTESIAN_POINT('',(130.64999866642,-129.5875013335,0.));
#13070 = DIRECTION('',(-0.,-0.,-1.));
#13071 = DIRECTION('',(0.999999999996,2.667139191042E-06,-0.));
#13072 = ADVANCED_FACE('',(#13073),#13084,.F.);
#13073 = FACE_BOUND('',#13074,.T.);
#13074 = EDGE_LOOP('',(#13075,#13076,#13077,#13083));
#13075 = ORIENTED_EDGE('',*,*,#13044,.T.);
#13076 = ORIENTED_EDGE('',*,*,#6652,.T.);
#13077 = ORIENTED_EDGE('',*,*,#13078,.F.);
#13078 = EDGE_CURVE('',#986,#6645,#13079,.T.);
#13079 = LINE('',#13080,#13081);
#13080 = CARTESIAN_POINT('',(117.65,-143.0875,0.));
#13081 = VECTOR('',#13082,1.);
#13082 = DIRECTION('',(0.,0.,1.));
#13083 = ORIENTED_EDGE('',*,*,#993,.F.);
#13084 = CYLINDRICAL_SURFACE('',#13085,0.500001333575);
#13085 = AXIS2_PLACEMENT_3D('',#13086,#13087,#13088);
#13086 = CARTESIAN_POINT('',(117.65000133357,-142.5874986664,0.));
#13087 = DIRECTION('',(-0.,-0.,-1.));
#13088 = DIRECTION('',(-0.999999999996,-2.667139191043E-06,0.));
#13089 = ADVANCED_FACE('',(#13090),#13101,.T.);
#13090 = FACE_BOUND('',#13091,.T.);
#13091 = EDGE_LOOP('',(#13092,#13098,#13099,#13100));
#13092 = ORIENTED_EDGE('',*,*,#13093,.T.);
#13093 = EDGE_CURVE('',#969,#6628,#13094,.T.);
#13094 = LINE('',#13095,#13096);
#13095 = CARTESIAN_POINT('',(131.15,-142.5875,0.));
#13096 = VECTOR('',#13097,1.);
#13097 = DIRECTION('',(0.,0.,1.));
#13098 = ORIENTED_EDGE('',*,*,#6627,.T.);
#13099 = ORIENTED_EDGE('',*,*,#13059,.F.);
#13100 = ORIENTED_EDGE('',*,*,#968,.F.);
#13101 = PLANE('',#13102);
#13102 = AXIS2_PLACEMENT_3D('',#13103,#13104,#13105);
#13103 = CARTESIAN_POINT('',(131.15,-142.5875,0.));
#13104 = DIRECTION('',(-1.,0.,0.));
#13105 = DIRECTION('',(0.,1.,0.));
#13106 = ADVANCED_FACE('',(#13107),#13118,.T.);
#13107 = FACE_BOUND('',#13108,.T.);
#13108 = EDGE_LOOP('',(#13109,#13110,#13111,#13117));
#13109 = ORIENTED_EDGE('',*,*,#13078,.T.);
#13110 = ORIENTED_EDGE('',*,*,#6644,.T.);
#13111 = ORIENTED_EDGE('',*,*,#13112,.F.);
#13112 = EDGE_CURVE('',#977,#6636,#13113,.T.);
#13113 = LINE('',#13114,#13115);
#13114 = CARTESIAN_POINT('',(130.65,-143.0875,0.));
#13115 = VECTOR('',#13116,1.);
#13116 = DIRECTION('',(0.,0.,1.));
#13117 = ORIENTED_EDGE('',*,*,#985,.F.);
#13118 = PLANE('',#13119);
#13119 = AXIS2_PLACEMENT_3D('',#13120,#13121,#13122);
#13120 = CARTESIAN_POINT('',(117.65,-143.0875,0.));
#13121 = DIRECTION('',(0.,1.,0.));
#13122 = DIRECTION('',(1.,0.,0.));
#13123 = ADVANCED_FACE('',(#13124),#13130,.F.);
#13124 = FACE_BOUND('',#13125,.T.);
#13125 = EDGE_LOOP('',(#13126,#13127,#13128,#13129));
#13126 = ORIENTED_EDGE('',*,*,#13112,.T.);
#13127 = ORIENTED_EDGE('',*,*,#6635,.T.);
#13128 = ORIENTED_EDGE('',*,*,#13093,.F.);
#13129 = ORIENTED_EDGE('',*,*,#976,.F.);
#13130 = CYLINDRICAL_SURFACE('',#13131,0.500001333575);
#13131 = AXIS2_PLACEMENT_3D('',#13132,#13133,#13134);
#13132 = CARTESIAN_POINT('',(130.64999866642,-142.5874986664,0.));
#13133 = DIRECTION('',(-0.,-0.,-1.));
#13134 = DIRECTION('',(2.667139191042E-06,-0.999999999996,0.));
#13135 = ADVANCED_FACE('',(#13136),#13152,.F.);
#13136 = FACE_BOUND('',#13137,.T.);
#13137 = EDGE_LOOP('',(#13138,#13144,#13145,#13151));
#13138 = ORIENTED_EDGE('',*,*,#13139,.T.);
#13139 = EDGE_CURVE('',#1011,#6670,#13140,.T.);
#13140 = LINE('',#13141,#13142);
#13141 = CARTESIAN_POINT('',(136.75,-129.0875,0.));
#13142 = VECTOR('',#13143,1.);
#13143 = DIRECTION('',(0.,0.,1.));
#13144 = ORIENTED_EDGE('',*,*,#6669,.T.);
#13145 = ORIENTED_EDGE('',*,*,#13146,.F.);
#13146 = EDGE_CURVE('',#1013,#6672,#13147,.T.);
#13147 = LINE('',#13148,#13149);
#13148 = CARTESIAN_POINT('',(136.25,-129.5875,0.));
#13149 = VECTOR('',#13150,1.);
#13150 = DIRECTION('',(0.,0.,1.));
#13151 = ORIENTED_EDGE('',*,*,#1010,.F.);
#13152 = CYLINDRICAL_SURFACE('',#13153,0.500001333575);
#13153 = AXIS2_PLACEMENT_3D('',#13154,#13155,#13156);
#13154 = CARTESIAN_POINT('',(136.75000133357,-129.5875013335,0.));
#13155 = DIRECTION('',(-0.,-0.,-1.));
#13156 = DIRECTION('',(-2.667139134199E-06,0.999999999996,0.));
#13157 = ADVANCED_FACE('',(#13158),#13169,.T.);
#13158 = FACE_BOUND('',#13159,.T.);
#13159 = EDGE_LOOP('',(#13160,#13166,#13167,#13168));
#13160 = ORIENTED_EDGE('',*,*,#13161,.T.);
#13161 = EDGE_CURVE('',#1022,#6681,#13162,.T.);
#13162 = LINE('',#13163,#13164);
#13163 = CARTESIAN_POINT('',(149.75,-129.0875,0.));
#13164 = VECTOR('',#13165,1.);
#13165 = DIRECTION('',(0.,0.,1.));
#13166 = ORIENTED_EDGE('',*,*,#6680,.T.);
#13167 = ORIENTED_EDGE('',*,*,#13139,.F.);
#13168 = ORIENTED_EDGE('',*,*,#1021,.F.);
#13169 = PLANE('',#13170);
#13170 = AXIS2_PLACEMENT_3D('',#13171,#13172,#13173);
#13171 = CARTESIAN_POINT('',(149.75,-129.0875,0.));
#13172 = DIRECTION('',(0.,-1.,0.));
#13173 = DIRECTION('',(-1.,0.,0.));
#13174 = ADVANCED_FACE('',(#13175),#13186,.T.);
#13175 = FACE_BOUND('',#13176,.T.);
#13176 = EDGE_LOOP('',(#13177,#13178,#13179,#13185));
#13177 = ORIENTED_EDGE('',*,*,#13146,.T.);
#13178 = ORIENTED_EDGE('',*,*,#6731,.T.);
#13179 = ORIENTED_EDGE('',*,*,#13180,.F.);
#13180 = EDGE_CURVE('',#1064,#6723,#13181,.T.);
#13181 = LINE('',#13182,#13183);
#13182 = CARTESIAN_POINT('',(136.25,-142.5875,0.));
#13183 = VECTOR('',#13184,1.);
#13184 = DIRECTION('',(0.,0.,1.));
#13185 = ORIENTED_EDGE('',*,*,#1072,.F.);
#13186 = PLANE('',#13187);
#13187 = AXIS2_PLACEMENT_3D('',#13188,#13189,#13190);
#13188 = CARTESIAN_POINT('',(136.25,-129.5875,0.));
#13189 = DIRECTION('',(1.,0.,-0.));
#13190 = DIRECTION('',(0.,-1.,0.));
#13191 = ADVANCED_FACE('',(#13192),#13203,.F.);
#13192 = FACE_BOUND('',#13193,.T.);
#13193 = EDGE_LOOP('',(#13194,#13200,#13201,#13202));
#13194 = ORIENTED_EDGE('',*,*,#13195,.T.);
#13195 = EDGE_CURVE('',#1030,#6689,#13196,.T.);
#13196 = LINE('',#13197,#13198);
#13197 = CARTESIAN_POINT('',(150.25,-129.5875,0.));
#13198 = VECTOR('',#13199,1.);
#13199 = DIRECTION('',(0.,0.,1.));
#13200 = ORIENTED_EDGE('',*,*,#6688,.T.);
#13201 = ORIENTED_EDGE('',*,*,#13161,.F.);
#13202 = ORIENTED_EDGE('',*,*,#1029,.F.);
#13203 = CYLINDRICAL_SURFACE('',#13204,0.500001333575);
#13204 = AXIS2_PLACEMENT_3D('',#13205,#13206,#13207);
#13205 = CARTESIAN_POINT('',(149.74999866642,-129.5875013335,0.));
#13206 = DIRECTION('',(-0.,-0.,-1.));
#13207 = DIRECTION('',(0.999999999996,2.667139191043E-06,-0.));
#13208 = ADVANCED_FACE('',(#13209),#13220,.F.);
#13209 = FACE_BOUND('',#13210,.T.);
#13210 = EDGE_LOOP('',(#13211,#13212,#13213,#13219));
#13211 = ORIENTED_EDGE('',*,*,#13180,.T.);
#13212 = ORIENTED_EDGE('',*,*,#6722,.T.);
#13213 = ORIENTED_EDGE('',*,*,#13214,.F.);
#13214 = EDGE_CURVE('',#1056,#6715,#13215,.T.);
#13215 = LINE('',#13216,#13217);
#13216 = CARTESIAN_POINT('',(136.75,-143.0875,0.));
#13217 = VECTOR('',#13218,1.);
#13218 = DIRECTION('',(0.,0.,1.));
#13219 = ORIENTED_EDGE('',*,*,#1063,.F.);
#13220 = CYLINDRICAL_SURFACE('',#13221,0.500001333575);
#13221 = AXIS2_PLACEMENT_3D('',#13222,#13223,#13224);
#13222 = CARTESIAN_POINT('',(136.75000133357,-142.5874986664,0.));
#13223 = DIRECTION('',(-0.,-0.,-1.));
#13224 = DIRECTION('',(-0.999999999996,-2.667139191043E-06,0.));
#13225 = ADVANCED_FACE('',(#13226),#13237,.T.);
#13226 = FACE_BOUND('',#13227,.T.);
#13227 = EDGE_LOOP('',(#13228,#13234,#13235,#13236));
#13228 = ORIENTED_EDGE('',*,*,#13229,.T.);
#13229 = EDGE_CURVE('',#1039,#6698,#13230,.T.);
#13230 = LINE('',#13231,#13232);
#13231 = CARTESIAN_POINT('',(150.25,-142.5875,0.));
#13232 = VECTOR('',#13233,1.);
#13233 = DIRECTION('',(0.,0.,1.));
#13234 = ORIENTED_EDGE('',*,*,#6697,.T.);
#13235 = ORIENTED_EDGE('',*,*,#13195,.F.);
#13236 = ORIENTED_EDGE('',*,*,#1038,.F.);
#13237 = PLANE('',#13238);
#13238 = AXIS2_PLACEMENT_3D('',#13239,#13240,#13241);
#13239 = CARTESIAN_POINT('',(150.25,-142.5875,0.));
#13240 = DIRECTION('',(-1.,0.,0.));
#13241 = DIRECTION('',(0.,1.,0.));
#13242 = ADVANCED_FACE('',(#13243),#13254,.T.);
#13243 = FACE_BOUND('',#13244,.T.);
#13244 = EDGE_LOOP('',(#13245,#13246,#13247,#13253));
#13245 = ORIENTED_EDGE('',*,*,#13214,.T.);
#13246 = ORIENTED_EDGE('',*,*,#6714,.T.);
#13247 = ORIENTED_EDGE('',*,*,#13248,.F.);
#13248 = EDGE_CURVE('',#1047,#6706,#13249,.T.);
#13249 = LINE('',#13250,#13251);
#13250 = CARTESIAN_POINT('',(149.75,-143.0875,0.));
#13251 = VECTOR('',#13252,1.);
#13252 = DIRECTION('',(0.,0.,1.));
#13253 = ORIENTED_EDGE('',*,*,#1055,.F.);
#13254 = PLANE('',#13255);
#13255 = AXIS2_PLACEMENT_3D('',#13256,#13257,#13258);
#13256 = CARTESIAN_POINT('',(136.75,-143.0875,0.));
#13257 = DIRECTION('',(0.,1.,0.));
#13258 = DIRECTION('',(1.,0.,0.));
#13259 = ADVANCED_FACE('',(#13260),#13266,.F.);
#13260 = FACE_BOUND('',#13261,.T.);
#13261 = EDGE_LOOP('',(#13262,#13263,#13264,#13265));
#13262 = ORIENTED_EDGE('',*,*,#13248,.T.);
#13263 = ORIENTED_EDGE('',*,*,#6705,.T.);
#13264 = ORIENTED_EDGE('',*,*,#13229,.F.);
#13265 = ORIENTED_EDGE('',*,*,#1046,.F.);
#13266 = CYLINDRICAL_SURFACE('',#13267,0.500001333575);
#13267 = AXIS2_PLACEMENT_3D('',#13268,#13269,#13270);
#13268 = CARTESIAN_POINT('',(149.74999866642,-142.5874986664,0.));
#13269 = DIRECTION('',(-0.,-0.,-1.));
#13270 = DIRECTION('',(2.667139134199E-06,-0.999999999996,0.));
#13271 = ADVANCED_FACE('',(#13272),#13288,.F.);
#13272 = FACE_BOUND('',#13273,.T.);
#13273 = EDGE_LOOP('',(#13274,#13280,#13281,#13287));
#13274 = ORIENTED_EDGE('',*,*,#13275,.T.);
#13275 = EDGE_CURVE('',#1081,#6740,#13276,.T.);
#13276 = LINE('',#13277,#13278);
#13277 = CARTESIAN_POINT('',(155.85,-129.0875,0.));
#13278 = VECTOR('',#13279,1.);
#13279 = DIRECTION('',(0.,0.,1.));
#13280 = ORIENTED_EDGE('',*,*,#6739,.T.);
#13281 = ORIENTED_EDGE('',*,*,#13282,.F.);
#13282 = EDGE_CURVE('',#1083,#6742,#13283,.T.);
#13283 = LINE('',#13284,#13285);
#13284 = CARTESIAN_POINT('',(155.35,-129.5875,0.));
#13285 = VECTOR('',#13286,1.);
#13286 = DIRECTION('',(0.,0.,1.));
#13287 = ORIENTED_EDGE('',*,*,#1080,.F.);
#13288 = CYLINDRICAL_SURFACE('',#13289,0.500001333575);
#13289 = AXIS2_PLACEMENT_3D('',#13290,#13291,#13292);
#13290 = CARTESIAN_POINT('',(155.85000133357,-129.5875013335,0.));
#13291 = DIRECTION('',(-0.,-0.,-1.));
#13292 = DIRECTION('',(-2.667139191042E-06,0.999999999996,0.));
#13293 = ADVANCED_FACE('',(#13294),#13305,.T.);
#13294 = FACE_BOUND('',#13295,.T.);
#13295 = EDGE_LOOP('',(#13296,#13302,#13303,#13304));
#13296 = ORIENTED_EDGE('',*,*,#13297,.T.);
#13297 = EDGE_CURVE('',#1092,#6751,#13298,.T.);
#13298 = LINE('',#13299,#13300);
#13299 = CARTESIAN_POINT('',(168.85,-129.0875,0.));
#13300 = VECTOR('',#13301,1.);
#13301 = DIRECTION('',(0.,0.,1.));
#13302 = ORIENTED_EDGE('',*,*,#6750,.T.);
#13303 = ORIENTED_EDGE('',*,*,#13275,.F.);
#13304 = ORIENTED_EDGE('',*,*,#1091,.F.);
#13305 = PLANE('',#13306);
#13306 = AXIS2_PLACEMENT_3D('',#13307,#13308,#13309);
#13307 = CARTESIAN_POINT('',(168.85,-129.0875,0.));
#13308 = DIRECTION('',(0.,-1.,0.));
#13309 = DIRECTION('',(-1.,0.,0.));
#13310 = ADVANCED_FACE('',(#13311),#13322,.T.);
#13311 = FACE_BOUND('',#13312,.T.);
#13312 = EDGE_LOOP('',(#13313,#13314,#13315,#13321));
#13313 = ORIENTED_EDGE('',*,*,#13282,.T.);
#13314 = ORIENTED_EDGE('',*,*,#6801,.T.);
#13315 = ORIENTED_EDGE('',*,*,#13316,.F.);
#13316 = EDGE_CURVE('',#1134,#6793,#13317,.T.);
#13317 = LINE('',#13318,#13319);
#13318 = CARTESIAN_POINT('',(155.35,-142.5875,0.));
#13319 = VECTOR('',#13320,1.);
#13320 = DIRECTION('',(0.,0.,1.));
#13321 = ORIENTED_EDGE('',*,*,#1142,.F.);
#13322 = PLANE('',#13323);
#13323 = AXIS2_PLACEMENT_3D('',#13324,#13325,#13326);
#13324 = CARTESIAN_POINT('',(155.35,-129.5875,0.));
#13325 = DIRECTION('',(1.,0.,-0.));
#13326 = DIRECTION('',(0.,-1.,0.));
#13327 = ADVANCED_FACE('',(#13328),#13339,.F.);
#13328 = FACE_BOUND('',#13329,.T.);
#13329 = EDGE_LOOP('',(#13330,#13336,#13337,#13338));
#13330 = ORIENTED_EDGE('',*,*,#13331,.T.);
#13331 = EDGE_CURVE('',#1100,#6759,#13332,.T.);
#13332 = LINE('',#13333,#13334);
#13333 = CARTESIAN_POINT('',(169.35,-129.5875,0.));
#13334 = VECTOR('',#13335,1.);
#13335 = DIRECTION('',(0.,0.,1.));
#13336 = ORIENTED_EDGE('',*,*,#6758,.T.);
#13337 = ORIENTED_EDGE('',*,*,#13297,.F.);
#13338 = ORIENTED_EDGE('',*,*,#1099,.F.);
#13339 = CYLINDRICAL_SURFACE('',#13340,0.500001333575);
#13340 = AXIS2_PLACEMENT_3D('',#13341,#13342,#13343);
#13341 = CARTESIAN_POINT('',(168.84999866642,-129.5875013335,0.));
#13342 = DIRECTION('',(-0.,-0.,-1.));
#13343 = DIRECTION('',(0.999999999996,2.667139191042E-06,-0.));
#13344 = ADVANCED_FACE('',(#13345),#13356,.F.);
#13345 = FACE_BOUND('',#13346,.T.);
#13346 = EDGE_LOOP('',(#13347,#13348,#13349,#13355));
#13347 = ORIENTED_EDGE('',*,*,#13316,.T.);
#13348 = ORIENTED_EDGE('',*,*,#6792,.T.);
#13349 = ORIENTED_EDGE('',*,*,#13350,.F.);
#13350 = EDGE_CURVE('',#1126,#6785,#13351,.T.);
#13351 = LINE('',#13352,#13353);
#13352 = CARTESIAN_POINT('',(155.85,-143.0875,0.));
#13353 = VECTOR('',#13354,1.);
#13354 = DIRECTION('',(0.,0.,1.));
#13355 = ORIENTED_EDGE('',*,*,#1133,.F.);
#13356 = CYLINDRICAL_SURFACE('',#13357,0.500001333575);
#13357 = AXIS2_PLACEMENT_3D('',#13358,#13359,#13360);
#13358 = CARTESIAN_POINT('',(155.85000133357,-142.5874986664,0.));
#13359 = DIRECTION('',(-0.,-0.,-1.));
#13360 = DIRECTION('',(-0.999999999996,-2.667139191042E-06,0.));
#13361 = ADVANCED_FACE('',(#13362),#13373,.T.);
#13362 = FACE_BOUND('',#13363,.T.);
#13363 = EDGE_LOOP('',(#13364,#13370,#13371,#13372));
#13364 = ORIENTED_EDGE('',*,*,#13365,.T.);
#13365 = EDGE_CURVE('',#1109,#6768,#13366,.T.);
#13366 = LINE('',#13367,#13368);
#13367 = CARTESIAN_POINT('',(169.35,-142.5875,0.));
#13368 = VECTOR('',#13369,1.);
#13369 = DIRECTION('',(0.,0.,1.));
#13370 = ORIENTED_EDGE('',*,*,#6767,.T.);
#13371 = ORIENTED_EDGE('',*,*,#13331,.F.);
#13372 = ORIENTED_EDGE('',*,*,#1108,.F.);
#13373 = PLANE('',#13374);
#13374 = AXIS2_PLACEMENT_3D('',#13375,#13376,#13377);
#13375 = CARTESIAN_POINT('',(169.35,-142.5875,0.));
#13376 = DIRECTION('',(-1.,0.,0.));
#13377 = DIRECTION('',(0.,1.,0.));
#13378 = ADVANCED_FACE('',(#13379),#13390,.T.);
#13379 = FACE_BOUND('',#13380,.T.);
#13380 = EDGE_LOOP('',(#13381,#13382,#13383,#13389));
#13381 = ORIENTED_EDGE('',*,*,#13350,.T.);
#13382 = ORIENTED_EDGE('',*,*,#6784,.T.);
#13383 = ORIENTED_EDGE('',*,*,#13384,.F.);
#13384 = EDGE_CURVE('',#1117,#6776,#13385,.T.);
#13385 = LINE('',#13386,#13387);
#13386 = CARTESIAN_POINT('',(168.85,-143.0875,0.));
#13387 = VECTOR('',#13388,1.);
#13388 = DIRECTION('',(0.,0.,1.));
#13389 = ORIENTED_EDGE('',*,*,#1125,.F.);
#13390 = PLANE('',#13391);
#13391 = AXIS2_PLACEMENT_3D('',#13392,#13393,#13394);
#13392 = CARTESIAN_POINT('',(155.85,-143.0875,0.));
#13393 = DIRECTION('',(0.,1.,0.));
#13394 = DIRECTION('',(1.,0.,0.));
#13395 = ADVANCED_FACE('',(#13396),#13402,.F.);
#13396 = FACE_BOUND('',#13397,.T.);
#13397 = EDGE_LOOP('',(#13398,#13399,#13400,#13401));
#13398 = ORIENTED_EDGE('',*,*,#13384,.T.);
#13399 = ORIENTED_EDGE('',*,*,#6775,.T.);
#13400 = ORIENTED_EDGE('',*,*,#13365,.F.);
#13401 = ORIENTED_EDGE('',*,*,#1116,.F.);
#13402 = CYLINDRICAL_SURFACE('',#13403,0.500001333575);
#13403 = AXIS2_PLACEMENT_3D('',#13404,#13405,#13406);
#13404 = CARTESIAN_POINT('',(168.84999866642,-142.5874986664,0.));
#13405 = DIRECTION('',(-0.,-0.,-1.));
#13406 = DIRECTION('',(2.667139191042E-06,-0.999999999996,0.));
#13407 = ADVANCED_FACE('',(#13408),#13424,.F.);
#13408 = FACE_BOUND('',#13409,.T.);
#13409 = EDGE_LOOP('',(#13410,#13416,#13417,#13423));
#13410 = ORIENTED_EDGE('',*,*,#13411,.T.);
#13411 = EDGE_CURVE('',#1151,#6810,#13412,.T.);
#13412 = LINE('',#13413,#13414);
#13413 = CARTESIAN_POINT('',(174.95,-129.0875,0.));
#13414 = VECTOR('',#13415,1.);
#13415 = DIRECTION('',(0.,0.,1.));
#13416 = ORIENTED_EDGE('',*,*,#6809,.T.);
#13417 = ORIENTED_EDGE('',*,*,#13418,.F.);
#13418 = EDGE_CURVE('',#1153,#6812,#13419,.T.);
#13419 = LINE('',#13420,#13421);
#13420 = CARTESIAN_POINT('',(174.45,-129.5875,0.));
#13421 = VECTOR('',#13422,1.);
#13422 = DIRECTION('',(0.,0.,1.));
#13423 = ORIENTED_EDGE('',*,*,#1150,.F.);
#13424 = CYLINDRICAL_SURFACE('',#13425,0.500001333575);
#13425 = AXIS2_PLACEMENT_3D('',#13426,#13427,#13428);
#13426 = CARTESIAN_POINT('',(174.95000133357,-129.5875013335,0.));
#13427 = DIRECTION('',(-0.,-0.,-1.));
#13428 = DIRECTION('',(-2.667139247886E-06,0.999999999996,0.));
#13429 = ADVANCED_FACE('',(#13430),#13441,.T.);
#13430 = FACE_BOUND('',#13431,.T.);
#13431 = EDGE_LOOP('',(#13432,#13438,#13439,#13440));
#13432 = ORIENTED_EDGE('',*,*,#13433,.T.);
#13433 = EDGE_CURVE('',#1162,#6821,#13434,.T.);
#13434 = LINE('',#13435,#13436);
#13435 = CARTESIAN_POINT('',(187.95,-129.0875,0.));
#13436 = VECTOR('',#13437,1.);
#13437 = DIRECTION('',(0.,0.,1.));
#13438 = ORIENTED_EDGE('',*,*,#6820,.T.);
#13439 = ORIENTED_EDGE('',*,*,#13411,.F.);
#13440 = ORIENTED_EDGE('',*,*,#1161,.F.);
#13441 = PLANE('',#13442);
#13442 = AXIS2_PLACEMENT_3D('',#13443,#13444,#13445);
#13443 = CARTESIAN_POINT('',(187.95,-129.0875,0.));
#13444 = DIRECTION('',(0.,-1.,0.));
#13445 = DIRECTION('',(-1.,0.,0.));
#13446 = ADVANCED_FACE('',(#13447),#13458,.T.);
#13447 = FACE_BOUND('',#13448,.T.);
#13448 = EDGE_LOOP('',(#13449,#13450,#13451,#13457));
#13449 = ORIENTED_EDGE('',*,*,#13418,.T.);
#13450 = ORIENTED_EDGE('',*,*,#6871,.T.);
#13451 = ORIENTED_EDGE('',*,*,#13452,.F.);
#13452 = EDGE_CURVE('',#1204,#6863,#13453,.T.);
#13453 = LINE('',#13454,#13455);
#13454 = CARTESIAN_POINT('',(174.45,-142.5875,0.));
#13455 = VECTOR('',#13456,1.);
#13456 = DIRECTION('',(0.,0.,1.));
#13457 = ORIENTED_EDGE('',*,*,#1212,.F.);
#13458 = PLANE('',#13459);
#13459 = AXIS2_PLACEMENT_3D('',#13460,#13461,#13462);
#13460 = CARTESIAN_POINT('',(174.45,-129.5875,0.));
#13461 = DIRECTION('',(1.,0.,-0.));
#13462 = DIRECTION('',(0.,-1.,0.));
#13463 = ADVANCED_FACE('',(#13464),#13475,.F.);
#13464 = FACE_BOUND('',#13465,.T.);
#13465 = EDGE_LOOP('',(#13466,#13472,#13473,#13474));
#13466 = ORIENTED_EDGE('',*,*,#13467,.T.);
#13467 = EDGE_CURVE('',#1170,#6829,#13468,.T.);
#13468 = LINE('',#13469,#13470);
#13469 = CARTESIAN_POINT('',(188.45,-129.5875,0.));
#13470 = VECTOR('',#13471,1.);
#13471 = DIRECTION('',(0.,0.,1.));
#13472 = ORIENTED_EDGE('',*,*,#6828,.T.);
#13473 = ORIENTED_EDGE('',*,*,#13433,.F.);
#13474 = ORIENTED_EDGE('',*,*,#1169,.F.);
#13475 = CYLINDRICAL_SURFACE('',#13476,0.500001333575);
#13476 = AXIS2_PLACEMENT_3D('',#13477,#13478,#13479);
#13477 = CARTESIAN_POINT('',(187.94999866642,-129.5875013335,0.));
#13478 = DIRECTION('',(-0.,-0.,-1.));
#13479 = DIRECTION('',(0.999999999996,2.667139191043E-06,-0.));
#13480 = ADVANCED_FACE('',(#13481),#13492,.F.);
#13481 = FACE_BOUND('',#13482,.T.);
#13482 = EDGE_LOOP('',(#13483,#13484,#13485,#13491));
#13483 = ORIENTED_EDGE('',*,*,#13452,.T.);
#13484 = ORIENTED_EDGE('',*,*,#6862,.T.);
#13485 = ORIENTED_EDGE('',*,*,#13486,.F.);
#13486 = EDGE_CURVE('',#1196,#6855,#13487,.T.);
#13487 = LINE('',#13488,#13489);
#13488 = CARTESIAN_POINT('',(174.95,-143.0875,0.));
#13489 = VECTOR('',#13490,1.);
#13490 = DIRECTION('',(0.,0.,1.));
#13491 = ORIENTED_EDGE('',*,*,#1203,.F.);
#13492 = CYLINDRICAL_SURFACE('',#13493,0.500001333575);
#13493 = AXIS2_PLACEMENT_3D('',#13494,#13495,#13496);
#13494 = CARTESIAN_POINT('',(174.95000133357,-142.5874986664,0.));
#13495 = DIRECTION('',(-0.,-0.,-1.));
#13496 = DIRECTION('',(-0.999999999996,-2.667139247886E-06,0.));
#13497 = ADVANCED_FACE('',(#13498),#13509,.T.);
#13498 = FACE_BOUND('',#13499,.T.);
#13499 = EDGE_LOOP('',(#13500,#13506,#13507,#13508));
#13500 = ORIENTED_EDGE('',*,*,#13501,.T.);
#13501 = EDGE_CURVE('',#1179,#6838,#13502,.T.);
#13502 = LINE('',#13503,#13504);
#13503 = CARTESIAN_POINT('',(188.45,-142.5875,0.));
#13504 = VECTOR('',#13505,1.);
#13505 = DIRECTION('',(0.,0.,1.));
#13506 = ORIENTED_EDGE('',*,*,#6837,.T.);
#13507 = ORIENTED_EDGE('',*,*,#13467,.F.);
#13508 = ORIENTED_EDGE('',*,*,#1178,.F.);
#13509 = PLANE('',#13510);
#13510 = AXIS2_PLACEMENT_3D('',#13511,#13512,#13513);
#13511 = CARTESIAN_POINT('',(188.45,-142.5875,0.));
#13512 = DIRECTION('',(-1.,0.,0.));
#13513 = DIRECTION('',(0.,1.,0.));
#13514 = ADVANCED_FACE('',(#13515),#13526,.T.);
#13515 = FACE_BOUND('',#13516,.T.);
#13516 = EDGE_LOOP('',(#13517,#13518,#13519,#13525));
#13517 = ORIENTED_EDGE('',*,*,#13486,.T.);
#13518 = ORIENTED_EDGE('',*,*,#6854,.T.);
#13519 = ORIENTED_EDGE('',*,*,#13520,.F.);
#13520 = EDGE_CURVE('',#1187,#6846,#13521,.T.);
#13521 = LINE('',#13522,#13523);
#13522 = CARTESIAN_POINT('',(187.95,-143.0875,0.));
#13523 = VECTOR('',#13524,1.);
#13524 = DIRECTION('',(0.,0.,1.));
#13525 = ORIENTED_EDGE('',*,*,#1195,.F.);
#13526 = PLANE('',#13527);
#13527 = AXIS2_PLACEMENT_3D('',#13528,#13529,#13530);
#13528 = CARTESIAN_POINT('',(174.95,-143.0875,0.));
#13529 = DIRECTION('',(0.,1.,0.));
#13530 = DIRECTION('',(1.,0.,0.));
#13531 = ADVANCED_FACE('',(#13532),#13538,.F.);
#13532 = FACE_BOUND('',#13533,.T.);
#13533 = EDGE_LOOP('',(#13534,#13535,#13536,#13537));
#13534 = ORIENTED_EDGE('',*,*,#13520,.T.);
#13535 = ORIENTED_EDGE('',*,*,#6845,.T.);
#13536 = ORIENTED_EDGE('',*,*,#13501,.F.);
#13537 = ORIENTED_EDGE('',*,*,#1186,.F.);
#13538 = CYLINDRICAL_SURFACE('',#13539,0.500001333575);
#13539 = AXIS2_PLACEMENT_3D('',#13540,#13541,#13542);
#13540 = CARTESIAN_POINT('',(187.94999866642,-142.5874986664,0.));
#13541 = DIRECTION('',(-0.,-0.,-1.));
#13542 = DIRECTION('',(2.667139134199E-06,-0.999999999996,0.));
#13543 = ADVANCED_FACE('',(#13544),#13560,.F.);
#13544 = FACE_BOUND('',#13545,.T.);
#13545 = EDGE_LOOP('',(#13546,#13552,#13553,#13559));
#13546 = ORIENTED_EDGE('',*,*,#13547,.T.);
#13547 = EDGE_CURVE('',#1221,#6880,#13548,.T.);
#13548 = LINE('',#13549,#13550);
#13549 = CARTESIAN_POINT('',(194.05,-129.0875,0.));
#13550 = VECTOR('',#13551,1.);
#13551 = DIRECTION('',(0.,0.,1.));
#13552 = ORIENTED_EDGE('',*,*,#6879,.T.);
#13553 = ORIENTED_EDGE('',*,*,#13554,.F.);
#13554 = EDGE_CURVE('',#1223,#6882,#13555,.T.);
#13555 = LINE('',#13556,#13557);
#13556 = CARTESIAN_POINT('',(193.55,-129.5875,0.));
#13557 = VECTOR('',#13558,1.);
#13558 = DIRECTION('',(0.,0.,1.));
#13559 = ORIENTED_EDGE('',*,*,#1220,.F.);
#13560 = CYLINDRICAL_SURFACE('',#13561,0.500001333575);
#13561 = AXIS2_PLACEMENT_3D('',#13562,#13563,#13564);
#13562 = CARTESIAN_POINT('',(194.05000133357,-129.5875013335,0.));
#13563 = DIRECTION('',(-0.,-0.,-1.));
#13564 = DIRECTION('',(-2.667139134199E-06,0.999999999996,0.));
#13565 = ADVANCED_FACE('',(#13566),#13577,.T.);
#13566 = FACE_BOUND('',#13567,.T.);
#13567 = EDGE_LOOP('',(#13568,#13574,#13575,#13576));
#13568 = ORIENTED_EDGE('',*,*,#13569,.T.);
#13569 = EDGE_CURVE('',#1232,#6891,#13570,.T.);
#13570 = LINE('',#13571,#13572);
#13571 = CARTESIAN_POINT('',(207.05,-129.0875,0.));
#13572 = VECTOR('',#13573,1.);
#13573 = DIRECTION('',(0.,0.,1.));
#13574 = ORIENTED_EDGE('',*,*,#6890,.T.);
#13575 = ORIENTED_EDGE('',*,*,#13547,.F.);
#13576 = ORIENTED_EDGE('',*,*,#1231,.F.);
#13577 = PLANE('',#13578);
#13578 = AXIS2_PLACEMENT_3D('',#13579,#13580,#13581);
#13579 = CARTESIAN_POINT('',(207.05,-129.0875,0.));
#13580 = DIRECTION('',(0.,-1.,0.));
#13581 = DIRECTION('',(-1.,0.,0.));
#13582 = ADVANCED_FACE('',(#13583),#13594,.T.);
#13583 = FACE_BOUND('',#13584,.T.);
#13584 = EDGE_LOOP('',(#13585,#13586,#13587,#13593));
#13585 = ORIENTED_EDGE('',*,*,#13554,.T.);
#13586 = ORIENTED_EDGE('',*,*,#6941,.T.);
#13587 = ORIENTED_EDGE('',*,*,#13588,.F.);
#13588 = EDGE_CURVE('',#1274,#6933,#13589,.T.);
#13589 = LINE('',#13590,#13591);
#13590 = CARTESIAN_POINT('',(193.55,-142.5875,0.));
#13591 = VECTOR('',#13592,1.);
#13592 = DIRECTION('',(0.,0.,1.));
#13593 = ORIENTED_EDGE('',*,*,#1282,.F.);
#13594 = PLANE('',#13595);
#13595 = AXIS2_PLACEMENT_3D('',#13596,#13597,#13598);
#13596 = CARTESIAN_POINT('',(193.55,-129.5875,0.));
#13597 = DIRECTION('',(1.,0.,-0.));
#13598 = DIRECTION('',(0.,-1.,0.));
#13599 = ADVANCED_FACE('',(#13600),#13611,.F.);
#13600 = FACE_BOUND('',#13601,.T.);
#13601 = EDGE_LOOP('',(#13602,#13608,#13609,#13610));
#13602 = ORIENTED_EDGE('',*,*,#13603,.T.);
#13603 = EDGE_CURVE('',#1240,#6899,#13604,.T.);
#13604 = LINE('',#13605,#13606);
#13605 = CARTESIAN_POINT('',(207.55,-129.5875,0.));
#13606 = VECTOR('',#13607,1.);
#13607 = DIRECTION('',(0.,0.,1.));
#13608 = ORIENTED_EDGE('',*,*,#6898,.T.);
#13609 = ORIENTED_EDGE('',*,*,#13569,.F.);
#13610 = ORIENTED_EDGE('',*,*,#1239,.F.);
#13611 = CYLINDRICAL_SURFACE('',#13612,0.500001333575);
#13612 = AXIS2_PLACEMENT_3D('',#13613,#13614,#13615);
#13613 = CARTESIAN_POINT('',(207.04999866642,-129.5875013335,0.));
#13614 = DIRECTION('',(-0.,-0.,-1.));
#13615 = DIRECTION('',(0.999999999996,2.667139247886E-06,-0.));
#13616 = ADVANCED_FACE('',(#13617),#13628,.F.);
#13617 = FACE_BOUND('',#13618,.T.);
#13618 = EDGE_LOOP('',(#13619,#13620,#13621,#13627));
#13619 = ORIENTED_EDGE('',*,*,#13588,.T.);
#13620 = ORIENTED_EDGE('',*,*,#6932,.T.);
#13621 = ORIENTED_EDGE('',*,*,#13622,.F.);
#13622 = EDGE_CURVE('',#1266,#6925,#13623,.T.);
#13623 = LINE('',#13624,#13625);
#13624 = CARTESIAN_POINT('',(194.05,-143.0875,0.));
#13625 = VECTOR('',#13626,1.);
#13626 = DIRECTION('',(0.,0.,1.));
#13627 = ORIENTED_EDGE('',*,*,#1273,.F.);
#13628 = CYLINDRICAL_SURFACE('',#13629,0.500001333575);
#13629 = AXIS2_PLACEMENT_3D('',#13630,#13631,#13632);
#13630 = CARTESIAN_POINT('',(194.05000133357,-142.5874986664,0.));
#13631 = DIRECTION('',(-0.,-0.,-1.));
#13632 = DIRECTION('',(-0.999999999996,-2.667139191043E-06,0.));
#13633 = ADVANCED_FACE('',(#13634),#13645,.T.);
#13634 = FACE_BOUND('',#13635,.T.);
#13635 = EDGE_LOOP('',(#13636,#13642,#13643,#13644));
#13636 = ORIENTED_EDGE('',*,*,#13637,.T.);
#13637 = EDGE_CURVE('',#1249,#6908,#13638,.T.);
#13638 = LINE('',#13639,#13640);
#13639 = CARTESIAN_POINT('',(207.55,-142.5875,0.));
#13640 = VECTOR('',#13641,1.);
#13641 = DIRECTION('',(0.,0.,1.));
#13642 = ORIENTED_EDGE('',*,*,#6907,.T.);
#13643 = ORIENTED_EDGE('',*,*,#13603,.F.);
#13644 = ORIENTED_EDGE('',*,*,#1248,.F.);
#13645 = PLANE('',#13646);
#13646 = AXIS2_PLACEMENT_3D('',#13647,#13648,#13649);
#13647 = CARTESIAN_POINT('',(207.55,-142.5875,0.));
#13648 = DIRECTION('',(-1.,0.,0.));
#13649 = DIRECTION('',(0.,1.,0.));
#13650 = ADVANCED_FACE('',(#13651),#13662,.T.);
#13651 = FACE_BOUND('',#13652,.T.);
#13652 = EDGE_LOOP('',(#13653,#13654,#13655,#13661));
#13653 = ORIENTED_EDGE('',*,*,#13622,.T.);
#13654 = ORIENTED_EDGE('',*,*,#6924,.T.);
#13655 = ORIENTED_EDGE('',*,*,#13656,.F.);
#13656 = EDGE_CURVE('',#1257,#6916,#13657,.T.);
#13657 = LINE('',#13658,#13659);
#13658 = CARTESIAN_POINT('',(207.05,-143.0875,0.));
#13659 = VECTOR('',#13660,1.);
#13660 = DIRECTION('',(0.,0.,1.));
#13661 = ORIENTED_EDGE('',*,*,#1265,.F.);
#13662 = PLANE('',#13663);
#13663 = AXIS2_PLACEMENT_3D('',#13664,#13665,#13666);
#13664 = CARTESIAN_POINT('',(194.05,-143.0875,0.));
#13665 = DIRECTION('',(0.,1.,0.));
#13666 = DIRECTION('',(1.,0.,0.));
#13667 = ADVANCED_FACE('',(#13668),#13674,.F.);
#13668 = FACE_BOUND('',#13669,.T.);
#13669 = EDGE_LOOP('',(#13670,#13671,#13672,#13673));
#13670 = ORIENTED_EDGE('',*,*,#13656,.T.);
#13671 = ORIENTED_EDGE('',*,*,#6915,.T.);
#13672 = ORIENTED_EDGE('',*,*,#13637,.F.);
#13673 = ORIENTED_EDGE('',*,*,#1256,.F.);
#13674 = CYLINDRICAL_SURFACE('',#13675,0.500001333575);
#13675 = AXIS2_PLACEMENT_3D('',#13676,#13677,#13678);
#13676 = CARTESIAN_POINT('',(207.04999866642,-142.5874986664,0.));
#13677 = DIRECTION('',(-0.,-0.,-1.));
#13678 = DIRECTION('',(2.667139247886E-06,-0.999999999996,0.));
#13679 = ADVANCED_FACE('',(#13680),#13691,.F.);
#13680 = FACE_BOUND('',#13681,.T.);
#13681 = EDGE_LOOP('',(#13682,#13683,#13689,#13690));
#13682 = ORIENTED_EDGE('',*,*,#1290,.T.);
#13683 = ORIENTED_EDGE('',*,*,#13684,.T.);
#13684 = EDGE_CURVE('',#1291,#6950,#13685,.T.);
#13685 = LINE('',#13686,#13687);
#13686 = CARTESIAN_POINT('',(281.725,-168.725,-4.5E-02));
#13687 = VECTOR('',#13688,1.);
#13688 = DIRECTION('',(0.,0.,1.));
#13689 = ORIENTED_EDGE('',*,*,#6949,.F.);
#13690 = ORIENTED_EDGE('',*,*,#13684,.F.);
#13691 = CYLINDRICAL_SURFACE('',#13692,1.6);
#13692 = AXIS2_PLACEMENT_3D('',#13693,#13694,#13695);
#13693 = CARTESIAN_POINT('',(281.725,-167.125,-4.5E-02));
#13694 = DIRECTION('',(-0.,-0.,-1.));
#13695 = DIRECTION('',(-0.,-1.,0.));
#13696 = ADVANCED_FACE('',(#13697),#13713,.F.);
#13697 = FACE_BOUND('',#13698,.T.);
#13698 = EDGE_LOOP('',(#13699,#13705,#13706,#13712));
#13699 = ORIENTED_EDGE('',*,*,#13700,.T.);
#13700 = EDGE_CURVE('',#1302,#6961,#13701,.T.);
#13701 = LINE('',#13702,#13703);
#13702 = CARTESIAN_POINT('',(210.7625,-148.1875,0.));
#13703 = VECTOR('',#13704,1.);
#13704 = DIRECTION('',(0.,0.,1.));
#13705 = ORIENTED_EDGE('',*,*,#6960,.T.);
#13706 = ORIENTED_EDGE('',*,*,#13707,.F.);
#13707 = EDGE_CURVE('',#1304,#6963,#13708,.T.);
#13708 = LINE('',#13709,#13710);
#13709 = CARTESIAN_POINT('',(210.2625,-148.6875,0.));
#13710 = VECTOR('',#13711,1.);
#13711 = DIRECTION('',(0.,0.,1.));
#13712 = ORIENTED_EDGE('',*,*,#1301,.F.);
#13713 = CYLINDRICAL_SURFACE('',#13714,0.500001333575);
#13714 = AXIS2_PLACEMENT_3D('',#13715,#13716,#13717);
#13715 = CARTESIAN_POINT('',(210.76250133357,-148.6875013335,0.));
#13716 = DIRECTION('',(-0.,-0.,-1.));
#13717 = DIRECTION('',(-2.667139247886E-06,0.999999999996,0.));
#13718 = ADVANCED_FACE('',(#13719),#13730,.T.);
#13719 = FACE_BOUND('',#13720,.T.);
#13720 = EDGE_LOOP('',(#13721,#13727,#13728,#13729));
#13721 = ORIENTED_EDGE('',*,*,#13722,.T.);
#13722 = EDGE_CURVE('',#1313,#6972,#13723,.T.);
#13723 = LINE('',#13724,#13725);
#13724 = CARTESIAN_POINT('',(223.7625,-148.1875,0.));
#13725 = VECTOR('',#13726,1.);
#13726 = DIRECTION('',(0.,0.,1.));
#13727 = ORIENTED_EDGE('',*,*,#6971,.T.);
#13728 = ORIENTED_EDGE('',*,*,#13700,.F.);
#13729 = ORIENTED_EDGE('',*,*,#1312,.F.);
#13730 = PLANE('',#13731);
#13731 = AXIS2_PLACEMENT_3D('',#13732,#13733,#13734);
#13732 = CARTESIAN_POINT('',(223.7625,-148.1875,0.));
#13733 = DIRECTION('',(0.,-1.,0.));
#13734 = DIRECTION('',(-1.,0.,0.));
#13735 = ADVANCED_FACE('',(#13736),#13747,.T.);
#13736 = FACE_BOUND('',#13737,.T.);
#13737 = EDGE_LOOP('',(#13738,#13739,#13740,#13746));
#13738 = ORIENTED_EDGE('',*,*,#13707,.T.);
#13739 = ORIENTED_EDGE('',*,*,#7022,.T.);
#13740 = ORIENTED_EDGE('',*,*,#13741,.F.);
#13741 = EDGE_CURVE('',#1355,#7014,#13742,.T.);
#13742 = LINE('',#13743,#13744);
#13743 = CARTESIAN_POINT('',(210.2625,-161.6875,0.));
#13744 = VECTOR('',#13745,1.);
#13745 = DIRECTION('',(0.,0.,1.));
#13746 = ORIENTED_EDGE('',*,*,#1363,.F.);
#13747 = PLANE('',#13748);
#13748 = AXIS2_PLACEMENT_3D('',#13749,#13750,#13751);
#13749 = CARTESIAN_POINT('',(210.2625,-148.6875,0.));
#13750 = DIRECTION('',(1.,0.,-0.));
#13751 = DIRECTION('',(0.,-1.,0.));
#13752 = ADVANCED_FACE('',(#13753),#13764,.F.);
#13753 = FACE_BOUND('',#13754,.T.);
#13754 = EDGE_LOOP('',(#13755,#13761,#13762,#13763));
#13755 = ORIENTED_EDGE('',*,*,#13756,.T.);
#13756 = EDGE_CURVE('',#1321,#6980,#13757,.T.);
#13757 = LINE('',#13758,#13759);
#13758 = CARTESIAN_POINT('',(224.2625,-148.6875,0.));
#13759 = VECTOR('',#13760,1.);
#13760 = DIRECTION('',(0.,0.,1.));
#13761 = ORIENTED_EDGE('',*,*,#6979,.T.);
#13762 = ORIENTED_EDGE('',*,*,#13722,.F.);
#13763 = ORIENTED_EDGE('',*,*,#1320,.F.);
#13764 = CYLINDRICAL_SURFACE('',#13765,0.500001333575);
#13765 = AXIS2_PLACEMENT_3D('',#13766,#13767,#13768);
#13766 = CARTESIAN_POINT('',(223.76249866642,-148.6875013335,0.));
#13767 = DIRECTION('',(-0.,-0.,-1.));
#13768 = DIRECTION('',(0.999999999996,2.667139134199E-06,-0.));
#13769 = ADVANCED_FACE('',(#13770),#13781,.F.);
#13770 = FACE_BOUND('',#13771,.T.);
#13771 = EDGE_LOOP('',(#13772,#13773,#13774,#13780));
#13772 = ORIENTED_EDGE('',*,*,#13741,.T.);
#13773 = ORIENTED_EDGE('',*,*,#7013,.T.);
#13774 = ORIENTED_EDGE('',*,*,#13775,.F.);
#13775 = EDGE_CURVE('',#1347,#7006,#13776,.T.);
#13776 = LINE('',#13777,#13778);
#13777 = CARTESIAN_POINT('',(210.7625,-162.1875,0.));
#13778 = VECTOR('',#13779,1.);
#13779 = DIRECTION('',(0.,0.,1.));
#13780 = ORIENTED_EDGE('',*,*,#1354,.F.);
#13781 = CYLINDRICAL_SURFACE('',#13782,0.500001333575);
#13782 = AXIS2_PLACEMENT_3D('',#13783,#13784,#13785);
#13783 = CARTESIAN_POINT('',(210.76250133357,-161.6874986664,0.));
#13784 = DIRECTION('',(-0.,-0.,-1.));
#13785 = DIRECTION('',(-0.999999999996,-2.667139191042E-06,0.));
#13786 = ADVANCED_FACE('',(#13787),#13798,.T.);
#13787 = FACE_BOUND('',#13788,.T.);
#13788 = EDGE_LOOP('',(#13789,#13795,#13796,#13797));
#13789 = ORIENTED_EDGE('',*,*,#13790,.T.);
#13790 = EDGE_CURVE('',#1330,#6989,#13791,.T.);
#13791 = LINE('',#13792,#13793);
#13792 = CARTESIAN_POINT('',(224.2625,-161.6875,0.));
#13793 = VECTOR('',#13794,1.);
#13794 = DIRECTION('',(0.,0.,1.));
#13795 = ORIENTED_EDGE('',*,*,#6988,.T.);
#13796 = ORIENTED_EDGE('',*,*,#13756,.F.);
#13797 = ORIENTED_EDGE('',*,*,#1329,.F.);
#13798 = PLANE('',#13799);
#13799 = AXIS2_PLACEMENT_3D('',#13800,#13801,#13802);
#13800 = CARTESIAN_POINT('',(224.2625,-161.6875,0.));
#13801 = DIRECTION('',(-1.,0.,0.));
#13802 = DIRECTION('',(0.,1.,0.));
#13803 = ADVANCED_FACE('',(#13804),#13815,.T.);
#13804 = FACE_BOUND('',#13805,.T.);
#13805 = EDGE_LOOP('',(#13806,#13807,#13808,#13814));
#13806 = ORIENTED_EDGE('',*,*,#13775,.T.);
#13807 = ORIENTED_EDGE('',*,*,#7005,.T.);
#13808 = ORIENTED_EDGE('',*,*,#13809,.F.);
#13809 = EDGE_CURVE('',#1338,#6997,#13810,.T.);
#13810 = LINE('',#13811,#13812);
#13811 = CARTESIAN_POINT('',(223.7625,-162.1875,0.));
#13812 = VECTOR('',#13813,1.);
#13813 = DIRECTION('',(0.,0.,1.));
#13814 = ORIENTED_EDGE('',*,*,#1346,.F.);
#13815 = PLANE('',#13816);
#13816 = AXIS2_PLACEMENT_3D('',#13817,#13818,#13819);
#13817 = CARTESIAN_POINT('',(210.7625,-162.1875,0.));
#13818 = DIRECTION('',(0.,1.,0.));
#13819 = DIRECTION('',(1.,0.,0.));
#13820 = ADVANCED_FACE('',(#13821),#13827,.F.);
#13821 = FACE_BOUND('',#13822,.T.);
#13822 = EDGE_LOOP('',(#13823,#13824,#13825,#13826));
#13823 = ORIENTED_EDGE('',*,*,#13809,.T.);
#13824 = ORIENTED_EDGE('',*,*,#6996,.T.);
#13825 = ORIENTED_EDGE('',*,*,#13790,.F.);
#13826 = ORIENTED_EDGE('',*,*,#1337,.F.);
#13827 = CYLINDRICAL_SURFACE('',#13828,0.500001333575);
#13828 = AXIS2_PLACEMENT_3D('',#13829,#13830,#13831);
#13829 = CARTESIAN_POINT('',(223.76249866642,-161.6874986664,0.));
#13830 = DIRECTION('',(-0.,-0.,-1.));
#13831 = DIRECTION('',(2.667139134199E-06,-0.999999999996,0.));
#13832 = ADVANCED_FACE('',(#13833),#13849,.F.);
#13833 = FACE_BOUND('',#13834,.T.);
#13834 = EDGE_LOOP('',(#13835,#13841,#13842,#13848));
#13835 = ORIENTED_EDGE('',*,*,#13836,.T.);
#13836 = EDGE_CURVE('',#1372,#7031,#13837,.T.);
#13837 = LINE('',#13838,#13839);
#13838 = CARTESIAN_POINT('',(226.2005,-147.1875,0.));
#13839 = VECTOR('',#13840,1.);
#13840 = DIRECTION('',(0.,0.,1.));
#13841 = ORIENTED_EDGE('',*,*,#7030,.T.);
#13842 = ORIENTED_EDGE('',*,*,#13843,.F.);
#13843 = EDGE_CURVE('',#1374,#7033,#13844,.T.);
#13844 = LINE('',#13845,#13846);
#13845 = CARTESIAN_POINT('',(225.7005,-147.6875,0.));
#13846 = VECTOR('',#13847,1.);
#13847 = DIRECTION('',(0.,0.,1.));
#13848 = ORIENTED_EDGE('',*,*,#1371,.F.);
#13849 = CYLINDRICAL_SURFACE('',#13850,0.500001333575);
#13850 = AXIS2_PLACEMENT_3D('',#13851,#13852,#13853);
#13851 = CARTESIAN_POINT('',(226.20050133357,-147.6875013335,0.));
#13852 = DIRECTION('',(-0.,-0.,-1.));
#13853 = DIRECTION('',(-2.667139191043E-06,0.999999999996,0.));
#13854 = ADVANCED_FACE('',(#13855),#13866,.T.);
#13855 = FACE_BOUND('',#13856,.T.);
#13856 = EDGE_LOOP('',(#13857,#13863,#13864,#13865));
#13857 = ORIENTED_EDGE('',*,*,#13858,.T.);
#13858 = EDGE_CURVE('',#1383,#7042,#13859,.T.);
#13859 = LINE('',#13860,#13861);
#13860 = CARTESIAN_POINT('',(236.8375,-147.1875,0.));
#13861 = VECTOR('',#13862,1.);
#13862 = DIRECTION('',(0.,0.,1.));
#13863 = ORIENTED_EDGE('',*,*,#7041,.T.);
#13864 = ORIENTED_EDGE('',*,*,#13836,.F.);
#13865 = ORIENTED_EDGE('',*,*,#1382,.F.);
#13866 = PLANE('',#13867);
#13867 = AXIS2_PLACEMENT_3D('',#13868,#13869,#13870);
#13868 = CARTESIAN_POINT('',(236.8375,-147.1875,0.));
#13869 = DIRECTION('',(0.,-1.,0.));
#13870 = DIRECTION('',(-1.,0.,0.));
#13871 = ADVANCED_FACE('',(#13872),#13883,.T.);
#13872 = FACE_BOUND('',#13873,.T.);
#13873 = EDGE_LOOP('',(#13874,#13875,#13876,#13882));
#13874 = ORIENTED_EDGE('',*,*,#13843,.T.);
#13875 = ORIENTED_EDGE('',*,*,#7092,.T.);
#13876 = ORIENTED_EDGE('',*,*,#13877,.F.);
#13877 = EDGE_CURVE('',#1425,#7084,#13878,.T.);
#13878 = LINE('',#13879,#13880);
#13879 = CARTESIAN_POINT('',(225.7005,-161.6875,0.));
#13880 = VECTOR('',#13881,1.);
#13881 = DIRECTION('',(0.,0.,1.));
#13882 = ORIENTED_EDGE('',*,*,#1433,.F.);
#13883 = PLANE('',#13884);
#13884 = AXIS2_PLACEMENT_3D('',#13885,#13886,#13887);
#13885 = CARTESIAN_POINT('',(225.7005,-147.6875,0.));
#13886 = DIRECTION('',(1.,0.,-0.));
#13887 = DIRECTION('',(0.,-1.,0.));
#13888 = ADVANCED_FACE('',(#13889),#13900,.F.);
#13889 = FACE_BOUND('',#13890,.T.);
#13890 = EDGE_LOOP('',(#13891,#13897,#13898,#13899));
#13891 = ORIENTED_EDGE('',*,*,#13892,.T.);
#13892 = EDGE_CURVE('',#1391,#7050,#13893,.T.);
#13893 = LINE('',#13894,#13895);
#13894 = CARTESIAN_POINT('',(237.3375,-147.6875,0.));
#13895 = VECTOR('',#13896,1.);
#13896 = DIRECTION('',(0.,0.,1.));
#13897 = ORIENTED_EDGE('',*,*,#7049,.T.);
#13898 = ORIENTED_EDGE('',*,*,#13858,.F.);
#13899 = ORIENTED_EDGE('',*,*,#1390,.F.);
#13900 = CYLINDRICAL_SURFACE('',#13901,0.500001333575);
#13901 = AXIS2_PLACEMENT_3D('',#13902,#13903,#13904);
#13902 = CARTESIAN_POINT('',(236.83749866642,-147.6875013335,0.));
#13903 = DIRECTION('',(-0.,-0.,-1.));
#13904 = DIRECTION('',(0.999999999996,2.667139134199E-06,-0.));
#13905 = ADVANCED_FACE('',(#13906),#13917,.F.);
#13906 = FACE_BOUND('',#13907,.T.);
#13907 = EDGE_LOOP('',(#13908,#13909,#13910,#13916));
#13908 = ORIENTED_EDGE('',*,*,#13877,.T.);
#13909 = ORIENTED_EDGE('',*,*,#7083,.T.);
#13910 = ORIENTED_EDGE('',*,*,#13911,.F.);
#13911 = EDGE_CURVE('',#1417,#7076,#13912,.T.);
#13912 = LINE('',#13913,#13914);
#13913 = CARTESIAN_POINT('',(226.2005,-162.1875,0.));
#13914 = VECTOR('',#13915,1.);
#13915 = DIRECTION('',(0.,0.,1.));
#13916 = ORIENTED_EDGE('',*,*,#1424,.F.);
#13917 = CYLINDRICAL_SURFACE('',#13918,0.500001333575);
#13918 = AXIS2_PLACEMENT_3D('',#13919,#13920,#13921);
#13919 = CARTESIAN_POINT('',(226.20050133357,-161.6874986664,0.));
#13920 = DIRECTION('',(-0.,-0.,-1.));
#13921 = DIRECTION('',(-0.999999999996,-2.667139134199E-06,0.));
#13922 = ADVANCED_FACE('',(#13923),#13934,.T.);
#13923 = FACE_BOUND('',#13924,.T.);
#13924 = EDGE_LOOP('',(#13925,#13931,#13932,#13933));
#13925 = ORIENTED_EDGE('',*,*,#13926,.T.);
#13926 = EDGE_CURVE('',#1400,#7059,#13927,.T.);
#13927 = LINE('',#13928,#13929);
#13928 = CARTESIAN_POINT('',(237.3375,-161.6875,0.));
#13929 = VECTOR('',#13930,1.);
#13930 = DIRECTION('',(0.,0.,1.));
#13931 = ORIENTED_EDGE('',*,*,#7058,.T.);
#13932 = ORIENTED_EDGE('',*,*,#13892,.F.);
#13933 = ORIENTED_EDGE('',*,*,#1399,.F.);
#13934 = PLANE('',#13935);
#13935 = AXIS2_PLACEMENT_3D('',#13936,#13937,#13938);
#13936 = CARTESIAN_POINT('',(237.3375,-161.6875,0.));
#13937 = DIRECTION('',(-1.,0.,0.));
#13938 = DIRECTION('',(0.,1.,0.));
#13939 = ADVANCED_FACE('',(#13940),#13951,.T.);
#13940 = FACE_BOUND('',#13941,.T.);
#13941 = EDGE_LOOP('',(#13942,#13943,#13944,#13950));
#13942 = ORIENTED_EDGE('',*,*,#13911,.T.);
#13943 = ORIENTED_EDGE('',*,*,#7075,.T.);
#13944 = ORIENTED_EDGE('',*,*,#13945,.F.);
#13945 = EDGE_CURVE('',#1408,#7067,#13946,.T.);
#13946 = LINE('',#13947,#13948);
#13947 = CARTESIAN_POINT('',(236.8375,-162.1875,0.));
#13948 = VECTOR('',#13949,1.);
#13949 = DIRECTION('',(0.,0.,1.));
#13950 = ORIENTED_EDGE('',*,*,#1416,.F.);
#13951 = PLANE('',#13952);
#13952 = AXIS2_PLACEMENT_3D('',#13953,#13954,#13955);
#13953 = CARTESIAN_POINT('',(226.2005,-162.1875,0.));
#13954 = DIRECTION('',(0.,1.,0.));
#13955 = DIRECTION('',(1.,0.,0.));
#13956 = ADVANCED_FACE('',(#13957),#13963,.F.);
#13957 = FACE_BOUND('',#13958,.T.);
#13958 = EDGE_LOOP('',(#13959,#13960,#13961,#13962));
#13959 = ORIENTED_EDGE('',*,*,#13945,.T.);
#13960 = ORIENTED_EDGE('',*,*,#7066,.T.);
#13961 = ORIENTED_EDGE('',*,*,#13926,.F.);
#13962 = ORIENTED_EDGE('',*,*,#1407,.F.);
#13963 = CYLINDRICAL_SURFACE('',#13964,0.500001333575);
#13964 = AXIS2_PLACEMENT_3D('',#13965,#13966,#13967);
#13965 = CARTESIAN_POINT('',(236.83749866642,-161.6874986664,0.));
#13966 = DIRECTION('',(-0.,-0.,-1.));
#13967 = DIRECTION('',(2.667139191043E-06,-0.999999999996,0.));
#13968 = ADVANCED_FACE('',(#13969),#13985,.F.);
#13969 = FACE_BOUND('',#13970,.T.);
#13970 = EDGE_LOOP('',(#13971,#13977,#13978,#13984));
#13971 = ORIENTED_EDGE('',*,*,#13972,.T.);
#13972 = EDGE_CURVE('',#1442,#7101,#13973,.T.);
#13973 = LINE('',#13974,#13975);
#13974 = CARTESIAN_POINT('',(249.925,-147.1875,0.));
#13975 = VECTOR('',#13976,1.);
#13976 = DIRECTION('',(0.,0.,1.));
#13977 = ORIENTED_EDGE('',*,*,#7100,.T.);
#13978 = ORIENTED_EDGE('',*,*,#13979,.F.);
#13979 = EDGE_CURVE('',#1444,#7103,#13980,.T.);
#13980 = LINE('',#13981,#13982);
#13981 = CARTESIAN_POINT('',(249.425,-147.6875,0.));
#13982 = VECTOR('',#13983,1.);
#13983 = DIRECTION('',(0.,0.,1.));
#13984 = ORIENTED_EDGE('',*,*,#1441,.F.);
#13985 = CYLINDRICAL_SURFACE('',#13986,0.500001333575);
#13986 = AXIS2_PLACEMENT_3D('',#13987,#13988,#13989);
#13987 = CARTESIAN_POINT('',(249.92500133357,-147.6875013335,0.));
#13988 = DIRECTION('',(-0.,-0.,-1.));
#13989 = DIRECTION('',(-2.667139134199E-06,0.999999999996,0.));
#13990 = ADVANCED_FACE('',(#13991),#14002,.T.);
#13991 = FACE_BOUND('',#13992,.T.);
#13992 = EDGE_LOOP('',(#13993,#13999,#14000,#14001));
#13993 = ORIENTED_EDGE('',*,*,#13994,.T.);
#13994 = EDGE_CURVE('',#1453,#7112,#13995,.T.);
#13995 = LINE('',#13996,#13997);
#13996 = CARTESIAN_POINT('',(255.925,-147.1875,0.));
#13997 = VECTOR('',#13998,1.);
#13998 = DIRECTION('',(0.,0.,1.));
#13999 = ORIENTED_EDGE('',*,*,#7111,.T.);
#14000 = ORIENTED_EDGE('',*,*,#13972,.F.);
#14001 = ORIENTED_EDGE('',*,*,#1452,.F.);
#14002 = PLANE('',#14003);
#14003 = AXIS2_PLACEMENT_3D('',#14004,#14005,#14006);
#14004 = CARTESIAN_POINT('',(255.925,-147.1875,0.));
#14005 = DIRECTION('',(0.,-1.,0.));
#14006 = DIRECTION('',(-1.,0.,0.));
#14007 = ADVANCED_FACE('',(#14008),#14019,.T.);
#14008 = FACE_BOUND('',#14009,.T.);
#14009 = EDGE_LOOP('',(#14010,#14011,#14012,#14018));
#14010 = ORIENTED_EDGE('',*,*,#13979,.T.);
#14011 = ORIENTED_EDGE('',*,*,#7212,.T.);
#14012 = ORIENTED_EDGE('',*,*,#14013,.F.);
#14013 = EDGE_CURVE('',#1546,#7205,#14014,.T.);
#14014 = LINE('',#14015,#14016);
#14015 = CARTESIAN_POINT('',(249.425,-148.1875,0.));
#14016 = VECTOR('',#14017,1.);
#14017 = DIRECTION('',(0.,0.,1.));
#14018 = ORIENTED_EDGE('',*,*,#1553,.F.);
#14019 = PLANE('',#14020);
#14020 = AXIS2_PLACEMENT_3D('',#14021,#14022,#14023);
#14021 = CARTESIAN_POINT('',(249.425,-147.6875,0.));
#14022 = DIRECTION('',(1.,0.,-0.));
#14023 = DIRECTION('',(0.,-1.,0.));
#14024 = ADVANCED_FACE('',(#14025),#14036,.F.);
#14025 = FACE_BOUND('',#14026,.T.);
#14026 = EDGE_LOOP('',(#14027,#14033,#14034,#14035));
#14027 = ORIENTED_EDGE('',*,*,#14028,.T.);
#14028 = EDGE_CURVE('',#1461,#7120,#14029,.T.);
#14029 = LINE('',#14030,#14031);
#14030 = CARTESIAN_POINT('',(256.425,-147.6875,0.));
#14031 = VECTOR('',#14032,1.);
#14032 = DIRECTION('',(0.,0.,1.));
#14033 = ORIENTED_EDGE('',*,*,#7119,.T.);
#14034 = ORIENTED_EDGE('',*,*,#13994,.F.);
#14035 = ORIENTED_EDGE('',*,*,#1460,.F.);
#14036 = CYLINDRICAL_SURFACE('',#14037,0.500001333575);
#14037 = AXIS2_PLACEMENT_3D('',#14038,#14039,#14040);
#14038 = CARTESIAN_POINT('',(255.92499866642,-147.6875013335,0.));
#14039 = DIRECTION('',(-0.,-0.,-1.));
#14040 = DIRECTION('',(0.999999999996,2.667139191042E-06,-0.));
#14041 = ADVANCED_FACE('',(#14042),#14053,.T.);
#14042 = FACE_BOUND('',#14043,.T.);
#14043 = EDGE_LOOP('',(#14044,#14045,#14046,#14052));
#14044 = ORIENTED_EDGE('',*,*,#14013,.T.);
#14045 = ORIENTED_EDGE('',*,*,#7204,.T.);
#14046 = ORIENTED_EDGE('',*,*,#14047,.F.);
#14047 = EDGE_CURVE('',#1537,#7196,#14048,.T.);
#14048 = LINE('',#14049,#14050);
#14049 = CARTESIAN_POINT('',(248.9625,-148.1875,0.));
#14050 = VECTOR('',#14051,1.);
#14051 = DIRECTION('',(0.,0.,1.));
#14052 = ORIENTED_EDGE('',*,*,#1545,.F.);
#14053 = PLANE('',#14054);
#14054 = AXIS2_PLACEMENT_3D('',#14055,#14056,#14057);
#14055 = CARTESIAN_POINT('',(249.425,-148.1875,0.));
#14056 = DIRECTION('',(0.,-1.,0.));
#14057 = DIRECTION('',(-1.,0.,0.));
#14058 = ADVANCED_FACE('',(#14059),#14070,.T.);
#14059 = FACE_BOUND('',#14060,.T.);
#14060 = EDGE_LOOP('',(#14061,#14067,#14068,#14069));
#14061 = ORIENTED_EDGE('',*,*,#14062,.T.);
#14062 = EDGE_CURVE('',#1470,#7129,#14063,.T.);
#14063 = LINE('',#14064,#14065);
#14064 = CARTESIAN_POINT('',(256.425,-148.1875,0.));
#14065 = VECTOR('',#14066,1.);
#14066 = DIRECTION('',(0.,0.,1.));
#14067 = ORIENTED_EDGE('',*,*,#7128,.T.);
#14068 = ORIENTED_EDGE('',*,*,#14028,.F.);
#14069 = ORIENTED_EDGE('',*,*,#1469,.F.);
#14070 = PLANE('',#14071);
#14071 = AXIS2_PLACEMENT_3D('',#14072,#14073,#14074);
#14072 = CARTESIAN_POINT('',(256.425,-148.1875,0.));
#14073 = DIRECTION('',(-1.,0.,0.));
#14074 = DIRECTION('',(0.,1.,0.));
#14075 = ADVANCED_FACE('',(#14076),#14087,.F.);
#14076 = FACE_BOUND('',#14077,.T.);
#14077 = EDGE_LOOP('',(#14078,#14079,#14080,#14086));
#14078 = ORIENTED_EDGE('',*,*,#14047,.T.);
#14079 = ORIENTED_EDGE('',*,*,#7195,.T.);
#14080 = ORIENTED_EDGE('',*,*,#14081,.F.);
#14081 = EDGE_CURVE('',#1529,#7188,#14082,.T.);
#14082 = LINE('',#14083,#14084);
#14083 = CARTESIAN_POINT('',(248.4625,-148.6875,0.));
#14084 = VECTOR('',#14085,1.);
#14085 = DIRECTION('',(0.,0.,1.));
#14086 = ORIENTED_EDGE('',*,*,#1536,.F.);
#14087 = CYLINDRICAL_SURFACE('',#14088,0.500001333575);
#14088 = AXIS2_PLACEMENT_3D('',#14089,#14090,#14091);
#14089 = CARTESIAN_POINT('',(248.96250133357,-148.6875013335,0.));
#14090 = DIRECTION('',(-0.,-0.,-1.));
#14091 = DIRECTION('',(-2.667139191043E-06,0.999999999996,0.));
#14092 = ADVANCED_FACE('',(#14093),#14104,.T.);
#14093 = FACE_BOUND('',#14094,.T.);
#14094 = EDGE_LOOP('',(#14095,#14101,#14102,#14103));
#14095 = ORIENTED_EDGE('',*,*,#14096,.T.);
#14096 = EDGE_CURVE('',#1478,#7137,#14097,.T.);
#14097 = LINE('',#14098,#14099);
#14098 = CARTESIAN_POINT('',(261.9625,-148.1875,0.));
#14099 = VECTOR('',#14100,1.);
#14100 = DIRECTION('',(0.,0.,1.));
#14101 = ORIENTED_EDGE('',*,*,#7136,.T.);
#14102 = ORIENTED_EDGE('',*,*,#14062,.F.);
#14103 = ORIENTED_EDGE('',*,*,#1477,.F.);
#14104 = PLANE('',#14105);
#14105 = AXIS2_PLACEMENT_3D('',#14106,#14107,#14108);
#14106 = CARTESIAN_POINT('',(261.9625,-148.1875,0.));
#14107 = DIRECTION('',(0.,-1.,0.));
#14108 = DIRECTION('',(-1.,0.,0.));
#14109 = ADVANCED_FACE('',(#14110),#14121,.T.);
#14110 = FACE_BOUND('',#14111,.T.);
#14111 = EDGE_LOOP('',(#14112,#14113,#14114,#14120));
#14112 = ORIENTED_EDGE('',*,*,#14081,.T.);
#14113 = ORIENTED_EDGE('',*,*,#7187,.T.);
#14114 = ORIENTED_EDGE('',*,*,#14115,.F.);
#14115 = EDGE_CURVE('',#1520,#7179,#14116,.T.);
#14116 = LINE('',#14117,#14118);
#14117 = CARTESIAN_POINT('',(248.4625,-161.6875,0.));
#14118 = VECTOR('',#14119,1.);
#14119 = DIRECTION('',(0.,0.,1.));
#14120 = ORIENTED_EDGE('',*,*,#1528,.F.);
#14121 = PLANE('',#14122);
#14122 = AXIS2_PLACEMENT_3D('',#14123,#14124,#14125);
#14123 = CARTESIAN_POINT('',(248.4625,-148.6875,0.));
#14124 = DIRECTION('',(1.,0.,-0.));
#14125 = DIRECTION('',(0.,-1.,0.));
#14126 = ADVANCED_FACE('',(#14127),#14138,.F.);
#14127 = FACE_BOUND('',#14128,.T.);
#14128 = EDGE_LOOP('',(#14129,#14135,#14136,#14137));
#14129 = ORIENTED_EDGE('',*,*,#14130,.T.);
#14130 = EDGE_CURVE('',#1486,#7145,#14131,.T.);
#14131 = LINE('',#14132,#14133);
#14132 = CARTESIAN_POINT('',(262.4625,-148.6875,0.));
#14133 = VECTOR('',#14134,1.);
#14134 = DIRECTION('',(0.,0.,1.));
#14135 = ORIENTED_EDGE('',*,*,#7144,.T.);
#14136 = ORIENTED_EDGE('',*,*,#14096,.F.);
#14137 = ORIENTED_EDGE('',*,*,#1485,.F.);
#14138 = CYLINDRICAL_SURFACE('',#14139,0.500001333575);
#14139 = AXIS2_PLACEMENT_3D('',#14140,#14141,#14142);
#14140 = CARTESIAN_POINT('',(261.96249866642,-148.6875013335,0.));
#14141 = DIRECTION('',(-0.,-0.,-1.));
#14142 = DIRECTION('',(0.999999999996,2.667139020513E-06,-0.));
#14143 = ADVANCED_FACE('',(#14144),#14155,.F.);
#14144 = FACE_BOUND('',#14145,.T.);
#14145 = EDGE_LOOP('',(#14146,#14147,#14148,#14154));
#14146 = ORIENTED_EDGE('',*,*,#14115,.T.);
#14147 = ORIENTED_EDGE('',*,*,#7178,.T.);
#14148 = ORIENTED_EDGE('',*,*,#14149,.F.);
#14149 = EDGE_CURVE('',#1512,#7171,#14150,.T.);
#14150 = LINE('',#14151,#14152);
#14151 = CARTESIAN_POINT('',(248.9625,-162.1875,0.));
#14152 = VECTOR('',#14153,1.);
#14153 = DIRECTION('',(0.,0.,1.));
#14154 = ORIENTED_EDGE('',*,*,#1519,.F.);
#14155 = CYLINDRICAL_SURFACE('',#14156,0.500001333575);
#14156 = AXIS2_PLACEMENT_3D('',#14157,#14158,#14159);
#14157 = CARTESIAN_POINT('',(248.96250133357,-161.6874986664,0.));
#14158 = DIRECTION('',(-0.,-0.,-1.));
#14159 = DIRECTION('',(-0.999999999996,-2.667139134199E-06,0.));
#14160 = ADVANCED_FACE('',(#14161),#14172,.T.);
#14161 = FACE_BOUND('',#14162,.T.);
#14162 = EDGE_LOOP('',(#14163,#14169,#14170,#14171));
#14163 = ORIENTED_EDGE('',*,*,#14164,.T.);
#14164 = EDGE_CURVE('',#1495,#7154,#14165,.T.);
#14165 = LINE('',#14166,#14167);
#14166 = CARTESIAN_POINT('',(262.4625,-161.6875,0.));
#14167 = VECTOR('',#14168,1.);
#14168 = DIRECTION('',(0.,0.,1.));
#14169 = ORIENTED_EDGE('',*,*,#7153,.T.);
#14170 = ORIENTED_EDGE('',*,*,#14130,.F.);
#14171 = ORIENTED_EDGE('',*,*,#1494,.F.);
#14172 = PLANE('',#14173);
#14173 = AXIS2_PLACEMENT_3D('',#14174,#14175,#14176);
#14174 = CARTESIAN_POINT('',(262.4625,-161.6875,0.));
#14175 = DIRECTION('',(-1.,0.,0.));
#14176 = DIRECTION('',(0.,1.,0.));
#14177 = ADVANCED_FACE('',(#14178),#14189,.T.);
#14178 = FACE_BOUND('',#14179,.T.);
#14179 = EDGE_LOOP('',(#14180,#14181,#14182,#14188));
#14180 = ORIENTED_EDGE('',*,*,#14149,.T.);
#14181 = ORIENTED_EDGE('',*,*,#7170,.T.);
#14182 = ORIENTED_EDGE('',*,*,#14183,.F.);
#14183 = EDGE_CURVE('',#1503,#7162,#14184,.T.);
#14184 = LINE('',#14185,#14186);
#14185 = CARTESIAN_POINT('',(261.9625,-162.1875,0.));
#14186 = VECTOR('',#14187,1.);
#14187 = DIRECTION('',(0.,0.,1.));
#14188 = ORIENTED_EDGE('',*,*,#1511,.F.);
#14189 = PLANE('',#14190);
#14190 = AXIS2_PLACEMENT_3D('',#14191,#14192,#14193);
#14191 = CARTESIAN_POINT('',(248.9625,-162.1875,0.));
#14192 = DIRECTION('',(0.,1.,0.));
#14193 = DIRECTION('',(1.,0.,0.));
#14194 = ADVANCED_FACE('',(#14195),#14201,.F.);
#14195 = FACE_BOUND('',#14196,.T.);
#14196 = EDGE_LOOP('',(#14197,#14198,#14199,#14200));
#14197 = ORIENTED_EDGE('',*,*,#14183,.T.);
#14198 = ORIENTED_EDGE('',*,*,#7161,.T.);
#14199 = ORIENTED_EDGE('',*,*,#14164,.F.);
#14200 = ORIENTED_EDGE('',*,*,#1502,.F.);
#14201 = CYLINDRICAL_SURFACE('',#14202,0.500001333575);
#14202 = AXIS2_PLACEMENT_3D('',#14203,#14204,#14205);
#14203 = CARTESIAN_POINT('',(261.96249866642,-161.6874986664,0.));
#14204 = DIRECTION('',(-0.,-0.,-1.));
#14205 = DIRECTION('',(2.667139077356E-06,-0.999999999996,0.));
#14206 = ADVANCED_FACE('',(#14207),#14223,.F.);
#14207 = FACE_BOUND('',#14208,.T.);
#14208 = EDGE_LOOP('',(#14209,#14215,#14216,#14222));
#14209 = ORIENTED_EDGE('',*,*,#14210,.T.);
#14210 = EDGE_CURVE('',#1562,#7221,#14211,.T.);
#14211 = LINE('',#14212,#14213);
#14212 = CARTESIAN_POINT('',(270.45,-148.1875,0.));
#14213 = VECTOR('',#14214,1.);
#14214 = DIRECTION('',(0.,0.,1.));
#14215 = ORIENTED_EDGE('',*,*,#7220,.T.);
#14216 = ORIENTED_EDGE('',*,*,#14217,.F.);
#14217 = EDGE_CURVE('',#1564,#7223,#14218,.T.);
#14218 = LINE('',#14219,#14220);
#14219 = CARTESIAN_POINT('',(269.95,-148.6875,0.));
#14220 = VECTOR('',#14221,1.);
#14221 = DIRECTION('',(0.,0.,1.));
#14222 = ORIENTED_EDGE('',*,*,#1561,.F.);
#14223 = CYLINDRICAL_SURFACE('',#14224,0.500001333575);
#14224 = AXIS2_PLACEMENT_3D('',#14225,#14226,#14227);
#14225 = CARTESIAN_POINT('',(270.45000133357,-148.6875013335,0.));
#14226 = DIRECTION('',(-0.,-0.,-1.));
#14227 = DIRECTION('',(-2.667139191042E-06,0.999999999996,0.));
#14228 = ADVANCED_FACE('',(#14229),#14240,.T.);
#14229 = FACE_BOUND('',#14230,.T.);
#14230 = EDGE_LOOP('',(#14231,#14237,#14238,#14239));
#14231 = ORIENTED_EDGE('',*,*,#14232,.T.);
#14232 = EDGE_CURVE('',#1573,#7232,#14233,.T.);
#14233 = LINE('',#14234,#14235);
#14234 = CARTESIAN_POINT('',(285.8375,-148.1875,0.));
#14235 = VECTOR('',#14236,1.);
#14236 = DIRECTION('',(0.,0.,1.));
#14237 = ORIENTED_EDGE('',*,*,#7231,.T.);
#14238 = ORIENTED_EDGE('',*,*,#14210,.F.);
#14239 = ORIENTED_EDGE('',*,*,#1572,.F.);
#14240 = PLANE('',#14241);
#14241 = AXIS2_PLACEMENT_3D('',#14242,#14243,#14244);
#14242 = CARTESIAN_POINT('',(285.8375,-148.1875,0.));
#14243 = DIRECTION('',(0.,-1.,0.));
#14244 = DIRECTION('',(-1.,0.,0.));
#14245 = ADVANCED_FACE('',(#14246),#14257,.T.);
#14246 = FACE_BOUND('',#14247,.T.);
#14247 = EDGE_LOOP('',(#14248,#14249,#14250,#14256));
#14248 = ORIENTED_EDGE('',*,*,#14217,.T.);
#14249 = ORIENTED_EDGE('',*,*,#7282,.T.);
#14250 = ORIENTED_EDGE('',*,*,#14251,.F.);
#14251 = EDGE_CURVE('',#1615,#7274,#14252,.T.);
#14252 = LINE('',#14253,#14254);
#14253 = CARTESIAN_POINT('',(269.95,-161.6875,0.));
#14254 = VECTOR('',#14255,1.);
#14255 = DIRECTION('',(0.,0.,1.));
#14256 = ORIENTED_EDGE('',*,*,#1623,.F.);
#14257 = PLANE('',#14258);
#14258 = AXIS2_PLACEMENT_3D('',#14259,#14260,#14261);
#14259 = CARTESIAN_POINT('',(269.95,-148.6875,0.));
#14260 = DIRECTION('',(1.,0.,-0.));
#14261 = DIRECTION('',(0.,-1.,0.));
#14262 = ADVANCED_FACE('',(#14263),#14274,.F.);
#14263 = FACE_BOUND('',#14264,.T.);
#14264 = EDGE_LOOP('',(#14265,#14271,#14272,#14273));
#14265 = ORIENTED_EDGE('',*,*,#14266,.T.);
#14266 = EDGE_CURVE('',#1581,#7240,#14267,.T.);
#14267 = LINE('',#14268,#14269);
#14268 = CARTESIAN_POINT('',(286.3375,-148.6875,0.));
#14269 = VECTOR('',#14270,1.);
#14270 = DIRECTION('',(0.,0.,1.));
#14271 = ORIENTED_EDGE('',*,*,#7239,.T.);
#14272 = ORIENTED_EDGE('',*,*,#14232,.F.);
#14273 = ORIENTED_EDGE('',*,*,#1580,.F.);
#14274 = CYLINDRICAL_SURFACE('',#14275,0.500001333575);
#14275 = AXIS2_PLACEMENT_3D('',#14276,#14277,#14278);
#14276 = CARTESIAN_POINT('',(285.83749866642,-148.6875013335,0.));
#14277 = DIRECTION('',(-0.,-0.,-1.));
#14278 = DIRECTION('',(0.999999999996,2.667139020513E-06,-0.));
#14279 = ADVANCED_FACE('',(#14280),#14291,.F.);
#14280 = FACE_BOUND('',#14281,.T.);
#14281 = EDGE_LOOP('',(#14282,#14283,#14284,#14290));
#14282 = ORIENTED_EDGE('',*,*,#14251,.T.);
#14283 = ORIENTED_EDGE('',*,*,#7273,.T.);
#14284 = ORIENTED_EDGE('',*,*,#14285,.F.);
#14285 = EDGE_CURVE('',#1607,#7266,#14286,.T.);
#14286 = LINE('',#14287,#14288);
#14287 = CARTESIAN_POINT('',(270.45,-162.1875,0.));
#14288 = VECTOR('',#14289,1.);
#14289 = DIRECTION('',(0.,0.,1.));
#14290 = ORIENTED_EDGE('',*,*,#1614,.F.);
#14291 = CYLINDRICAL_SURFACE('',#14292,0.500001333575);
#14292 = AXIS2_PLACEMENT_3D('',#14293,#14294,#14295);
#14293 = CARTESIAN_POINT('',(270.45000133357,-161.6874986664,0.));
#14294 = DIRECTION('',(-0.,-0.,-1.));
#14295 = DIRECTION('',(-0.999999999996,-2.667139191042E-06,0.));
#14296 = ADVANCED_FACE('',(#14297),#14308,.T.);
#14297 = FACE_BOUND('',#14298,.T.);
#14298 = EDGE_LOOP('',(#14299,#14305,#14306,#14307));
#14299 = ORIENTED_EDGE('',*,*,#14300,.T.);
#14300 = EDGE_CURVE('',#1590,#7249,#14301,.T.);
#14301 = LINE('',#14302,#14303);
#14302 = CARTESIAN_POINT('',(286.3375,-161.6875,0.));
#14303 = VECTOR('',#14304,1.);
#14304 = DIRECTION('',(0.,0.,1.));
#14305 = ORIENTED_EDGE('',*,*,#7248,.T.);
#14306 = ORIENTED_EDGE('',*,*,#14266,.F.);
#14307 = ORIENTED_EDGE('',*,*,#1589,.F.);
#14308 = PLANE('',#14309);
#14309 = AXIS2_PLACEMENT_3D('',#14310,#14311,#14312);
#14310 = CARTESIAN_POINT('',(286.3375,-161.6875,0.));
#14311 = DIRECTION('',(-1.,0.,0.));
#14312 = DIRECTION('',(0.,1.,0.));
#14313 = ADVANCED_FACE('',(#14314),#14325,.T.);
#14314 = FACE_BOUND('',#14315,.T.);
#14315 = EDGE_LOOP('',(#14316,#14317,#14318,#14324));
#14316 = ORIENTED_EDGE('',*,*,#14285,.T.);
#14317 = ORIENTED_EDGE('',*,*,#7265,.T.);
#14318 = ORIENTED_EDGE('',*,*,#14319,.F.);
#14319 = EDGE_CURVE('',#1598,#7257,#14320,.T.);
#14320 = LINE('',#14321,#14322);
#14321 = CARTESIAN_POINT('',(285.8375,-162.1875,0.));
#14322 = VECTOR('',#14323,1.);
#14323 = DIRECTION('',(0.,0.,1.));
#14324 = ORIENTED_EDGE('',*,*,#1606,.F.);
#14325 = PLANE('',#14326);
#14326 = AXIS2_PLACEMENT_3D('',#14327,#14328,#14329);
#14327 = CARTESIAN_POINT('',(270.45,-162.1875,0.));
#14328 = DIRECTION('',(0.,1.,0.));
#14329 = DIRECTION('',(1.,0.,0.));
#14330 = ADVANCED_FACE('',(#14331),#14337,.F.);
#14331 = FACE_BOUND('',#14332,.T.);
#14332 = EDGE_LOOP('',(#14333,#14334,#14335,#14336));
#14333 = ORIENTED_EDGE('',*,*,#14319,.T.);
#14334 = ORIENTED_EDGE('',*,*,#7256,.T.);
#14335 = ORIENTED_EDGE('',*,*,#14300,.F.);
#14336 = ORIENTED_EDGE('',*,*,#1597,.F.);
#14337 = CYLINDRICAL_SURFACE('',#14338,0.500001333575);
#14338 = AXIS2_PLACEMENT_3D('',#14339,#14340,#14341);
#14339 = CARTESIAN_POINT('',(285.83749866642,-161.6874986664,0.));
#14340 = DIRECTION('',(-0.,-0.,-1.));
#14341 = DIRECTION('',(2.667139077356E-06,-0.999999999996,0.));
#14342 = ADVANCED_FACE('',(#14343),#14354,.F.);
#14343 = FACE_BOUND('',#14344,.T.);
#14344 = EDGE_LOOP('',(#14345,#14346,#14352,#14353));
#14345 = ORIENTED_EDGE('',*,*,#1631,.T.);
#14346 = ORIENTED_EDGE('',*,*,#14347,.T.);
#14347 = EDGE_CURVE('',#1632,#7291,#14348,.T.);
#14348 = LINE('',#14349,#14350);
#14349 = CARTESIAN_POINT('',(360.5125,-168.725,-4.5E-02));
#14350 = VECTOR('',#14351,1.);
#14351 = DIRECTION('',(0.,0.,1.));
#14352 = ORIENTED_EDGE('',*,*,#7290,.F.);
#14353 = ORIENTED_EDGE('',*,*,#14347,.F.);
#14354 = CYLINDRICAL_SURFACE('',#14355,1.6);
#14355 = AXIS2_PLACEMENT_3D('',#14356,#14357,#14358);
#14356 = CARTESIAN_POINT('',(360.5125,-167.125,-4.5E-02));
#14357 = DIRECTION('',(-0.,-0.,-1.));
#14358 = DIRECTION('',(-3.552713678801E-14,-1.,0.));
#14359 = ADVANCED_FACE('',(#14360),#14376,.F.);
#14360 = FACE_BOUND('',#14361,.T.);
#14361 = EDGE_LOOP('',(#14362,#14368,#14369,#14375));
#14362 = ORIENTED_EDGE('',*,*,#14363,.T.);
#14363 = EDGE_CURVE('',#1643,#7302,#14364,.T.);
#14364 = LINE('',#14365,#14366);
#14365 = CARTESIAN_POINT('',(303.875,-148.1875,0.));
#14366 = VECTOR('',#14367,1.);
#14367 = DIRECTION('',(0.,0.,1.));
#14368 = ORIENTED_EDGE('',*,*,#7301,.T.);
#14369 = ORIENTED_EDGE('',*,*,#14370,.F.);
#14370 = EDGE_CURVE('',#1645,#7304,#14371,.T.);
#14371 = LINE('',#14372,#14373);
#14372 = CARTESIAN_POINT('',(303.375,-148.6875,0.));
#14373 = VECTOR('',#14374,1.);
#14374 = DIRECTION('',(0.,0.,1.));
#14375 = ORIENTED_EDGE('',*,*,#1642,.F.);
#14376 = CYLINDRICAL_SURFACE('',#14377,0.500001333575);
#14377 = AXIS2_PLACEMENT_3D('',#14378,#14379,#14380);
#14378 = CARTESIAN_POINT('',(303.87500133357,-148.6875013335,0.));
#14379 = DIRECTION('',(-0.,-0.,-1.));
#14380 = DIRECTION('',(-2.667139304729E-06,0.999999999996,0.));
#14381 = ADVANCED_FACE('',(#14382),#14393,.T.);
#14382 = FACE_BOUND('',#14383,.T.);
#14383 = EDGE_LOOP('',(#14384,#14390,#14391,#14392));
#14384 = ORIENTED_EDGE('',*,*,#14385,.T.);
#14385 = EDGE_CURVE('',#1654,#7313,#14386,.T.);
#14386 = LINE('',#14387,#14388);
#14387 = CARTESIAN_POINT('',(316.875,-148.1875,0.));
#14388 = VECTOR('',#14389,1.);
#14389 = DIRECTION('',(0.,0.,1.));
#14390 = ORIENTED_EDGE('',*,*,#7312,.T.);
#14391 = ORIENTED_EDGE('',*,*,#14363,.F.);
#14392 = ORIENTED_EDGE('',*,*,#1653,.F.);
#14393 = PLANE('',#14394);
#14394 = AXIS2_PLACEMENT_3D('',#14395,#14396,#14397);
#14395 = CARTESIAN_POINT('',(316.875,-148.1875,0.));
#14396 = DIRECTION('',(0.,-1.,0.));
#14397 = DIRECTION('',(-1.,0.,0.));
#14398 = ADVANCED_FACE('',(#14399),#14410,.T.);
#14399 = FACE_BOUND('',#14400,.T.);
#14400 = EDGE_LOOP('',(#14401,#14402,#14403,#14409));
#14401 = ORIENTED_EDGE('',*,*,#14370,.T.);
#14402 = ORIENTED_EDGE('',*,*,#7363,.T.);
#14403 = ORIENTED_EDGE('',*,*,#14404,.F.);
#14404 = EDGE_CURVE('',#1696,#7355,#14405,.T.);
#14405 = LINE('',#14406,#14407);
#14406 = CARTESIAN_POINT('',(303.375,-161.6875,0.));
#14407 = VECTOR('',#14408,1.);
#14408 = DIRECTION('',(0.,0.,1.));
#14409 = ORIENTED_EDGE('',*,*,#1704,.F.);
#14410 = PLANE('',#14411);
#14411 = AXIS2_PLACEMENT_3D('',#14412,#14413,#14414);
#14412 = CARTESIAN_POINT('',(303.375,-148.6875,0.));
#14413 = DIRECTION('',(1.,0.,-0.));
#14414 = DIRECTION('',(0.,-1.,0.));
#14415 = ADVANCED_FACE('',(#14416),#14427,.F.);
#14416 = FACE_BOUND('',#14417,.T.);
#14417 = EDGE_LOOP('',(#14418,#14424,#14425,#14426));
#14418 = ORIENTED_EDGE('',*,*,#14419,.T.);
#14419 = EDGE_CURVE('',#1662,#7321,#14420,.T.);
#14420 = LINE('',#14421,#14422);
#14421 = CARTESIAN_POINT('',(317.375,-148.6875,0.));
#14422 = VECTOR('',#14423,1.);
#14423 = DIRECTION('',(0.,0.,1.));
#14424 = ORIENTED_EDGE('',*,*,#7320,.T.);
#14425 = ORIENTED_EDGE('',*,*,#14385,.F.);
#14426 = ORIENTED_EDGE('',*,*,#1661,.F.);
#14427 = CYLINDRICAL_SURFACE('',#14428,0.500001333575);
#14428 = AXIS2_PLACEMENT_3D('',#14429,#14430,#14431);
#14429 = CARTESIAN_POINT('',(316.87499866642,-148.6875013335,0.));
#14430 = DIRECTION('',(-0.,-0.,-1.));
#14431 = DIRECTION('',(0.999999999996,2.667139191042E-06,-0.));
#14432 = ADVANCED_FACE('',(#14433),#14444,.F.);
#14433 = FACE_BOUND('',#14434,.T.);
#14434 = EDGE_LOOP('',(#14435,#14436,#14437,#14443));
#14435 = ORIENTED_EDGE('',*,*,#14404,.T.);
#14436 = ORIENTED_EDGE('',*,*,#7354,.T.);
#14437 = ORIENTED_EDGE('',*,*,#14438,.F.);
#14438 = EDGE_CURVE('',#1688,#7347,#14439,.T.);
#14439 = LINE('',#14440,#14441);
#14440 = CARTESIAN_POINT('',(303.875,-162.1875,0.));
#14441 = VECTOR('',#14442,1.);
#14442 = DIRECTION('',(0.,0.,1.));
#14443 = ORIENTED_EDGE('',*,*,#1695,.F.);
#14444 = CYLINDRICAL_SURFACE('',#14445,0.500001333575);
#14445 = AXIS2_PLACEMENT_3D('',#14446,#14447,#14448);
#14446 = CARTESIAN_POINT('',(303.87500133357,-161.6874986664,0.));
#14447 = DIRECTION('',(-0.,-0.,-1.));
#14448 = DIRECTION('',(-0.999999999996,-2.667139191042E-06,0.));
#14449 = ADVANCED_FACE('',(#14450),#14461,.T.);
#14450 = FACE_BOUND('',#14451,.T.);
#14451 = EDGE_LOOP('',(#14452,#14458,#14459,#14460));
#14452 = ORIENTED_EDGE('',*,*,#14453,.T.);
#14453 = EDGE_CURVE('',#1671,#7330,#14454,.T.);
#14454 = LINE('',#14455,#14456);
#14455 = CARTESIAN_POINT('',(317.375,-161.6875,0.));
#14456 = VECTOR('',#14457,1.);
#14457 = DIRECTION('',(0.,0.,1.));
#14458 = ORIENTED_EDGE('',*,*,#7329,.T.);
#14459 = ORIENTED_EDGE('',*,*,#14419,.F.);
#14460 = ORIENTED_EDGE('',*,*,#1670,.F.);
#14461 = PLANE('',#14462);
#14462 = AXIS2_PLACEMENT_3D('',#14463,#14464,#14465);
#14463 = CARTESIAN_POINT('',(317.375,-161.6875,0.));
#14464 = DIRECTION('',(-1.,0.,0.));
#14465 = DIRECTION('',(0.,1.,0.));
#14466 = ADVANCED_FACE('',(#14467),#14478,.T.);
#14467 = FACE_BOUND('',#14468,.T.);
#14468 = EDGE_LOOP('',(#14469,#14470,#14471,#14477));
#14469 = ORIENTED_EDGE('',*,*,#14438,.T.);
#14470 = ORIENTED_EDGE('',*,*,#7346,.T.);
#14471 = ORIENTED_EDGE('',*,*,#14472,.F.);
#14472 = EDGE_CURVE('',#1679,#7338,#14473,.T.);
#14473 = LINE('',#14474,#14475);
#14474 = CARTESIAN_POINT('',(316.875,-162.1875,0.));
#14475 = VECTOR('',#14476,1.);
#14476 = DIRECTION('',(0.,0.,1.));
#14477 = ORIENTED_EDGE('',*,*,#1687,.F.);
#14478 = PLANE('',#14479);
#14479 = AXIS2_PLACEMENT_3D('',#14480,#14481,#14482);
#14480 = CARTESIAN_POINT('',(303.875,-162.1875,0.));
#14481 = DIRECTION('',(0.,1.,0.));
#14482 = DIRECTION('',(1.,0.,0.));
#14483 = ADVANCED_FACE('',(#14484),#14490,.F.);
#14484 = FACE_BOUND('',#14485,.T.);
#14485 = EDGE_LOOP('',(#14486,#14487,#14488,#14489));
#14486 = ORIENTED_EDGE('',*,*,#14472,.T.);
#14487 = ORIENTED_EDGE('',*,*,#7337,.T.);
#14488 = ORIENTED_EDGE('',*,*,#14453,.F.);
#14489 = ORIENTED_EDGE('',*,*,#1678,.F.);
#14490 = CYLINDRICAL_SURFACE('',#14491,0.500001333575);
#14491 = AXIS2_PLACEMENT_3D('',#14492,#14493,#14494);
#14492 = CARTESIAN_POINT('',(316.87499866642,-161.6874986664,0.));
#14493 = DIRECTION('',(-0.,-0.,-1.));
#14494 = DIRECTION('',(2.667139304729E-06,-0.999999999996,0.));
#14495 = ADVANCED_FACE('',(#14496),#14512,.F.);
#14496 = FACE_BOUND('',#14497,.T.);
#14497 = EDGE_LOOP('',(#14498,#14504,#14505,#14511));
#14498 = ORIENTED_EDGE('',*,*,#14499,.T.);
#14499 = EDGE_CURVE('',#1713,#7372,#14500,.T.);
#14500 = LINE('',#14501,#14502);
#14501 = CARTESIAN_POINT('',(322.975,-148.1875,0.));
#14502 = VECTOR('',#14503,1.);
#14503 = DIRECTION('',(0.,0.,1.));
#14504 = ORIENTED_EDGE('',*,*,#7371,.T.);
#14505 = ORIENTED_EDGE('',*,*,#14506,.F.);
#14506 = EDGE_CURVE('',#1715,#7374,#14507,.T.);
#14507 = LINE('',#14508,#14509);
#14508 = CARTESIAN_POINT('',(322.475,-148.6875,0.));
#14509 = VECTOR('',#14510,1.);
#14510 = DIRECTION('',(0.,0.,1.));
#14511 = ORIENTED_EDGE('',*,*,#1712,.F.);
#14512 = CYLINDRICAL_SURFACE('',#14513,0.500001333575);
#14513 = AXIS2_PLACEMENT_3D('',#14514,#14515,#14516);
#14514 = CARTESIAN_POINT('',(322.97500133357,-148.6875013335,0.));
#14515 = DIRECTION('',(-0.,-0.,-1.));
#14516 = DIRECTION('',(-2.667139077356E-06,0.999999999996,0.));
#14517 = ADVANCED_FACE('',(#14518),#14529,.T.);
#14518 = FACE_BOUND('',#14519,.T.);
#14519 = EDGE_LOOP('',(#14520,#14526,#14527,#14528));
#14520 = ORIENTED_EDGE('',*,*,#14521,.T.);
#14521 = EDGE_CURVE('',#1724,#7383,#14522,.T.);
#14522 = LINE('',#14523,#14524);
#14523 = CARTESIAN_POINT('',(335.975,-148.1875,0.));
#14524 = VECTOR('',#14525,1.);
#14525 = DIRECTION('',(0.,0.,1.));
#14526 = ORIENTED_EDGE('',*,*,#7382,.T.);
#14527 = ORIENTED_EDGE('',*,*,#14499,.F.);
#14528 = ORIENTED_EDGE('',*,*,#1723,.F.);
#14529 = PLANE('',#14530);
#14530 = AXIS2_PLACEMENT_3D('',#14531,#14532,#14533);
#14531 = CARTESIAN_POINT('',(335.975,-148.1875,0.));
#14532 = DIRECTION('',(0.,-1.,0.));
#14533 = DIRECTION('',(-1.,0.,0.));
#14534 = ADVANCED_FACE('',(#14535),#14546,.T.);
#14535 = FACE_BOUND('',#14536,.T.);
#14536 = EDGE_LOOP('',(#14537,#14538,#14539,#14545));
#14537 = ORIENTED_EDGE('',*,*,#14506,.T.);
#14538 = ORIENTED_EDGE('',*,*,#7433,.T.);
#14539 = ORIENTED_EDGE('',*,*,#14540,.F.);
#14540 = EDGE_CURVE('',#1766,#7425,#14541,.T.);
#14541 = LINE('',#14542,#14543);
#14542 = CARTESIAN_POINT('',(322.475,-161.6875,0.));
#14543 = VECTOR('',#14544,1.);
#14544 = DIRECTION('',(0.,0.,1.));
#14545 = ORIENTED_EDGE('',*,*,#1774,.F.);
#14546 = PLANE('',#14547);
#14547 = AXIS2_PLACEMENT_3D('',#14548,#14549,#14550);
#14548 = CARTESIAN_POINT('',(322.475,-148.6875,0.));
#14549 = DIRECTION('',(1.,0.,-0.));
#14550 = DIRECTION('',(0.,-1.,0.));
#14551 = ADVANCED_FACE('',(#14552),#14563,.F.);
#14552 = FACE_BOUND('',#14553,.T.);
#14553 = EDGE_LOOP('',(#14554,#14560,#14561,#14562));
#14554 = ORIENTED_EDGE('',*,*,#14555,.T.);
#14555 = EDGE_CURVE('',#1732,#7391,#14556,.T.);
#14556 = LINE('',#14557,#14558);
#14557 = CARTESIAN_POINT('',(336.475,-148.6875,0.));
#14558 = VECTOR('',#14559,1.);
#14559 = DIRECTION('',(0.,0.,1.));
#14560 = ORIENTED_EDGE('',*,*,#7390,.T.);
#14561 = ORIENTED_EDGE('',*,*,#14521,.F.);
#14562 = ORIENTED_EDGE('',*,*,#1731,.F.);
#14563 = CYLINDRICAL_SURFACE('',#14564,0.500001333575);
#14564 = AXIS2_PLACEMENT_3D('',#14565,#14566,#14567);
#14565 = CARTESIAN_POINT('',(335.97499866642,-148.6875013335,0.));
#14566 = DIRECTION('',(-0.,-0.,-1.));
#14567 = DIRECTION('',(0.999999999996,2.667139191042E-06,-0.));
#14568 = ADVANCED_FACE('',(#14569),#14580,.F.);
#14569 = FACE_BOUND('',#14570,.T.);
#14570 = EDGE_LOOP('',(#14571,#14572,#14573,#14579));
#14571 = ORIENTED_EDGE('',*,*,#14540,.T.);
#14572 = ORIENTED_EDGE('',*,*,#7424,.T.);
#14573 = ORIENTED_EDGE('',*,*,#14574,.F.);
#14574 = EDGE_CURVE('',#1758,#7417,#14575,.T.);
#14575 = LINE('',#14576,#14577);
#14576 = CARTESIAN_POINT('',(322.975,-162.1875,0.));
#14577 = VECTOR('',#14578,1.);
#14578 = DIRECTION('',(0.,0.,1.));
#14579 = ORIENTED_EDGE('',*,*,#1765,.F.);
#14580 = CYLINDRICAL_SURFACE('',#14581,0.500001333575);
#14581 = AXIS2_PLACEMENT_3D('',#14582,#14583,#14584);
#14582 = CARTESIAN_POINT('',(322.97500133357,-161.6874986664,0.));
#14583 = DIRECTION('',(-0.,-0.,-1.));
#14584 = DIRECTION('',(-0.999999999996,-2.667139020513E-06,0.));
#14585 = ADVANCED_FACE('',(#14586),#14597,.T.);
#14586 = FACE_BOUND('',#14587,.T.);
#14587 = EDGE_LOOP('',(#14588,#14594,#14595,#14596));
#14588 = ORIENTED_EDGE('',*,*,#14589,.T.);
#14589 = EDGE_CURVE('',#1741,#7400,#14590,.T.);
#14590 = LINE('',#14591,#14592);
#14591 = CARTESIAN_POINT('',(336.475,-161.6875,0.));
#14592 = VECTOR('',#14593,1.);
#14593 = DIRECTION('',(0.,0.,1.));
#14594 = ORIENTED_EDGE('',*,*,#7399,.T.);
#14595 = ORIENTED_EDGE('',*,*,#14555,.F.);
#14596 = ORIENTED_EDGE('',*,*,#1740,.F.);
#14597 = PLANE('',#14598);
#14598 = AXIS2_PLACEMENT_3D('',#14599,#14600,#14601);
#14599 = CARTESIAN_POINT('',(336.475,-161.6875,0.));
#14600 = DIRECTION('',(-1.,0.,0.));
#14601 = DIRECTION('',(0.,1.,0.));
#14602 = ADVANCED_FACE('',(#14603),#14614,.T.);
#14603 = FACE_BOUND('',#14604,.T.);
#14604 = EDGE_LOOP('',(#14605,#14606,#14607,#14613));
#14605 = ORIENTED_EDGE('',*,*,#14574,.T.);
#14606 = ORIENTED_EDGE('',*,*,#7416,.T.);
#14607 = ORIENTED_EDGE('',*,*,#14608,.F.);
#14608 = EDGE_CURVE('',#1749,#7408,#14609,.T.);
#14609 = LINE('',#14610,#14611);
#14610 = CARTESIAN_POINT('',(335.975,-162.1875,0.));
#14611 = VECTOR('',#14612,1.);
#14612 = DIRECTION('',(0.,0.,1.));
#14613 = ORIENTED_EDGE('',*,*,#1757,.F.);
#14614 = PLANE('',#14615);
#14615 = AXIS2_PLACEMENT_3D('',#14616,#14617,#14618);
#14616 = CARTESIAN_POINT('',(322.975,-162.1875,0.));
#14617 = DIRECTION('',(0.,1.,0.));
#14618 = DIRECTION('',(1.,0.,0.));
#14619 = ADVANCED_FACE('',(#14620),#14626,.F.);
#14620 = FACE_BOUND('',#14621,.T.);
#14621 = EDGE_LOOP('',(#14622,#14623,#14624,#14625));
#14622 = ORIENTED_EDGE('',*,*,#14608,.T.);
#14623 = ORIENTED_EDGE('',*,*,#7407,.T.);
#14624 = ORIENTED_EDGE('',*,*,#14589,.F.);
#14625 = ORIENTED_EDGE('',*,*,#1748,.F.);
#14626 = CYLINDRICAL_SURFACE('',#14627,0.500001333575);
#14627 = AXIS2_PLACEMENT_3D('',#14628,#14629,#14630);
#14628 = CARTESIAN_POINT('',(335.97499866642,-161.6874986664,0.));
#14629 = DIRECTION('',(-0.,-0.,-1.));
#14630 = DIRECTION('',(2.667139304729E-06,-0.999999999996,0.));
#14631 = ADVANCED_FACE('',(#14632),#14648,.F.);
#14632 = FACE_BOUND('',#14633,.T.);
#14633 = EDGE_LOOP('',(#14634,#14640,#14641,#14647));
#14634 = ORIENTED_EDGE('',*,*,#14635,.T.);
#14635 = EDGE_CURVE('',#1783,#7442,#14636,.T.);
#14636 = LINE('',#14637,#14638);
#14637 = CARTESIAN_POINT('',(342.075,-148.1875,0.));
#14638 = VECTOR('',#14639,1.);
#14639 = DIRECTION('',(0.,0.,1.));
#14640 = ORIENTED_EDGE('',*,*,#7441,.T.);
#14641 = ORIENTED_EDGE('',*,*,#14642,.F.);
#14642 = EDGE_CURVE('',#1785,#7444,#14643,.T.);
#14643 = LINE('',#14644,#14645);
#14644 = CARTESIAN_POINT('',(341.575,-148.6875,0.));
#14645 = VECTOR('',#14646,1.);
#14646 = DIRECTION('',(0.,0.,1.));
#14647 = ORIENTED_EDGE('',*,*,#1782,.F.);
#14648 = CYLINDRICAL_SURFACE('',#14649,0.500001333575);
#14649 = AXIS2_PLACEMENT_3D('',#14650,#14651,#14652);
#14650 = CARTESIAN_POINT('',(342.07500133357,-148.6875013335,0.));
#14651 = DIRECTION('',(-0.,-0.,-1.));
#14652 = DIRECTION('',(-2.667139191042E-06,0.999999999996,0.));
#14653 = ADVANCED_FACE('',(#14654),#14665,.T.);
#14654 = FACE_BOUND('',#14655,.T.);
#14655 = EDGE_LOOP('',(#14656,#14662,#14663,#14664));
#14656 = ORIENTED_EDGE('',*,*,#14657,.T.);
#14657 = EDGE_CURVE('',#1794,#7453,#14658,.T.);
#14658 = LINE('',#14659,#14660);
#14659 = CARTESIAN_POINT('',(355.075,-148.1875,0.));
#14660 = VECTOR('',#14661,1.);
#14661 = DIRECTION('',(0.,0.,1.));
#14662 = ORIENTED_EDGE('',*,*,#7452,.T.);
#14663 = ORIENTED_EDGE('',*,*,#14635,.F.);
#14664 = ORIENTED_EDGE('',*,*,#1793,.F.);
#14665 = PLANE('',#14666);
#14666 = AXIS2_PLACEMENT_3D('',#14667,#14668,#14669);
#14667 = CARTESIAN_POINT('',(355.075,-148.1875,0.));
#14668 = DIRECTION('',(0.,-1.,0.));
#14669 = DIRECTION('',(-1.,0.,0.));
#14670 = ADVANCED_FACE('',(#14671),#14682,.T.);
#14671 = FACE_BOUND('',#14672,.T.);
#14672 = EDGE_LOOP('',(#14673,#14674,#14675,#14681));
#14673 = ORIENTED_EDGE('',*,*,#14642,.T.);
#14674 = ORIENTED_EDGE('',*,*,#7503,.T.);
#14675 = ORIENTED_EDGE('',*,*,#14676,.F.);
#14676 = EDGE_CURVE('',#1836,#7495,#14677,.T.);
#14677 = LINE('',#14678,#14679);
#14678 = CARTESIAN_POINT('',(341.575,-161.6875,0.));
#14679 = VECTOR('',#14680,1.);
#14680 = DIRECTION('',(0.,0.,1.));
#14681 = ORIENTED_EDGE('',*,*,#1844,.F.);
#14682 = PLANE('',#14683);
#14683 = AXIS2_PLACEMENT_3D('',#14684,#14685,#14686);
#14684 = CARTESIAN_POINT('',(341.575,-148.6875,0.));
#14685 = DIRECTION('',(1.,0.,-0.));
#14686 = DIRECTION('',(0.,-1.,0.));
#14687 = ADVANCED_FACE('',(#14688),#14699,.F.);
#14688 = FACE_BOUND('',#14689,.T.);
#14689 = EDGE_LOOP('',(#14690,#14696,#14697,#14698));
#14690 = ORIENTED_EDGE('',*,*,#14691,.T.);
#14691 = EDGE_CURVE('',#1802,#7461,#14692,.T.);
#14692 = LINE('',#14693,#14694);
#14693 = CARTESIAN_POINT('',(355.575,-148.6875,0.));
#14694 = VECTOR('',#14695,1.);
#14695 = DIRECTION('',(0.,0.,1.));
#14696 = ORIENTED_EDGE('',*,*,#7460,.T.);
#14697 = ORIENTED_EDGE('',*,*,#14657,.F.);
#14698 = ORIENTED_EDGE('',*,*,#1801,.F.);
#14699 = CYLINDRICAL_SURFACE('',#14700,0.500001333575);
#14700 = AXIS2_PLACEMENT_3D('',#14701,#14702,#14703);
#14701 = CARTESIAN_POINT('',(355.07499866642,-148.6875013335,0.));
#14702 = DIRECTION('',(-0.,-0.,-1.));
#14703 = DIRECTION('',(0.999999999996,2.667139020513E-06,-0.));
#14704 = ADVANCED_FACE('',(#14705),#14716,.F.);
#14705 = FACE_BOUND('',#14706,.T.);
#14706 = EDGE_LOOP('',(#14707,#14708,#14709,#14715));
#14707 = ORIENTED_EDGE('',*,*,#14676,.T.);
#14708 = ORIENTED_EDGE('',*,*,#7494,.T.);
#14709 = ORIENTED_EDGE('',*,*,#14710,.F.);
#14710 = EDGE_CURVE('',#1828,#7487,#14711,.T.);
#14711 = LINE('',#14712,#14713);
#14712 = CARTESIAN_POINT('',(342.075,-162.1875,0.));
#14713 = VECTOR('',#14714,1.);
#14714 = DIRECTION('',(0.,0.,1.));
#14715 = ORIENTED_EDGE('',*,*,#1835,.F.);
#14716 = CYLINDRICAL_SURFACE('',#14717,0.500001333575);
#14717 = AXIS2_PLACEMENT_3D('',#14718,#14719,#14720);
#14718 = CARTESIAN_POINT('',(342.07500133357,-161.6874986664,0.));
#14719 = DIRECTION('',(-0.,-0.,-1.));
#14720 = DIRECTION('',(-0.999999999996,-2.667139191042E-06,0.));
#14721 = ADVANCED_FACE('',(#14722),#14733,.T.);
#14722 = FACE_BOUND('',#14723,.T.);
#14723 = EDGE_LOOP('',(#14724,#14730,#14731,#14732));
#14724 = ORIENTED_EDGE('',*,*,#14725,.T.);
#14725 = EDGE_CURVE('',#1811,#7470,#14726,.T.);
#14726 = LINE('',#14727,#14728);
#14727 = CARTESIAN_POINT('',(355.575,-161.6875,0.));
#14728 = VECTOR('',#14729,1.);
#14729 = DIRECTION('',(0.,0.,1.));
#14730 = ORIENTED_EDGE('',*,*,#7469,.T.);
#14731 = ORIENTED_EDGE('',*,*,#14691,.F.);
#14732 = ORIENTED_EDGE('',*,*,#1810,.F.);
#14733 = PLANE('',#14734);
#14734 = AXIS2_PLACEMENT_3D('',#14735,#14736,#14737);
#14735 = CARTESIAN_POINT('',(355.575,-161.6875,0.));
#14736 = DIRECTION('',(-1.,0.,0.));
#14737 = DIRECTION('',(0.,1.,0.));
#14738 = ADVANCED_FACE('',(#14739),#14750,.T.);
#14739 = FACE_BOUND('',#14740,.T.);
#14740 = EDGE_LOOP('',(#14741,#14742,#14743,#14749));
#14741 = ORIENTED_EDGE('',*,*,#14710,.T.);
#14742 = ORIENTED_EDGE('',*,*,#7486,.T.);
#14743 = ORIENTED_EDGE('',*,*,#14744,.F.);
#14744 = EDGE_CURVE('',#1819,#7478,#14745,.T.);
#14745 = LINE('',#14746,#14747);
#14746 = CARTESIAN_POINT('',(355.075,-162.1875,0.));
#14747 = VECTOR('',#14748,1.);
#14748 = DIRECTION('',(0.,0.,1.));
#14749 = ORIENTED_EDGE('',*,*,#1827,.F.);
#14750 = PLANE('',#14751);
#14751 = AXIS2_PLACEMENT_3D('',#14752,#14753,#14754);
#14752 = CARTESIAN_POINT('',(342.075,-162.1875,0.));
#14753 = DIRECTION('',(0.,1.,0.));
#14754 = DIRECTION('',(1.,0.,0.));
#14755 = ADVANCED_FACE('',(#14756),#14762,.F.);
#14756 = FACE_BOUND('',#14757,.T.);
#14757 = EDGE_LOOP('',(#14758,#14759,#14760,#14761));
#14758 = ORIENTED_EDGE('',*,*,#14744,.T.);
#14759 = ORIENTED_EDGE('',*,*,#7477,.T.);
#14760 = ORIENTED_EDGE('',*,*,#14725,.F.);
#14761 = ORIENTED_EDGE('',*,*,#1818,.F.);
#14762 = CYLINDRICAL_SURFACE('',#14763,0.500001333575);
#14763 = AXIS2_PLACEMENT_3D('',#14764,#14765,#14766);
#14764 = CARTESIAN_POINT('',(355.07499866642,-161.6874986664,0.));
#14765 = DIRECTION('',(-0.,-0.,-1.));
#14766 = DIRECTION('',(2.667139077356E-06,-0.999999999996,0.));
#14767 = ADVANCED_FACE('',(#14768),#14784,.F.);
#14768 = FACE_BOUND('',#14769,.T.);
#14769 = EDGE_LOOP('',(#14770,#14776,#14777,#14783));
#14770 = ORIENTED_EDGE('',*,*,#14771,.T.);
#14771 = EDGE_CURVE('',#1853,#7512,#14772,.T.);
#14772 = LINE('',#14773,#14774);
#14773 = CARTESIAN_POINT('',(213.15,-129.0875,0.));
#14774 = VECTOR('',#14775,1.);
#14775 = DIRECTION('',(0.,0.,1.));
#14776 = ORIENTED_EDGE('',*,*,#7511,.T.);
#14777 = ORIENTED_EDGE('',*,*,#14778,.F.);
#14778 = EDGE_CURVE('',#1855,#7514,#14779,.T.);
#14779 = LINE('',#14780,#14781);
#14780 = CARTESIAN_POINT('',(212.65,-129.5875,0.));
#14781 = VECTOR('',#14782,1.);
#14782 = DIRECTION('',(0.,0.,1.));
#14783 = ORIENTED_EDGE('',*,*,#1852,.F.);
#14784 = CYLINDRICAL_SURFACE('',#14785,0.500001333575);
#14785 = AXIS2_PLACEMENT_3D('',#14786,#14787,#14788);
#14786 = CARTESIAN_POINT('',(213.15000133357,-129.5875013335,0.));
#14787 = DIRECTION('',(-0.,-0.,-1.));
#14788 = DIRECTION('',(-2.667139191042E-06,0.999999999996,0.));
#14789 = ADVANCED_FACE('',(#14790),#14801,.T.);
#14790 = FACE_BOUND('',#14791,.T.);
#14791 = EDGE_LOOP('',(#14792,#14798,#14799,#14800));
#14792 = ORIENTED_EDGE('',*,*,#14793,.T.);
#14793 = EDGE_CURVE('',#1864,#7523,#14794,.T.);
#14794 = LINE('',#14795,#14796);
#14795 = CARTESIAN_POINT('',(226.15,-129.0875,0.));
#14796 = VECTOR('',#14797,1.);
#14797 = DIRECTION('',(0.,0.,1.));
#14798 = ORIENTED_EDGE('',*,*,#7522,.T.);
#14799 = ORIENTED_EDGE('',*,*,#14771,.F.);
#14800 = ORIENTED_EDGE('',*,*,#1863,.F.);
#14801 = PLANE('',#14802);
#14802 = AXIS2_PLACEMENT_3D('',#14803,#14804,#14805);
#14803 = CARTESIAN_POINT('',(226.15,-129.0875,0.));
#14804 = DIRECTION('',(0.,-1.,0.));
#14805 = DIRECTION('',(-1.,0.,0.));
#14806 = ADVANCED_FACE('',(#14807),#14818,.T.);
#14807 = FACE_BOUND('',#14808,.T.);
#14808 = EDGE_LOOP('',(#14809,#14810,#14811,#14817));
#14809 = ORIENTED_EDGE('',*,*,#14778,.T.);
#14810 = ORIENTED_EDGE('',*,*,#7573,.T.);
#14811 = ORIENTED_EDGE('',*,*,#14812,.F.);
#14812 = EDGE_CURVE('',#1906,#7565,#14813,.T.);
#14813 = LINE('',#14814,#14815);
#14814 = CARTESIAN_POINT('',(212.65,-142.5875,0.));
#14815 = VECTOR('',#14816,1.);
#14816 = DIRECTION('',(0.,0.,1.));
#14817 = ORIENTED_EDGE('',*,*,#1914,.F.);
#14818 = PLANE('',#14819);
#14819 = AXIS2_PLACEMENT_3D('',#14820,#14821,#14822);
#14820 = CARTESIAN_POINT('',(212.65,-129.5875,0.));
#14821 = DIRECTION('',(1.,0.,-0.));
#14822 = DIRECTION('',(0.,-1.,0.));
#14823 = ADVANCED_FACE('',(#14824),#14835,.F.);
#14824 = FACE_BOUND('',#14825,.T.);
#14825 = EDGE_LOOP('',(#14826,#14832,#14833,#14834));
#14826 = ORIENTED_EDGE('',*,*,#14827,.T.);
#14827 = EDGE_CURVE('',#1872,#7531,#14828,.T.);
#14828 = LINE('',#14829,#14830);
#14829 = CARTESIAN_POINT('',(226.65,-129.5875,0.));
#14830 = VECTOR('',#14831,1.);
#14831 = DIRECTION('',(0.,0.,1.));
#14832 = ORIENTED_EDGE('',*,*,#7530,.T.);
#14833 = ORIENTED_EDGE('',*,*,#14793,.F.);
#14834 = ORIENTED_EDGE('',*,*,#1871,.F.);
#14835 = CYLINDRICAL_SURFACE('',#14836,0.500001333575);
#14836 = AXIS2_PLACEMENT_3D('',#14837,#14838,#14839);
#14837 = CARTESIAN_POINT('',(226.14999866642,-129.5875013335,0.));
#14838 = DIRECTION('',(-0.,-0.,-1.));
#14839 = DIRECTION('',(0.999999999996,2.667139191042E-06,-0.));
#14840 = ADVANCED_FACE('',(#14841),#14852,.F.);
#14841 = FACE_BOUND('',#14842,.T.);
#14842 = EDGE_LOOP('',(#14843,#14844,#14845,#14851));
#14843 = ORIENTED_EDGE('',*,*,#14812,.T.);
#14844 = ORIENTED_EDGE('',*,*,#7564,.T.);
#14845 = ORIENTED_EDGE('',*,*,#14846,.F.);
#14846 = EDGE_CURVE('',#1898,#7557,#14847,.T.);
#14847 = LINE('',#14848,#14849);
#14848 = CARTESIAN_POINT('',(213.15,-143.0875,0.));
#14849 = VECTOR('',#14850,1.);
#14850 = DIRECTION('',(0.,0.,1.));
#14851 = ORIENTED_EDGE('',*,*,#1905,.F.);
#14852 = CYLINDRICAL_SURFACE('',#14853,0.500001333575);
#14853 = AXIS2_PLACEMENT_3D('',#14854,#14855,#14856);
#14854 = CARTESIAN_POINT('',(213.15000133357,-142.5874986664,0.));
#14855 = DIRECTION('',(-0.,-0.,-1.));
#14856 = DIRECTION('',(-0.999999999996,-2.667139191042E-06,0.));
#14857 = ADVANCED_FACE('',(#14858),#14869,.T.);
#14858 = FACE_BOUND('',#14859,.T.);
#14859 = EDGE_LOOP('',(#14860,#14866,#14867,#14868));
#14860 = ORIENTED_EDGE('',*,*,#14861,.T.);
#14861 = EDGE_CURVE('',#1881,#7540,#14862,.T.);
#14862 = LINE('',#14863,#14864);
#14863 = CARTESIAN_POINT('',(226.65,-142.5875,0.));
#14864 = VECTOR('',#14865,1.);
#14865 = DIRECTION('',(0.,0.,1.));
#14866 = ORIENTED_EDGE('',*,*,#7539,.T.);
#14867 = ORIENTED_EDGE('',*,*,#14827,.F.);
#14868 = ORIENTED_EDGE('',*,*,#1880,.F.);
#14869 = PLANE('',#14870);
#14870 = AXIS2_PLACEMENT_3D('',#14871,#14872,#14873);
#14871 = CARTESIAN_POINT('',(226.65,-142.5875,0.));
#14872 = DIRECTION('',(-1.,0.,0.));
#14873 = DIRECTION('',(0.,1.,0.));
#14874 = ADVANCED_FACE('',(#14875),#14886,.T.);
#14875 = FACE_BOUND('',#14876,.T.);
#14876 = EDGE_LOOP('',(#14877,#14878,#14879,#14885));
#14877 = ORIENTED_EDGE('',*,*,#14846,.T.);
#14878 = ORIENTED_EDGE('',*,*,#7556,.T.);
#14879 = ORIENTED_EDGE('',*,*,#14880,.F.);
#14880 = EDGE_CURVE('',#1889,#7548,#14881,.T.);
#14881 = LINE('',#14882,#14883);
#14882 = CARTESIAN_POINT('',(226.15,-143.0875,0.));
#14883 = VECTOR('',#14884,1.);
#14884 = DIRECTION('',(0.,0.,1.));
#14885 = ORIENTED_EDGE('',*,*,#1897,.F.);
#14886 = PLANE('',#14887);
#14887 = AXIS2_PLACEMENT_3D('',#14888,#14889,#14890);
#14888 = CARTESIAN_POINT('',(213.15,-143.0875,0.));
#14889 = DIRECTION('',(0.,1.,0.));
#14890 = DIRECTION('',(1.,0.,0.));
#14891 = ADVANCED_FACE('',(#14892),#14898,.F.);
#14892 = FACE_BOUND('',#14893,.T.);
#14893 = EDGE_LOOP('',(#14894,#14895,#14896,#14897));
#14894 = ORIENTED_EDGE('',*,*,#14880,.T.);
#14895 = ORIENTED_EDGE('',*,*,#7547,.T.);
#14896 = ORIENTED_EDGE('',*,*,#14861,.F.);
#14897 = ORIENTED_EDGE('',*,*,#1888,.F.);
#14898 = CYLINDRICAL_SURFACE('',#14899,0.500001333575);
#14899 = AXIS2_PLACEMENT_3D('',#14900,#14901,#14902);
#14900 = CARTESIAN_POINT('',(226.14999866642,-142.5874986664,0.));
#14901 = DIRECTION('',(-0.,-0.,-1.));
#14902 = DIRECTION('',(2.667139191042E-06,-0.999999999996,0.));
#14903 = ADVANCED_FACE('',(#14904),#14920,.F.);
#14904 = FACE_BOUND('',#14905,.T.);
#14905 = EDGE_LOOP('',(#14906,#14912,#14913,#14919));
#14906 = ORIENTED_EDGE('',*,*,#14907,.T.);
#14907 = EDGE_CURVE('',#1923,#7582,#14908,.T.);
#14908 = LINE('',#14909,#14910);
#14909 = CARTESIAN_POINT('',(232.25,-129.0875,0.));
#14910 = VECTOR('',#14911,1.);
#14911 = DIRECTION('',(0.,0.,1.));
#14912 = ORIENTED_EDGE('',*,*,#7581,.T.);
#14913 = ORIENTED_EDGE('',*,*,#14914,.F.);
#14914 = EDGE_CURVE('',#1925,#7584,#14915,.T.);
#14915 = LINE('',#14916,#14917);
#14916 = CARTESIAN_POINT('',(231.75,-129.5875,0.));
#14917 = VECTOR('',#14918,1.);
#14918 = DIRECTION('',(0.,0.,1.));
#14919 = ORIENTED_EDGE('',*,*,#1922,.F.);
#14920 = CYLINDRICAL_SURFACE('',#14921,0.500001333575);
#14921 = AXIS2_PLACEMENT_3D('',#14922,#14923,#14924);
#14922 = CARTESIAN_POINT('',(232.25000133357,-129.5875013335,0.));
#14923 = DIRECTION('',(-0.,-0.,-1.));
#14924 = DIRECTION('',(-2.667139134199E-06,0.999999999996,0.));
#14925 = ADVANCED_FACE('',(#14926),#14937,.T.);
#14926 = FACE_BOUND('',#14927,.T.);
#14927 = EDGE_LOOP('',(#14928,#14934,#14935,#14936));
#14928 = ORIENTED_EDGE('',*,*,#14929,.T.);
#14929 = EDGE_CURVE('',#1934,#7593,#14930,.T.);
#14930 = LINE('',#14931,#14932);
#14931 = CARTESIAN_POINT('',(245.25,-129.0875,0.));
#14932 = VECTOR('',#14933,1.);
#14933 = DIRECTION('',(0.,0.,1.));
#14934 = ORIENTED_EDGE('',*,*,#7592,.T.);
#14935 = ORIENTED_EDGE('',*,*,#14907,.F.);
#14936 = ORIENTED_EDGE('',*,*,#1933,.F.);
#14937 = PLANE('',#14938);
#14938 = AXIS2_PLACEMENT_3D('',#14939,#14940,#14941);
#14939 = CARTESIAN_POINT('',(245.25,-129.0875,0.));
#14940 = DIRECTION('',(0.,-1.,0.));
#14941 = DIRECTION('',(-1.,0.,0.));
#14942 = ADVANCED_FACE('',(#14943),#14954,.T.);
#14943 = FACE_BOUND('',#14944,.T.);
#14944 = EDGE_LOOP('',(#14945,#14946,#14947,#14953));
#14945 = ORIENTED_EDGE('',*,*,#14914,.T.);
#14946 = ORIENTED_EDGE('',*,*,#7643,.T.);
#14947 = ORIENTED_EDGE('',*,*,#14948,.F.);
#14948 = EDGE_CURVE('',#1976,#7635,#14949,.T.);
#14949 = LINE('',#14950,#14951);
#14950 = CARTESIAN_POINT('',(231.75,-142.5875,0.));
#14951 = VECTOR('',#14952,1.);
#14952 = DIRECTION('',(0.,0.,1.));
#14953 = ORIENTED_EDGE('',*,*,#1984,.F.);
#14954 = PLANE('',#14955);
#14955 = AXIS2_PLACEMENT_3D('',#14956,#14957,#14958);
#14956 = CARTESIAN_POINT('',(231.75,-129.5875,0.));
#14957 = DIRECTION('',(1.,0.,-0.));
#14958 = DIRECTION('',(0.,-1.,0.));
#14959 = ADVANCED_FACE('',(#14960),#14971,.F.);
#14960 = FACE_BOUND('',#14961,.T.);
#14961 = EDGE_LOOP('',(#14962,#14968,#14969,#14970));
#14962 = ORIENTED_EDGE('',*,*,#14963,.T.);
#14963 = EDGE_CURVE('',#1942,#7601,#14964,.T.);
#14964 = LINE('',#14965,#14966);
#14965 = CARTESIAN_POINT('',(245.75,-129.5875,0.));
#14966 = VECTOR('',#14967,1.);
#14967 = DIRECTION('',(0.,0.,1.));
#14968 = ORIENTED_EDGE('',*,*,#7600,.T.);
#14969 = ORIENTED_EDGE('',*,*,#14929,.F.);
#14970 = ORIENTED_EDGE('',*,*,#1941,.F.);
#14971 = CYLINDRICAL_SURFACE('',#14972,0.500001333575);
#14972 = AXIS2_PLACEMENT_3D('',#14973,#14974,#14975);
#14973 = CARTESIAN_POINT('',(245.24999866642,-129.5875013335,0.));
#14974 = DIRECTION('',(-0.,-0.,-1.));
#14975 = DIRECTION('',(0.999999999996,2.667139191043E-06,-0.));
#14976 = ADVANCED_FACE('',(#14977),#14988,.F.);
#14977 = FACE_BOUND('',#14978,.T.);
#14978 = EDGE_LOOP('',(#14979,#14980,#14981,#14987));
#14979 = ORIENTED_EDGE('',*,*,#14948,.T.);
#14980 = ORIENTED_EDGE('',*,*,#7634,.T.);
#14981 = ORIENTED_EDGE('',*,*,#14982,.F.);
#14982 = EDGE_CURVE('',#1968,#7627,#14983,.T.);
#14983 = LINE('',#14984,#14985);
#14984 = CARTESIAN_POINT('',(232.25,-143.0875,0.));
#14985 = VECTOR('',#14986,1.);
#14986 = DIRECTION('',(0.,0.,1.));
#14987 = ORIENTED_EDGE('',*,*,#1975,.F.);
#14988 = CYLINDRICAL_SURFACE('',#14989,0.500001333575);
#14989 = AXIS2_PLACEMENT_3D('',#14990,#14991,#14992);
#14990 = CARTESIAN_POINT('',(232.25000133357,-142.5874986664,0.));
#14991 = DIRECTION('',(-0.,-0.,-1.));
#14992 = DIRECTION('',(-0.999999999996,-2.667139191043E-06,0.));
#14993 = ADVANCED_FACE('',(#14994),#15005,.T.);
#14994 = FACE_BOUND('',#14995,.T.);
#14995 = EDGE_LOOP('',(#14996,#15002,#15003,#15004));
#14996 = ORIENTED_EDGE('',*,*,#14997,.T.);
#14997 = EDGE_CURVE('',#1951,#7610,#14998,.T.);
#14998 = LINE('',#14999,#15000);
#14999 = CARTESIAN_POINT('',(245.75,-142.5875,0.));
#15000 = VECTOR('',#15001,1.);
#15001 = DIRECTION('',(0.,0.,1.));
#15002 = ORIENTED_EDGE('',*,*,#7609,.T.);
#15003 = ORIENTED_EDGE('',*,*,#14963,.F.);
#15004 = ORIENTED_EDGE('',*,*,#1950,.F.);
#15005 = PLANE('',#15006);
#15006 = AXIS2_PLACEMENT_3D('',#15007,#15008,#15009);
#15007 = CARTESIAN_POINT('',(245.75,-142.5875,0.));
#15008 = DIRECTION('',(-1.,0.,0.));
#15009 = DIRECTION('',(0.,1.,0.));
#15010 = ADVANCED_FACE('',(#15011),#15022,.T.);
#15011 = FACE_BOUND('',#15012,.T.);
#15012 = EDGE_LOOP('',(#15013,#15014,#15015,#15021));
#15013 = ORIENTED_EDGE('',*,*,#14982,.T.);
#15014 = ORIENTED_EDGE('',*,*,#7626,.T.);
#15015 = ORIENTED_EDGE('',*,*,#15016,.F.);
#15016 = EDGE_CURVE('',#1959,#7618,#15017,.T.);
#15017 = LINE('',#15018,#15019);
#15018 = CARTESIAN_POINT('',(245.25,-143.0875,0.));
#15019 = VECTOR('',#15020,1.);
#15020 = DIRECTION('',(0.,0.,1.));
#15021 = ORIENTED_EDGE('',*,*,#1967,.F.);
#15022 = PLANE('',#15023);
#15023 = AXIS2_PLACEMENT_3D('',#15024,#15025,#15026);
#15024 = CARTESIAN_POINT('',(232.25,-143.0875,0.));
#15025 = DIRECTION('',(0.,1.,0.));
#15026 = DIRECTION('',(1.,0.,0.));
#15027 = ADVANCED_FACE('',(#15028),#15034,.F.);
#15028 = FACE_BOUND('',#15029,.T.);
#15029 = EDGE_LOOP('',(#15030,#15031,#15032,#15033));
#15030 = ORIENTED_EDGE('',*,*,#15016,.T.);
#15031 = ORIENTED_EDGE('',*,*,#7617,.T.);
#15032 = ORIENTED_EDGE('',*,*,#14997,.F.);
#15033 = ORIENTED_EDGE('',*,*,#1958,.F.);
#15034 = CYLINDRICAL_SURFACE('',#15035,0.500001333575);
#15035 = AXIS2_PLACEMENT_3D('',#15036,#15037,#15038);
#15036 = CARTESIAN_POINT('',(245.24999866642,-142.5874986664,0.));
#15037 = DIRECTION('',(-0.,-0.,-1.));
#15038 = DIRECTION('',(2.667139134199E-06,-0.999999999996,0.));
#15039 = ADVANCED_FACE('',(#15040),#15056,.F.);
#15040 = FACE_BOUND('',#15041,.T.);
#15041 = EDGE_LOOP('',(#15042,#15048,#15049,#15055));
#15042 = ORIENTED_EDGE('',*,*,#15043,.T.);
#15043 = EDGE_CURVE('',#1993,#7652,#15044,.T.);
#15044 = LINE('',#15045,#15046);
#15045 = CARTESIAN_POINT('',(251.35,-129.0875,0.));
#15046 = VECTOR('',#15047,1.);
#15047 = DIRECTION('',(0.,0.,1.));
#15048 = ORIENTED_EDGE('',*,*,#7651,.T.);
#15049 = ORIENTED_EDGE('',*,*,#15050,.F.);
#15050 = EDGE_CURVE('',#1995,#7654,#15051,.T.);
#15051 = LINE('',#15052,#15053);
#15052 = CARTESIAN_POINT('',(250.85,-129.5875,0.));
#15053 = VECTOR('',#15054,1.);
#15054 = DIRECTION('',(0.,0.,1.));
#15055 = ORIENTED_EDGE('',*,*,#1992,.F.);
#15056 = CYLINDRICAL_SURFACE('',#15057,0.500001333575);
#15057 = AXIS2_PLACEMENT_3D('',#15058,#15059,#15060);
#15058 = CARTESIAN_POINT('',(251.35000133357,-129.5875013335,0.));
#15059 = DIRECTION('',(-0.,-0.,-1.));
#15060 = DIRECTION('',(-2.667139191042E-06,0.999999999996,0.));
#15061 = ADVANCED_FACE('',(#15062),#15073,.T.);
#15062 = FACE_BOUND('',#15063,.T.);
#15063 = EDGE_LOOP('',(#15064,#15070,#15071,#15072));
#15064 = ORIENTED_EDGE('',*,*,#15065,.T.);
#15065 = EDGE_CURVE('',#2004,#7663,#15066,.T.);
#15066 = LINE('',#15067,#15068);
#15067 = CARTESIAN_POINT('',(264.35,-129.0875,0.));
#15068 = VECTOR('',#15069,1.);
#15069 = DIRECTION('',(0.,0.,1.));
#15070 = ORIENTED_EDGE('',*,*,#7662,.T.);
#15071 = ORIENTED_EDGE('',*,*,#15043,.F.);
#15072 = ORIENTED_EDGE('',*,*,#2003,.F.);
#15073 = PLANE('',#15074);
#15074 = AXIS2_PLACEMENT_3D('',#15075,#15076,#15077);
#15075 = CARTESIAN_POINT('',(264.35,-129.0875,0.));
#15076 = DIRECTION('',(0.,-1.,0.));
#15077 = DIRECTION('',(-1.,0.,0.));
#15078 = ADVANCED_FACE('',(#15079),#15090,.T.);
#15079 = FACE_BOUND('',#15080,.T.);
#15080 = EDGE_LOOP('',(#15081,#15082,#15083,#15089));
#15081 = ORIENTED_EDGE('',*,*,#15050,.T.);
#15082 = ORIENTED_EDGE('',*,*,#7713,.T.);
#15083 = ORIENTED_EDGE('',*,*,#15084,.F.);
#15084 = EDGE_CURVE('',#2046,#7705,#15085,.T.);
#15085 = LINE('',#15086,#15087);
#15086 = CARTESIAN_POINT('',(250.85,-142.5875,0.));
#15087 = VECTOR('',#15088,1.);
#15088 = DIRECTION('',(0.,0.,1.));
#15089 = ORIENTED_EDGE('',*,*,#2054,.F.);
#15090 = PLANE('',#15091);
#15091 = AXIS2_PLACEMENT_3D('',#15092,#15093,#15094);
#15092 = CARTESIAN_POINT('',(250.85,-129.5875,0.));
#15093 = DIRECTION('',(1.,0.,-0.));
#15094 = DIRECTION('',(0.,-1.,0.));
#15095 = ADVANCED_FACE('',(#15096),#15107,.F.);
#15096 = FACE_BOUND('',#15097,.T.);
#15097 = EDGE_LOOP('',(#15098,#15104,#15105,#15106));
#15098 = ORIENTED_EDGE('',*,*,#15099,.T.);
#15099 = EDGE_CURVE('',#2012,#7671,#15100,.T.);
#15100 = LINE('',#15101,#15102);
#15101 = CARTESIAN_POINT('',(264.85,-129.5875,0.));
#15102 = VECTOR('',#15103,1.);
#15103 = DIRECTION('',(0.,0.,1.));
#15104 = ORIENTED_EDGE('',*,*,#7670,.T.);
#15105 = ORIENTED_EDGE('',*,*,#15065,.F.);
#15106 = ORIENTED_EDGE('',*,*,#2011,.F.);
#15107 = CYLINDRICAL_SURFACE('',#15108,0.500001333575);
#15108 = AXIS2_PLACEMENT_3D('',#15109,#15110,#15111);
#15109 = CARTESIAN_POINT('',(264.34999866642,-129.5875013335,0.));
#15110 = DIRECTION('',(-0.,-0.,-1.));
#15111 = DIRECTION('',(0.999999999996,2.667139247885E-06,-0.));
#15112 = ADVANCED_FACE('',(#15113),#15124,.F.);
#15113 = FACE_BOUND('',#15114,.T.);
#15114 = EDGE_LOOP('',(#15115,#15116,#15117,#15123));
#15115 = ORIENTED_EDGE('',*,*,#15084,.T.);
#15116 = ORIENTED_EDGE('',*,*,#7704,.T.);
#15117 = ORIENTED_EDGE('',*,*,#15118,.F.);
#15118 = EDGE_CURVE('',#2038,#7697,#15119,.T.);
#15119 = LINE('',#15120,#15121);
#15120 = CARTESIAN_POINT('',(251.35,-143.0875,0.));
#15121 = VECTOR('',#15122,1.);
#15122 = DIRECTION('',(0.,0.,1.));
#15123 = ORIENTED_EDGE('',*,*,#2045,.F.);
#15124 = CYLINDRICAL_SURFACE('',#15125,0.500001333575);
#15125 = AXIS2_PLACEMENT_3D('',#15126,#15127,#15128);
#15126 = CARTESIAN_POINT('',(251.35000133357,-142.5874986664,0.));
#15127 = DIRECTION('',(-0.,-0.,-1.));
#15128 = DIRECTION('',(-0.999999999996,-2.667139191042E-06,0.));
#15129 = ADVANCED_FACE('',(#15130),#15141,.T.);
#15130 = FACE_BOUND('',#15131,.T.);
#15131 = EDGE_LOOP('',(#15132,#15138,#15139,#15140));
#15132 = ORIENTED_EDGE('',*,*,#15133,.T.);
#15133 = EDGE_CURVE('',#2021,#7680,#15134,.T.);
#15134 = LINE('',#15135,#15136);
#15135 = CARTESIAN_POINT('',(264.85,-142.5875,0.));
#15136 = VECTOR('',#15137,1.);
#15137 = DIRECTION('',(0.,0.,1.));
#15138 = ORIENTED_EDGE('',*,*,#7679,.T.);
#15139 = ORIENTED_EDGE('',*,*,#15099,.F.);
#15140 = ORIENTED_EDGE('',*,*,#2020,.F.);
#15141 = PLANE('',#15142);
#15142 = AXIS2_PLACEMENT_3D('',#15143,#15144,#15145);
#15143 = CARTESIAN_POINT('',(264.85,-142.5875,0.));
#15144 = DIRECTION('',(-1.,0.,0.));
#15145 = DIRECTION('',(0.,1.,0.));
#15146 = ADVANCED_FACE('',(#15147),#15158,.T.);
#15147 = FACE_BOUND('',#15148,.T.);
#15148 = EDGE_LOOP('',(#15149,#15150,#15151,#15157));
#15149 = ORIENTED_EDGE('',*,*,#15118,.T.);
#15150 = ORIENTED_EDGE('',*,*,#7696,.T.);
#15151 = ORIENTED_EDGE('',*,*,#15152,.F.);
#15152 = EDGE_CURVE('',#2029,#7688,#15153,.T.);
#15153 = LINE('',#15154,#15155);
#15154 = CARTESIAN_POINT('',(264.35,-143.0875,0.));
#15155 = VECTOR('',#15156,1.);
#15156 = DIRECTION('',(0.,0.,1.));
#15157 = ORIENTED_EDGE('',*,*,#2037,.F.);
#15158 = PLANE('',#15159);
#15159 = AXIS2_PLACEMENT_3D('',#15160,#15161,#15162);
#15160 = CARTESIAN_POINT('',(251.35,-143.0875,0.));
#15161 = DIRECTION('',(0.,1.,0.));
#15162 = DIRECTION('',(1.,0.,0.));
#15163 = ADVANCED_FACE('',(#15164),#15170,.F.);
#15164 = FACE_BOUND('',#15165,.T.);
#15165 = EDGE_LOOP('',(#15166,#15167,#15168,#15169));
#15166 = ORIENTED_EDGE('',*,*,#15152,.T.);
#15167 = ORIENTED_EDGE('',*,*,#7687,.T.);
#15168 = ORIENTED_EDGE('',*,*,#15133,.F.);
#15169 = ORIENTED_EDGE('',*,*,#2028,.F.);
#15170 = CYLINDRICAL_SURFACE('',#15171,0.500001333575);
#15171 = AXIS2_PLACEMENT_3D('',#15172,#15173,#15174);
#15172 = CARTESIAN_POINT('',(264.34999866642,-142.5874986664,0.));
#15173 = DIRECTION('',(-0.,-0.,-1.));
#15174 = DIRECTION('',(2.667139304729E-06,-0.999999999996,0.));
#15175 = ADVANCED_FACE('',(#15176),#15192,.F.);
#15176 = FACE_BOUND('',#15177,.T.);
#15177 = EDGE_LOOP('',(#15178,#15184,#15185,#15191));
#15178 = ORIENTED_EDGE('',*,*,#15179,.T.);
#15179 = EDGE_CURVE('',#2063,#7722,#15180,.T.);
#15180 = LINE('',#15181,#15182);
#15181 = CARTESIAN_POINT('',(270.45,-129.0875,0.));
#15182 = VECTOR('',#15183,1.);
#15183 = DIRECTION('',(0.,0.,1.));
#15184 = ORIENTED_EDGE('',*,*,#7721,.T.);
#15185 = ORIENTED_EDGE('',*,*,#15186,.F.);
#15186 = EDGE_CURVE('',#2065,#7724,#15187,.T.);
#15187 = LINE('',#15188,#15189);
#15188 = CARTESIAN_POINT('',(269.95,-129.5875,0.));
#15189 = VECTOR('',#15190,1.);
#15190 = DIRECTION('',(0.,0.,1.));
#15191 = ORIENTED_EDGE('',*,*,#2062,.F.);
#15192 = CYLINDRICAL_SURFACE('',#15193,0.500001333575);
#15193 = AXIS2_PLACEMENT_3D('',#15194,#15195,#15196);
#15194 = CARTESIAN_POINT('',(270.45000133357,-129.5875013335,0.));
#15195 = DIRECTION('',(-0.,-0.,-1.));
#15196 = DIRECTION('',(-2.667139191042E-06,0.999999999996,0.));
#15197 = ADVANCED_FACE('',(#15198),#15209,.T.);
#15198 = FACE_BOUND('',#15199,.T.);
#15199 = EDGE_LOOP('',(#15200,#15206,#15207,#15208));
#15200 = ORIENTED_EDGE('',*,*,#15201,.T.);
#15201 = EDGE_CURVE('',#2074,#7733,#15202,.T.);
#15202 = LINE('',#15203,#15204);
#15203 = CARTESIAN_POINT('',(283.45,-129.0875,0.));
#15204 = VECTOR('',#15205,1.);
#15205 = DIRECTION('',(0.,0.,1.));
#15206 = ORIENTED_EDGE('',*,*,#7732,.T.);
#15207 = ORIENTED_EDGE('',*,*,#15179,.F.);
#15208 = ORIENTED_EDGE('',*,*,#2073,.F.);
#15209 = PLANE('',#15210);
#15210 = AXIS2_PLACEMENT_3D('',#15211,#15212,#15213);
#15211 = CARTESIAN_POINT('',(283.45,-129.0875,0.));
#15212 = DIRECTION('',(0.,-1.,0.));
#15213 = DIRECTION('',(-1.,0.,0.));
#15214 = ADVANCED_FACE('',(#15215),#15226,.T.);
#15215 = FACE_BOUND('',#15216,.T.);
#15216 = EDGE_LOOP('',(#15217,#15218,#15219,#15225));
#15217 = ORIENTED_EDGE('',*,*,#15186,.T.);
#15218 = ORIENTED_EDGE('',*,*,#7783,.T.);
#15219 = ORIENTED_EDGE('',*,*,#15220,.F.);
#15220 = EDGE_CURVE('',#2116,#7775,#15221,.T.);
#15221 = LINE('',#15222,#15223);
#15222 = CARTESIAN_POINT('',(269.95,-142.5875,0.));
#15223 = VECTOR('',#15224,1.);
#15224 = DIRECTION('',(0.,0.,1.));
#15225 = ORIENTED_EDGE('',*,*,#2124,.F.);
#15226 = PLANE('',#15227);
#15227 = AXIS2_PLACEMENT_3D('',#15228,#15229,#15230);
#15228 = CARTESIAN_POINT('',(269.95,-129.5875,0.));
#15229 = DIRECTION('',(1.,0.,-0.));
#15230 = DIRECTION('',(0.,-1.,0.));
#15231 = ADVANCED_FACE('',(#15232),#15243,.F.);
#15232 = FACE_BOUND('',#15233,.T.);
#15233 = EDGE_LOOP('',(#15234,#15240,#15241,#15242));
#15234 = ORIENTED_EDGE('',*,*,#15235,.T.);
#15235 = EDGE_CURVE('',#2082,#7741,#15236,.T.);
#15236 = LINE('',#15237,#15238);
#15237 = CARTESIAN_POINT('',(283.95,-129.5875,0.));
#15238 = VECTOR('',#15239,1.);
#15239 = DIRECTION('',(0.,0.,1.));
#15240 = ORIENTED_EDGE('',*,*,#7740,.T.);
#15241 = ORIENTED_EDGE('',*,*,#15201,.F.);
#15242 = ORIENTED_EDGE('',*,*,#2081,.F.);
#15243 = CYLINDRICAL_SURFACE('',#15244,0.500001333575);
#15244 = AXIS2_PLACEMENT_3D('',#15245,#15246,#15247);
#15245 = CARTESIAN_POINT('',(283.44999866642,-129.5875013335,0.));
#15246 = DIRECTION('',(-0.,-0.,-1.));
#15247 = DIRECTION('',(0.999999999996,2.667139077356E-06,-0.));
#15248 = ADVANCED_FACE('',(#15249),#15260,.F.);
#15249 = FACE_BOUND('',#15250,.T.);
#15250 = EDGE_LOOP('',(#15251,#15252,#15253,#15259));
#15251 = ORIENTED_EDGE('',*,*,#15220,.T.);
#15252 = ORIENTED_EDGE('',*,*,#7774,.T.);
#15253 = ORIENTED_EDGE('',*,*,#15254,.F.);
#15254 = EDGE_CURVE('',#2108,#7767,#15255,.T.);
#15255 = LINE('',#15256,#15257);
#15256 = CARTESIAN_POINT('',(270.45,-143.0875,0.));
#15257 = VECTOR('',#15258,1.);
#15258 = DIRECTION('',(0.,0.,1.));
#15259 = ORIENTED_EDGE('',*,*,#2115,.F.);
#15260 = CYLINDRICAL_SURFACE('',#15261,0.500001333575);
#15261 = AXIS2_PLACEMENT_3D('',#15262,#15263,#15264);
#15262 = CARTESIAN_POINT('',(270.45000133357,-142.5874986664,0.));
#15263 = DIRECTION('',(-0.,-0.,-1.));
#15264 = DIRECTION('',(-0.999999999996,-2.667139247886E-06,0.));
#15265 = ADVANCED_FACE('',(#15266),#15277,.T.);
#15266 = FACE_BOUND('',#15267,.T.);
#15267 = EDGE_LOOP('',(#15268,#15274,#15275,#15276));
#15268 = ORIENTED_EDGE('',*,*,#15269,.T.);
#15269 = EDGE_CURVE('',#2091,#7750,#15270,.T.);
#15270 = LINE('',#15271,#15272);
#15271 = CARTESIAN_POINT('',(283.95,-142.5875,0.));
#15272 = VECTOR('',#15273,1.);
#15273 = DIRECTION('',(0.,0.,1.));
#15274 = ORIENTED_EDGE('',*,*,#7749,.T.);
#15275 = ORIENTED_EDGE('',*,*,#15235,.F.);
#15276 = ORIENTED_EDGE('',*,*,#2090,.F.);
#15277 = PLANE('',#15278);
#15278 = AXIS2_PLACEMENT_3D('',#15279,#15280,#15281);
#15279 = CARTESIAN_POINT('',(283.95,-142.5875,0.));
#15280 = DIRECTION('',(-1.,0.,0.));
#15281 = DIRECTION('',(0.,1.,0.));
#15282 = ADVANCED_FACE('',(#15283),#15294,.T.);
#15283 = FACE_BOUND('',#15284,.T.);
#15284 = EDGE_LOOP('',(#15285,#15286,#15287,#15293));
#15285 = ORIENTED_EDGE('',*,*,#15254,.T.);
#15286 = ORIENTED_EDGE('',*,*,#7766,.T.);
#15287 = ORIENTED_EDGE('',*,*,#15288,.F.);
#15288 = EDGE_CURVE('',#2099,#7758,#15289,.T.);
#15289 = LINE('',#15290,#15291);
#15290 = CARTESIAN_POINT('',(283.45,-143.0875,0.));
#15291 = VECTOR('',#15292,1.);
#15292 = DIRECTION('',(0.,0.,1.));
#15293 = ORIENTED_EDGE('',*,*,#2107,.F.);
#15294 = PLANE('',#15295);
#15295 = AXIS2_PLACEMENT_3D('',#15296,#15297,#15298);
#15296 = CARTESIAN_POINT('',(270.45,-143.0875,0.));
#15297 = DIRECTION('',(0.,1.,0.));
#15298 = DIRECTION('',(1.,0.,0.));
#15299 = ADVANCED_FACE('',(#15300),#15306,.F.);
#15300 = FACE_BOUND('',#15301,.T.);
#15301 = EDGE_LOOP('',(#15302,#15303,#15304,#15305));
#15302 = ORIENTED_EDGE('',*,*,#15288,.T.);
#15303 = ORIENTED_EDGE('',*,*,#7757,.T.);
#15304 = ORIENTED_EDGE('',*,*,#15269,.F.);
#15305 = ORIENTED_EDGE('',*,*,#2098,.F.);
#15306 = CYLINDRICAL_SURFACE('',#15307,0.500001333575);
#15307 = AXIS2_PLACEMENT_3D('',#15308,#15309,#15310);
#15308 = CARTESIAN_POINT('',(283.44999866642,-142.5874986664,0.));
#15309 = DIRECTION('',(-0.,-0.,-1.));
#15310 = DIRECTION('',(2.667139077356E-06,-0.999999999996,0.));
#15311 = ADVANCED_FACE('',(#15312),#15328,.F.);
#15312 = FACE_BOUND('',#15313,.T.);
#15313 = EDGE_LOOP('',(#15314,#15320,#15321,#15327));
#15314 = ORIENTED_EDGE('',*,*,#15315,.T.);
#15315 = EDGE_CURVE('',#2133,#7792,#15316,.T.);
#15316 = LINE('',#15317,#15318);
#15317 = CARTESIAN_POINT('',(296.7125,-129.0875,0.));
#15318 = VECTOR('',#15319,1.);
#15319 = DIRECTION('',(0.,0.,1.));
#15320 = ORIENTED_EDGE('',*,*,#7791,.T.);
#15321 = ORIENTED_EDGE('',*,*,#15322,.F.);
#15322 = EDGE_CURVE('',#2135,#7794,#15323,.T.);
#15323 = LINE('',#15324,#15325);
#15324 = CARTESIAN_POINT('',(296.2125,-129.5875,0.));
#15325 = VECTOR('',#15326,1.);
#15326 = DIRECTION('',(0.,0.,1.));
#15327 = ORIENTED_EDGE('',*,*,#2132,.F.);
#15328 = CYLINDRICAL_SURFACE('',#15329,0.500001333575);
#15329 = AXIS2_PLACEMENT_3D('',#15330,#15331,#15332);
#15330 = CARTESIAN_POINT('',(296.71250133357,-129.5875013335,0.));
#15331 = DIRECTION('',(-0.,-0.,-1.));
#15332 = DIRECTION('',(-2.667139304729E-06,0.999999999996,0.));
#15333 = ADVANCED_FACE('',(#15334),#15345,.T.);
#15334 = FACE_BOUND('',#15335,.T.);
#15335 = EDGE_LOOP('',(#15336,#15342,#15343,#15344));
#15336 = ORIENTED_EDGE('',*,*,#15337,.T.);
#15337 = EDGE_CURVE('',#2144,#7803,#15338,.T.);
#15338 = LINE('',#15339,#15340);
#15339 = CARTESIAN_POINT('',(309.7125,-129.0875,0.));
#15340 = VECTOR('',#15341,1.);
#15341 = DIRECTION('',(0.,0.,1.));
#15342 = ORIENTED_EDGE('',*,*,#7802,.T.);
#15343 = ORIENTED_EDGE('',*,*,#15315,.F.);
#15344 = ORIENTED_EDGE('',*,*,#2143,.F.);
#15345 = PLANE('',#15346);
#15346 = AXIS2_PLACEMENT_3D('',#15347,#15348,#15349);
#15347 = CARTESIAN_POINT('',(309.7125,-129.0875,0.));
#15348 = DIRECTION('',(0.,-1.,0.));
#15349 = DIRECTION('',(-1.,0.,0.));
#15350 = ADVANCED_FACE('',(#15351),#15362,.T.);
#15351 = FACE_BOUND('',#15352,.T.);
#15352 = EDGE_LOOP('',(#15353,#15354,#15355,#15361));
#15353 = ORIENTED_EDGE('',*,*,#15322,.T.);
#15354 = ORIENTED_EDGE('',*,*,#7853,.T.);
#15355 = ORIENTED_EDGE('',*,*,#15356,.F.);
#15356 = EDGE_CURVE('',#2186,#7845,#15357,.T.);
#15357 = LINE('',#15358,#15359);
#15358 = CARTESIAN_POINT('',(296.2125,-142.5875,0.));
#15359 = VECTOR('',#15360,1.);
#15360 = DIRECTION('',(0.,0.,1.));
#15361 = ORIENTED_EDGE('',*,*,#2194,.F.);
#15362 = PLANE('',#15363);
#15363 = AXIS2_PLACEMENT_3D('',#15364,#15365,#15366);
#15364 = CARTESIAN_POINT('',(296.2125,-129.5875,0.));
#15365 = DIRECTION('',(1.,0.,-0.));
#15366 = DIRECTION('',(0.,-1.,0.));
#15367 = ADVANCED_FACE('',(#15368),#15379,.F.);
#15368 = FACE_BOUND('',#15369,.T.);
#15369 = EDGE_LOOP('',(#15370,#15376,#15377,#15378));
#15370 = ORIENTED_EDGE('',*,*,#15371,.T.);
#15371 = EDGE_CURVE('',#2152,#7811,#15372,.T.);
#15372 = LINE('',#15373,#15374);
#15373 = CARTESIAN_POINT('',(310.2125,-129.5875,0.));
#15374 = VECTOR('',#15375,1.);
#15375 = DIRECTION('',(0.,0.,1.));
#15376 = ORIENTED_EDGE('',*,*,#7810,.T.);
#15377 = ORIENTED_EDGE('',*,*,#15337,.F.);
#15378 = ORIENTED_EDGE('',*,*,#2151,.F.);
#15379 = CYLINDRICAL_SURFACE('',#15380,0.500001333575);
#15380 = AXIS2_PLACEMENT_3D('',#15381,#15382,#15383);
#15381 = CARTESIAN_POINT('',(309.71249866642,-129.5875013335,0.));
#15382 = DIRECTION('',(-0.,-0.,-1.));
#15383 = DIRECTION('',(0.999999999996,2.667139077356E-06,-0.));
#15384 = ADVANCED_FACE('',(#15385),#15396,.F.);
#15385 = FACE_BOUND('',#15386,.T.);
#15386 = EDGE_LOOP('',(#15387,#15388,#15389,#15395));
#15387 = ORIENTED_EDGE('',*,*,#15356,.T.);
#15388 = ORIENTED_EDGE('',*,*,#7844,.T.);
#15389 = ORIENTED_EDGE('',*,*,#15390,.F.);
#15390 = EDGE_CURVE('',#2178,#7837,#15391,.T.);
#15391 = LINE('',#15392,#15393);
#15392 = CARTESIAN_POINT('',(296.7125,-143.0875,0.));
#15393 = VECTOR('',#15394,1.);
#15394 = DIRECTION('',(0.,0.,1.));
#15395 = ORIENTED_EDGE('',*,*,#2185,.F.);
#15396 = CYLINDRICAL_SURFACE('',#15397,0.500001333575);
#15397 = AXIS2_PLACEMENT_3D('',#15398,#15399,#15400);
#15398 = CARTESIAN_POINT('',(296.71250133357,-142.5874986664,0.));
#15399 = DIRECTION('',(-0.,-0.,-1.));
#15400 = DIRECTION('',(-0.999999999996,-2.667139247885E-06,0.));
#15401 = ADVANCED_FACE('',(#15402),#15413,.T.);
#15402 = FACE_BOUND('',#15403,.T.);
#15403 = EDGE_LOOP('',(#15404,#15410,#15411,#15412));
#15404 = ORIENTED_EDGE('',*,*,#15405,.T.);
#15405 = EDGE_CURVE('',#2161,#7820,#15406,.T.);
#15406 = LINE('',#15407,#15408);
#15407 = CARTESIAN_POINT('',(310.2125,-142.5875,0.));
#15408 = VECTOR('',#15409,1.);
#15409 = DIRECTION('',(0.,0.,1.));
#15410 = ORIENTED_EDGE('',*,*,#7819,.T.);
#15411 = ORIENTED_EDGE('',*,*,#15371,.F.);
#15412 = ORIENTED_EDGE('',*,*,#2160,.F.);
#15413 = PLANE('',#15414);
#15414 = AXIS2_PLACEMENT_3D('',#15415,#15416,#15417);
#15415 = CARTESIAN_POINT('',(310.2125,-142.5875,0.));
#15416 = DIRECTION('',(-1.,0.,0.));
#15417 = DIRECTION('',(0.,1.,0.));
#15418 = ADVANCED_FACE('',(#15419),#15430,.T.);
#15419 = FACE_BOUND('',#15420,.T.);
#15420 = EDGE_LOOP('',(#15421,#15422,#15423,#15429));
#15421 = ORIENTED_EDGE('',*,*,#15390,.T.);
#15422 = ORIENTED_EDGE('',*,*,#7836,.T.);
#15423 = ORIENTED_EDGE('',*,*,#15424,.F.);
#15424 = EDGE_CURVE('',#2169,#7828,#15425,.T.);
#15425 = LINE('',#15426,#15427);
#15426 = CARTESIAN_POINT('',(309.7125,-143.0875,0.));
#15427 = VECTOR('',#15428,1.);
#15428 = DIRECTION('',(0.,0.,1.));
#15429 = ORIENTED_EDGE('',*,*,#2177,.F.);
#15430 = PLANE('',#15431);
#15431 = AXIS2_PLACEMENT_3D('',#15432,#15433,#15434);
#15432 = CARTESIAN_POINT('',(296.7125,-143.0875,0.));
#15433 = DIRECTION('',(0.,1.,0.));
#15434 = DIRECTION('',(1.,0.,0.));
#15435 = ADVANCED_FACE('',(#15436),#15442,.F.);
#15436 = FACE_BOUND('',#15437,.T.);
#15437 = EDGE_LOOP('',(#15438,#15439,#15440,#15441));
#15438 = ORIENTED_EDGE('',*,*,#15424,.T.);
#15439 = ORIENTED_EDGE('',*,*,#7827,.T.);
#15440 = ORIENTED_EDGE('',*,*,#15405,.F.);
#15441 = ORIENTED_EDGE('',*,*,#2168,.F.);
#15442 = CYLINDRICAL_SURFACE('',#15443,0.500001333575);
#15443 = AXIS2_PLACEMENT_3D('',#15444,#15445,#15446);
#15444 = CARTESIAN_POINT('',(309.71249866642,-142.5874986664,0.));
#15445 = DIRECTION('',(-0.,-0.,-1.));
#15446 = DIRECTION('',(2.667139077356E-06,-0.999999999996,0.));
#15447 = ADVANCED_FACE('',(#15448),#15464,.F.);
#15448 = FACE_BOUND('',#15449,.T.);
#15449 = EDGE_LOOP('',(#15450,#15456,#15457,#15463));
#15450 = ORIENTED_EDGE('',*,*,#15451,.T.);
#15451 = EDGE_CURVE('',#2203,#7862,#15452,.T.);
#15452 = LINE('',#15453,#15454);
#15453 = CARTESIAN_POINT('',(322.975,-129.0875,0.));
#15454 = VECTOR('',#15455,1.);
#15455 = DIRECTION('',(0.,0.,1.));
#15456 = ORIENTED_EDGE('',*,*,#7861,.T.);
#15457 = ORIENTED_EDGE('',*,*,#15458,.F.);
#15458 = EDGE_CURVE('',#2205,#7864,#15459,.T.);
#15459 = LINE('',#15460,#15461);
#15460 = CARTESIAN_POINT('',(322.475,-129.5875,0.));
#15461 = VECTOR('',#15462,1.);
#15462 = DIRECTION('',(0.,0.,1.));
#15463 = ORIENTED_EDGE('',*,*,#2202,.F.);
#15464 = CYLINDRICAL_SURFACE('',#15465,0.500001333575);
#15465 = AXIS2_PLACEMENT_3D('',#15466,#15467,#15468);
#15466 = CARTESIAN_POINT('',(322.97500133357,-129.5875013335,0.));
#15467 = DIRECTION('',(-0.,-0.,-1.));
#15468 = DIRECTION('',(-2.667139077356E-06,0.999999999996,0.));
#15469 = ADVANCED_FACE('',(#15470),#15481,.T.);
#15470 = FACE_BOUND('',#15471,.T.);
#15471 = EDGE_LOOP('',(#15472,#15478,#15479,#15480));
#15472 = ORIENTED_EDGE('',*,*,#15473,.T.);
#15473 = EDGE_CURVE('',#2214,#7873,#15474,.T.);
#15474 = LINE('',#15475,#15476);
#15475 = CARTESIAN_POINT('',(335.975,-129.0875,0.));
#15476 = VECTOR('',#15477,1.);
#15477 = DIRECTION('',(0.,0.,1.));
#15478 = ORIENTED_EDGE('',*,*,#7872,.T.);
#15479 = ORIENTED_EDGE('',*,*,#15451,.F.);
#15480 = ORIENTED_EDGE('',*,*,#2213,.F.);
#15481 = PLANE('',#15482);
#15482 = AXIS2_PLACEMENT_3D('',#15483,#15484,#15485);
#15483 = CARTESIAN_POINT('',(335.975,-129.0875,0.));
#15484 = DIRECTION('',(0.,-1.,0.));
#15485 = DIRECTION('',(-1.,0.,0.));
#15486 = ADVANCED_FACE('',(#15487),#15498,.T.);
#15487 = FACE_BOUND('',#15488,.T.);
#15488 = EDGE_LOOP('',(#15489,#15490,#15491,#15497));
#15489 = ORIENTED_EDGE('',*,*,#15458,.T.);
#15490 = ORIENTED_EDGE('',*,*,#7923,.T.);
#15491 = ORIENTED_EDGE('',*,*,#15492,.F.);
#15492 = EDGE_CURVE('',#2256,#7915,#15493,.T.);
#15493 = LINE('',#15494,#15495);
#15494 = CARTESIAN_POINT('',(322.475,-142.5875,0.));
#15495 = VECTOR('',#15496,1.);
#15496 = DIRECTION('',(0.,0.,1.));
#15497 = ORIENTED_EDGE('',*,*,#2264,.F.);
#15498 = PLANE('',#15499);
#15499 = AXIS2_PLACEMENT_3D('',#15500,#15501,#15502);
#15500 = CARTESIAN_POINT('',(322.475,-129.5875,0.));
#15501 = DIRECTION('',(1.,0.,-0.));
#15502 = DIRECTION('',(0.,-1.,0.));
#15503 = ADVANCED_FACE('',(#15504),#15515,.F.);
#15504 = FACE_BOUND('',#15505,.T.);
#15505 = EDGE_LOOP('',(#15506,#15512,#15513,#15514));
#15506 = ORIENTED_EDGE('',*,*,#15507,.T.);
#15507 = EDGE_CURVE('',#2222,#7881,#15508,.T.);
#15508 = LINE('',#15509,#15510);
#15509 = CARTESIAN_POINT('',(336.475,-129.5875,0.));
#15510 = VECTOR('',#15511,1.);
#15511 = DIRECTION('',(0.,0.,1.));
#15512 = ORIENTED_EDGE('',*,*,#7880,.T.);
#15513 = ORIENTED_EDGE('',*,*,#15473,.F.);
#15514 = ORIENTED_EDGE('',*,*,#2221,.F.);
#15515 = CYLINDRICAL_SURFACE('',#15516,0.500001333575);
#15516 = AXIS2_PLACEMENT_3D('',#15517,#15518,#15519);
#15517 = CARTESIAN_POINT('',(335.97499866642,-129.5875013335,0.));
#15518 = DIRECTION('',(-0.,-0.,-1.));
#15519 = DIRECTION('',(0.999999999996,2.667139247885E-06,-0.));
#15520 = ADVANCED_FACE('',(#15521),#15532,.F.);
#15521 = FACE_BOUND('',#15522,.T.);
#15522 = EDGE_LOOP('',(#15523,#15524,#15525,#15531));
#15523 = ORIENTED_EDGE('',*,*,#15492,.T.);
#15524 = ORIENTED_EDGE('',*,*,#7914,.T.);
#15525 = ORIENTED_EDGE('',*,*,#15526,.F.);
#15526 = EDGE_CURVE('',#2248,#7907,#15527,.T.);
#15527 = LINE('',#15528,#15529);
#15528 = CARTESIAN_POINT('',(322.975,-143.0875,0.));
#15529 = VECTOR('',#15530,1.);
#15530 = DIRECTION('',(0.,0.,1.));
#15531 = ORIENTED_EDGE('',*,*,#2255,.F.);
#15532 = CYLINDRICAL_SURFACE('',#15533,0.500001333575);
#15533 = AXIS2_PLACEMENT_3D('',#15534,#15535,#15536);
#15534 = CARTESIAN_POINT('',(322.97500133357,-142.5874986664,0.));
#15535 = DIRECTION('',(-0.,-0.,-1.));
#15536 = DIRECTION('',(-0.999999999996,-2.667139077356E-06,0.));
#15537 = ADVANCED_FACE('',(#15538),#15549,.T.);
#15538 = FACE_BOUND('',#15539,.T.);
#15539 = EDGE_LOOP('',(#15540,#15546,#15547,#15548));
#15540 = ORIENTED_EDGE('',*,*,#15541,.T.);
#15541 = EDGE_CURVE('',#2231,#7890,#15542,.T.);
#15542 = LINE('',#15543,#15544);
#15543 = CARTESIAN_POINT('',(336.475,-142.5875,0.));
#15544 = VECTOR('',#15545,1.);
#15545 = DIRECTION('',(0.,0.,1.));
#15546 = ORIENTED_EDGE('',*,*,#7889,.T.);
#15547 = ORIENTED_EDGE('',*,*,#15507,.F.);
#15548 = ORIENTED_EDGE('',*,*,#2230,.F.);
#15549 = PLANE('',#15550);
#15550 = AXIS2_PLACEMENT_3D('',#15551,#15552,#15553);
#15551 = CARTESIAN_POINT('',(336.475,-142.5875,0.));
#15552 = DIRECTION('',(-1.,0.,0.));
#15553 = DIRECTION('',(0.,1.,0.));
#15554 = ADVANCED_FACE('',(#15555),#15566,.T.);
#15555 = FACE_BOUND('',#15556,.T.);
#15556 = EDGE_LOOP('',(#15557,#15558,#15559,#15565));
#15557 = ORIENTED_EDGE('',*,*,#15526,.T.);
#15558 = ORIENTED_EDGE('',*,*,#7906,.T.);
#15559 = ORIENTED_EDGE('',*,*,#15560,.F.);
#15560 = EDGE_CURVE('',#2239,#7898,#15561,.T.);
#15561 = LINE('',#15562,#15563);
#15562 = CARTESIAN_POINT('',(335.975,-143.0875,0.));
#15563 = VECTOR('',#15564,1.);
#15564 = DIRECTION('',(0.,0.,1.));
#15565 = ORIENTED_EDGE('',*,*,#2247,.F.);
#15566 = PLANE('',#15567);
#15567 = AXIS2_PLACEMENT_3D('',#15568,#15569,#15570);
#15568 = CARTESIAN_POINT('',(322.975,-143.0875,0.));
#15569 = DIRECTION('',(0.,1.,0.));
#15570 = DIRECTION('',(1.,0.,0.));
#15571 = ADVANCED_FACE('',(#15572),#15578,.F.);
#15572 = FACE_BOUND('',#15573,.T.);
#15573 = EDGE_LOOP('',(#15574,#15575,#15576,#15577));
#15574 = ORIENTED_EDGE('',*,*,#15560,.T.);
#15575 = ORIENTED_EDGE('',*,*,#7897,.T.);
#15576 = ORIENTED_EDGE('',*,*,#15541,.F.);
#15577 = ORIENTED_EDGE('',*,*,#2238,.F.);
#15578 = CYLINDRICAL_SURFACE('',#15579,0.500001333575);
#15579 = AXIS2_PLACEMENT_3D('',#15580,#15581,#15582);
#15580 = CARTESIAN_POINT('',(335.97499866642,-142.5874986664,0.));
#15581 = DIRECTION('',(-0.,-0.,-1.));
#15582 = DIRECTION('',(2.667139304729E-06,-0.999999999996,0.));
#15583 = ADVANCED_FACE('',(#15584),#15600,.F.);
#15584 = FACE_BOUND('',#15585,.T.);
#15585 = EDGE_LOOP('',(#15586,#15592,#15593,#15599));
#15586 = ORIENTED_EDGE('',*,*,#15587,.T.);
#15587 = EDGE_CURVE('',#2273,#7932,#15588,.T.);
#15588 = LINE('',#15589,#15590);
#15589 = CARTESIAN_POINT('',(342.075,-129.0875,0.));
#15590 = VECTOR('',#15591,1.);
#15591 = DIRECTION('',(0.,0.,1.));
#15592 = ORIENTED_EDGE('',*,*,#7931,.T.);
#15593 = ORIENTED_EDGE('',*,*,#15594,.F.);
#15594 = EDGE_CURVE('',#2275,#7934,#15595,.T.);
#15595 = LINE('',#15596,#15597);
#15596 = CARTESIAN_POINT('',(341.575,-129.5875,0.));
#15597 = VECTOR('',#15598,1.);
#15598 = DIRECTION('',(0.,0.,1.));
#15599 = ORIENTED_EDGE('',*,*,#2272,.F.);
#15600 = CYLINDRICAL_SURFACE('',#15601,0.500001333575);
#15601 = AXIS2_PLACEMENT_3D('',#15602,#15603,#15604);
#15602 = CARTESIAN_POINT('',(342.07500133357,-129.5875013335,0.));
#15603 = DIRECTION('',(-0.,-0.,-1.));
#15604 = DIRECTION('',(-2.667139191042E-06,0.999999999996,0.));
#15605 = ADVANCED_FACE('',(#15606),#15617,.T.);
#15606 = FACE_BOUND('',#15607,.T.);
#15607 = EDGE_LOOP('',(#15608,#15614,#15615,#15616));
#15608 = ORIENTED_EDGE('',*,*,#15609,.T.);
#15609 = EDGE_CURVE('',#2284,#7943,#15610,.T.);
#15610 = LINE('',#15611,#15612);
#15611 = CARTESIAN_POINT('',(355.075,-129.0875,0.));
#15612 = VECTOR('',#15613,1.);
#15613 = DIRECTION('',(0.,0.,1.));
#15614 = ORIENTED_EDGE('',*,*,#7942,.T.);
#15615 = ORIENTED_EDGE('',*,*,#15587,.F.);
#15616 = ORIENTED_EDGE('',*,*,#2283,.F.);
#15617 = PLANE('',#15618);
#15618 = AXIS2_PLACEMENT_3D('',#15619,#15620,#15621);
#15619 = CARTESIAN_POINT('',(355.075,-129.0875,0.));
#15620 = DIRECTION('',(0.,-1.,0.));
#15621 = DIRECTION('',(-1.,0.,0.));
#15622 = ADVANCED_FACE('',(#15623),#15634,.T.);
#15623 = FACE_BOUND('',#15624,.T.);
#15624 = EDGE_LOOP('',(#15625,#15626,#15627,#15633));
#15625 = ORIENTED_EDGE('',*,*,#15594,.T.);
#15626 = ORIENTED_EDGE('',*,*,#7993,.T.);
#15627 = ORIENTED_EDGE('',*,*,#15628,.F.);
#15628 = EDGE_CURVE('',#2326,#7985,#15629,.T.);
#15629 = LINE('',#15630,#15631);
#15630 = CARTESIAN_POINT('',(341.575,-142.5875,0.));
#15631 = VECTOR('',#15632,1.);
#15632 = DIRECTION('',(0.,0.,1.));
#15633 = ORIENTED_EDGE('',*,*,#2334,.F.);
#15634 = PLANE('',#15635);
#15635 = AXIS2_PLACEMENT_3D('',#15636,#15637,#15638);
#15636 = CARTESIAN_POINT('',(341.575,-129.5875,0.));
#15637 = DIRECTION('',(1.,0.,-0.));
#15638 = DIRECTION('',(0.,-1.,0.));
#15639 = ADVANCED_FACE('',(#15640),#15651,.F.);
#15640 = FACE_BOUND('',#15641,.T.);
#15641 = EDGE_LOOP('',(#15642,#15648,#15649,#15650));
#15642 = ORIENTED_EDGE('',*,*,#15643,.T.);
#15643 = EDGE_CURVE('',#2292,#7951,#15644,.T.);
#15644 = LINE('',#15645,#15646);
#15645 = CARTESIAN_POINT('',(355.575,-129.5875,0.));
#15646 = VECTOR('',#15647,1.);
#15647 = DIRECTION('',(0.,0.,1.));
#15648 = ORIENTED_EDGE('',*,*,#7950,.T.);
#15649 = ORIENTED_EDGE('',*,*,#15609,.F.);
#15650 = ORIENTED_EDGE('',*,*,#2291,.F.);
#15651 = CYLINDRICAL_SURFACE('',#15652,0.500001333575);
#15652 = AXIS2_PLACEMENT_3D('',#15653,#15654,#15655);
#15653 = CARTESIAN_POINT('',(355.07499866642,-129.5875013335,0.));
#15654 = DIRECTION('',(-0.,-0.,-1.));
#15655 = DIRECTION('',(0.999999999996,2.667139077356E-06,-0.));
#15656 = ADVANCED_FACE('',(#15657),#15668,.F.);
#15657 = FACE_BOUND('',#15658,.T.);
#15658 = EDGE_LOOP('',(#15659,#15660,#15661,#15667));
#15659 = ORIENTED_EDGE('',*,*,#15628,.T.);
#15660 = ORIENTED_EDGE('',*,*,#7984,.T.);
#15661 = ORIENTED_EDGE('',*,*,#15662,.F.);
#15662 = EDGE_CURVE('',#2318,#7977,#15663,.T.);
#15663 = LINE('',#15664,#15665);
#15664 = CARTESIAN_POINT('',(342.075,-143.0875,0.));
#15665 = VECTOR('',#15666,1.);
#15666 = DIRECTION('',(0.,0.,1.));
#15667 = ORIENTED_EDGE('',*,*,#2325,.F.);
#15668 = CYLINDRICAL_SURFACE('',#15669,0.500001333575);
#15669 = AXIS2_PLACEMENT_3D('',#15670,#15671,#15672);
#15670 = CARTESIAN_POINT('',(342.07500133357,-142.5874986664,0.));
#15671 = DIRECTION('',(-0.,-0.,-1.));
#15672 = DIRECTION('',(-0.999999999996,-2.667139247886E-06,0.));
#15673 = ADVANCED_FACE('',(#15674),#15685,.T.);
#15674 = FACE_BOUND('',#15675,.T.);
#15675 = EDGE_LOOP('',(#15676,#15682,#15683,#15684));
#15676 = ORIENTED_EDGE('',*,*,#15677,.T.);
#15677 = EDGE_CURVE('',#2301,#7960,#15678,.T.);
#15678 = LINE('',#15679,#15680);
#15679 = CARTESIAN_POINT('',(355.575,-142.5875,0.));
#15680 = VECTOR('',#15681,1.);
#15681 = DIRECTION('',(0.,0.,1.));
#15682 = ORIENTED_EDGE('',*,*,#7959,.T.);
#15683 = ORIENTED_EDGE('',*,*,#15643,.F.);
#15684 = ORIENTED_EDGE('',*,*,#2300,.F.);
#15685 = PLANE('',#15686);
#15686 = AXIS2_PLACEMENT_3D('',#15687,#15688,#15689);
#15687 = CARTESIAN_POINT('',(355.575,-142.5875,0.));
#15688 = DIRECTION('',(-1.,0.,0.));
#15689 = DIRECTION('',(0.,1.,0.));
#15690 = ADVANCED_FACE('',(#15691),#15702,.T.);
#15691 = FACE_BOUND('',#15692,.T.);
#15692 = EDGE_LOOP('',(#15693,#15694,#15695,#15701));
#15693 = ORIENTED_EDGE('',*,*,#15662,.T.);
#15694 = ORIENTED_EDGE('',*,*,#7976,.T.);
#15695 = ORIENTED_EDGE('',*,*,#15696,.F.);
#15696 = EDGE_CURVE('',#2309,#7968,#15697,.T.);
#15697 = LINE('',#15698,#15699);
#15698 = CARTESIAN_POINT('',(355.075,-143.0875,0.));
#15699 = VECTOR('',#15700,1.);
#15700 = DIRECTION('',(0.,0.,1.));
#15701 = ORIENTED_EDGE('',*,*,#2317,.F.);
#15702 = PLANE('',#15703);
#15703 = AXIS2_PLACEMENT_3D('',#15704,#15705,#15706);
#15704 = CARTESIAN_POINT('',(342.075,-143.0875,0.));
#15705 = DIRECTION('',(0.,1.,0.));
#15706 = DIRECTION('',(1.,0.,0.));
#15707 = ADVANCED_FACE('',(#15708),#15714,.F.);
#15708 = FACE_BOUND('',#15709,.T.);
#15709 = EDGE_LOOP('',(#15710,#15711,#15712,#15713));
#15710 = ORIENTED_EDGE('',*,*,#15696,.T.);
#15711 = ORIENTED_EDGE('',*,*,#7967,.T.);
#15712 = ORIENTED_EDGE('',*,*,#15677,.F.);
#15713 = ORIENTED_EDGE('',*,*,#2308,.F.);
#15714 = CYLINDRICAL_SURFACE('',#15715,0.500001333575);
#15715 = AXIS2_PLACEMENT_3D('',#15716,#15717,#15718);
#15716 = CARTESIAN_POINT('',(355.07499866642,-142.5874986664,0.));
#15717 = DIRECTION('',(-0.,-0.,-1.));
#15718 = DIRECTION('',(2.667139077356E-06,-0.999999999996,0.));
#15719 = ADVANCED_FACE('',(#15720),#15731,.F.);
#15720 = FACE_BOUND('',#15721,.T.);
#15721 = EDGE_LOOP('',(#15722,#15723,#15729,#15730));
#15722 = ORIENTED_EDGE('',*,*,#2342,.T.);
#15723 = ORIENTED_EDGE('',*,*,#15724,.T.);
#15724 = EDGE_CURVE('',#2343,#8002,#15725,.T.);
#15725 = LINE('',#15726,#15727);
#15726 = CARTESIAN_POINT('',(50.1375,-120.975,-4.5E-02));
#15727 = VECTOR('',#15728,1.);
#15728 = DIRECTION('',(0.,0.,1.));
#15729 = ORIENTED_EDGE('',*,*,#8001,.F.);
#15730 = ORIENTED_EDGE('',*,*,#15724,.F.);
#15731 = CYLINDRICAL_SURFACE('',#15732,1.6);
#15732 = AXIS2_PLACEMENT_3D('',#15733,#15734,#15735);
#15733 = CARTESIAN_POINT('',(50.1375,-119.375,-4.5E-02));
#15734 = DIRECTION('',(-0.,-0.,-1.));
#15735 = DIRECTION('',(-0.,-1.,0.));
#15736 = ADVANCED_FACE('',(#15737),#15753,.F.);
#15737 = FACE_BOUND('',#15738,.T.);
#15738 = EDGE_LOOP('',(#15739,#15745,#15746,#15752));
#15739 = ORIENTED_EDGE('',*,*,#15740,.T.);
#15740 = EDGE_CURVE('',#2354,#8013,#15741,.T.);
#15741 = LINE('',#15742,#15743);
#15742 = CARTESIAN_POINT('',(57.9625,-109.9875,0.));
#15743 = VECTOR('',#15744,1.);
#15744 = DIRECTION('',(0.,0.,1.));
#15745 = ORIENTED_EDGE('',*,*,#8012,.T.);
#15746 = ORIENTED_EDGE('',*,*,#15747,.F.);
#15747 = EDGE_CURVE('',#2356,#8015,#15748,.T.);
#15748 = LINE('',#15749,#15750);
#15749 = CARTESIAN_POINT('',(57.4625,-110.4875,0.));
#15750 = VECTOR('',#15751,1.);
#15751 = DIRECTION('',(0.,0.,1.));
#15752 = ORIENTED_EDGE('',*,*,#2353,.F.);
#15753 = CYLINDRICAL_SURFACE('',#15754,0.500001333575);
#15754 = AXIS2_PLACEMENT_3D('',#15755,#15756,#15757);
#15755 = CARTESIAN_POINT('',(57.962501333573,-110.4875013335,0.));
#15756 = DIRECTION('',(-0.,-0.,-1.));
#15757 = DIRECTION('',(-2.667139219464E-06,0.999999999996,0.));
#15758 = ADVANCED_FACE('',(#15759),#15770,.T.);
#15759 = FACE_BOUND('',#15760,.T.);
#15760 = EDGE_LOOP('',(#15761,#15767,#15768,#15769));
#15761 = ORIENTED_EDGE('',*,*,#15762,.T.);
#15762 = EDGE_CURVE('',#2365,#8024,#15763,.T.);
#15763 = LINE('',#15764,#15765);
#15764 = CARTESIAN_POINT('',(75.7375,-109.9875,0.));
#15765 = VECTOR('',#15766,1.);
#15766 = DIRECTION('',(0.,0.,1.));
#15767 = ORIENTED_EDGE('',*,*,#8023,.T.);
#15768 = ORIENTED_EDGE('',*,*,#15740,.F.);
#15769 = ORIENTED_EDGE('',*,*,#2364,.F.);
#15770 = PLANE('',#15771);
#15771 = AXIS2_PLACEMENT_3D('',#15772,#15773,#15774);
#15772 = CARTESIAN_POINT('',(75.7375,-109.9875,0.));
#15773 = DIRECTION('',(0.,-1.,0.));
#15774 = DIRECTION('',(-1.,0.,0.));
#15775 = ADVANCED_FACE('',(#15776),#15787,.T.);
#15776 = FACE_BOUND('',#15777,.T.);
#15777 = EDGE_LOOP('',(#15778,#15779,#15780,#15786));
#15778 = ORIENTED_EDGE('',*,*,#15747,.T.);
#15779 = ORIENTED_EDGE('',*,*,#8074,.T.);
#15780 = ORIENTED_EDGE('',*,*,#15781,.F.);
#15781 = EDGE_CURVE('',#2407,#8066,#15782,.T.);
#15782 = LINE('',#15783,#15784);
#15783 = CARTESIAN_POINT('',(57.4625,-123.4875,0.));
#15784 = VECTOR('',#15785,1.);
#15785 = DIRECTION('',(0.,0.,1.));
#15786 = ORIENTED_EDGE('',*,*,#2415,.F.);
#15787 = PLANE('',#15788);
#15788 = AXIS2_PLACEMENT_3D('',#15789,#15790,#15791);
#15789 = CARTESIAN_POINT('',(57.4625,-110.4875,0.));
#15790 = DIRECTION('',(1.,0.,-0.));
#15791 = DIRECTION('',(0.,-1.,0.));
#15792 = ADVANCED_FACE('',(#15793),#15804,.F.);
#15793 = FACE_BOUND('',#15794,.T.);
#15794 = EDGE_LOOP('',(#15795,#15801,#15802,#15803));
#15795 = ORIENTED_EDGE('',*,*,#15796,.T.);
#15796 = EDGE_CURVE('',#2373,#8032,#15797,.T.);
#15797 = LINE('',#15798,#15799);
#15798 = CARTESIAN_POINT('',(76.2375,-110.4875,0.));
#15799 = VECTOR('',#15800,1.);
#15800 = DIRECTION('',(0.,0.,1.));
#15801 = ORIENTED_EDGE('',*,*,#8031,.T.);
#15802 = ORIENTED_EDGE('',*,*,#15762,.F.);
#15803 = ORIENTED_EDGE('',*,*,#2372,.F.);
#15804 = CYLINDRICAL_SURFACE('',#15805,0.500001333575);
#15805 = AXIS2_PLACEMENT_3D('',#15806,#15807,#15808);
#15806 = CARTESIAN_POINT('',(75.737498666427,-110.4875013335,0.));
#15807 = DIRECTION('',(-0.,-0.,-1.));
#15808 = DIRECTION('',(0.999999999996,2.667139191042E-06,-0.));
#15809 = ADVANCED_FACE('',(#15810),#15821,.F.);
#15810 = FACE_BOUND('',#15811,.T.);
#15811 = EDGE_LOOP('',(#15812,#15813,#15814,#15820));
#15812 = ORIENTED_EDGE('',*,*,#15781,.T.);
#15813 = ORIENTED_EDGE('',*,*,#8065,.T.);
#15814 = ORIENTED_EDGE('',*,*,#15815,.F.);
#15815 = EDGE_CURVE('',#2399,#8058,#15816,.T.);
#15816 = LINE('',#15817,#15818);
#15817 = CARTESIAN_POINT('',(57.9625,-123.9875,0.));
#15818 = VECTOR('',#15819,1.);
#15819 = DIRECTION('',(0.,0.,1.));
#15820 = ORIENTED_EDGE('',*,*,#2406,.F.);
#15821 = CYLINDRICAL_SURFACE('',#15822,0.500001333575);
#15822 = AXIS2_PLACEMENT_3D('',#15823,#15824,#15825);
#15823 = CARTESIAN_POINT('',(57.962501333573,-123.4874986664,0.));
#15824 = DIRECTION('',(-0.,-0.,-1.));
#15825 = DIRECTION('',(-0.999999999996,-2.667139162621E-06,0.));
#15826 = ADVANCED_FACE('',(#15827),#15838,.T.);
#15827 = FACE_BOUND('',#15828,.T.);
#15828 = EDGE_LOOP('',(#15829,#15835,#15836,#15837));
#15829 = ORIENTED_EDGE('',*,*,#15830,.T.);
#15830 = EDGE_CURVE('',#2382,#8041,#15831,.T.);
#15831 = LINE('',#15832,#15833);
#15832 = CARTESIAN_POINT('',(76.2375,-123.4875,0.));
#15833 = VECTOR('',#15834,1.);
#15834 = DIRECTION('',(0.,0.,1.));
#15835 = ORIENTED_EDGE('',*,*,#8040,.T.);
#15836 = ORIENTED_EDGE('',*,*,#15796,.F.);
#15837 = ORIENTED_EDGE('',*,*,#2381,.F.);
#15838 = PLANE('',#15839);
#15839 = AXIS2_PLACEMENT_3D('',#15840,#15841,#15842);
#15840 = CARTESIAN_POINT('',(76.2375,-123.4875,0.));
#15841 = DIRECTION('',(-1.,0.,0.));
#15842 = DIRECTION('',(0.,1.,0.));
#15843 = ADVANCED_FACE('',(#15844),#15855,.T.);
#15844 = FACE_BOUND('',#15845,.T.);
#15845 = EDGE_LOOP('',(#15846,#15847,#15848,#15854));
#15846 = ORIENTED_EDGE('',*,*,#15815,.T.);
#15847 = ORIENTED_EDGE('',*,*,#8057,.T.);
#15848 = ORIENTED_EDGE('',*,*,#15849,.F.);
#15849 = EDGE_CURVE('',#2390,#8049,#15850,.T.);
#15850 = LINE('',#15851,#15852);
#15851 = CARTESIAN_POINT('',(75.7375,-123.9875,0.));
#15852 = VECTOR('',#15853,1.);
#15853 = DIRECTION('',(0.,0.,1.));
#15854 = ORIENTED_EDGE('',*,*,#2398,.F.);
#15855 = PLANE('',#15856);
#15856 = AXIS2_PLACEMENT_3D('',#15857,#15858,#15859);
#15857 = CARTESIAN_POINT('',(57.9625,-123.9875,0.));
#15858 = DIRECTION('',(0.,1.,0.));
#15859 = DIRECTION('',(1.,0.,0.));
#15860 = ADVANCED_FACE('',(#15861),#15867,.F.);
#15861 = FACE_BOUND('',#15862,.T.);
#15862 = EDGE_LOOP('',(#15863,#15864,#15865,#15866));
#15863 = ORIENTED_EDGE('',*,*,#15849,.T.);
#15864 = ORIENTED_EDGE('',*,*,#8048,.T.);
#15865 = ORIENTED_EDGE('',*,*,#15830,.F.);
#15866 = ORIENTED_EDGE('',*,*,#2389,.F.);
#15867 = CYLINDRICAL_SURFACE('',#15868,0.500001333575);
#15868 = AXIS2_PLACEMENT_3D('',#15869,#15870,#15871);
#15869 = CARTESIAN_POINT('',(75.737498666427,-123.4874986664,0.));
#15870 = DIRECTION('',(-0.,-0.,-1.));
#15871 = DIRECTION('',(2.667139134199E-06,-0.999999999996,0.));
#15872 = ADVANCED_FACE('',(#15873),#15889,.F.);
#15873 = FACE_BOUND('',#15874,.T.);
#15874 = EDGE_LOOP('',(#15875,#15881,#15882,#15888));
#15875 = ORIENTED_EDGE('',*,*,#15876,.T.);
#15876 = EDGE_CURVE('',#2424,#8083,#15877,.T.);
#15877 = LINE('',#15878,#15879);
#15878 = CARTESIAN_POINT('',(89.,-109.9875,0.));
#15879 = VECTOR('',#15880,1.);
#15880 = DIRECTION('',(0.,0.,1.));
#15881 = ORIENTED_EDGE('',*,*,#8082,.T.);
#15882 = ORIENTED_EDGE('',*,*,#15883,.F.);
#15883 = EDGE_CURVE('',#2426,#8085,#15884,.T.);
#15884 = LINE('',#15885,#15886);
#15885 = CARTESIAN_POINT('',(88.5,-110.4875,0.));
#15886 = VECTOR('',#15887,1.);
#15887 = DIRECTION('',(0.,0.,1.));
#15888 = ORIENTED_EDGE('',*,*,#2423,.F.);
#15889 = CYLINDRICAL_SURFACE('',#15890,0.500001333575);
#15890 = AXIS2_PLACEMENT_3D('',#15891,#15892,#15893);
#15891 = CARTESIAN_POINT('',(89.000001333573,-110.4875013335,0.));
#15892 = DIRECTION('',(-0.,-0.,-1.));
#15893 = DIRECTION('',(-2.667139191042E-06,0.999999999996,0.));
#15894 = ADVANCED_FACE('',(#15895),#15906,.T.);
#15895 = FACE_BOUND('',#15896,.T.);
#15896 = EDGE_LOOP('',(#15897,#15903,#15904,#15905));
#15897 = ORIENTED_EDGE('',*,*,#15898,.T.);
#15898 = EDGE_CURVE('',#2435,#8094,#15899,.T.);
#15899 = LINE('',#15900,#15901);
#15900 = CARTESIAN_POINT('',(102.,-109.9875,0.));
#15901 = VECTOR('',#15902,1.);
#15902 = DIRECTION('',(0.,0.,1.));
#15903 = ORIENTED_EDGE('',*,*,#8093,.T.);
#15904 = ORIENTED_EDGE('',*,*,#15876,.F.);
#15905 = ORIENTED_EDGE('',*,*,#2434,.F.);
#15906 = PLANE('',#15907);
#15907 = AXIS2_PLACEMENT_3D('',#15908,#15909,#15910);
#15908 = CARTESIAN_POINT('',(102.,-109.9875,0.));
#15909 = DIRECTION('',(0.,-1.,0.));
#15910 = DIRECTION('',(-1.,0.,0.));
#15911 = ADVANCED_FACE('',(#15912),#15923,.T.);
#15912 = FACE_BOUND('',#15913,.T.);
#15913 = EDGE_LOOP('',(#15914,#15915,#15916,#15922));
#15914 = ORIENTED_EDGE('',*,*,#15883,.T.);
#15915 = ORIENTED_EDGE('',*,*,#8144,.T.);
#15916 = ORIENTED_EDGE('',*,*,#15917,.F.);
#15917 = EDGE_CURVE('',#2477,#8136,#15918,.T.);
#15918 = LINE('',#15919,#15920);
#15919 = CARTESIAN_POINT('',(88.5,-123.4875,0.));
#15920 = VECTOR('',#15921,1.);
#15921 = DIRECTION('',(0.,0.,1.));
#15922 = ORIENTED_EDGE('',*,*,#2485,.F.);
#15923 = PLANE('',#15924);
#15924 = AXIS2_PLACEMENT_3D('',#15925,#15926,#15927);
#15925 = CARTESIAN_POINT('',(88.5,-110.4875,0.));
#15926 = DIRECTION('',(1.,0.,-0.));
#15927 = DIRECTION('',(0.,-1.,0.));
#15928 = ADVANCED_FACE('',(#15929),#15940,.F.);
#15929 = FACE_BOUND('',#15930,.T.);
#15930 = EDGE_LOOP('',(#15931,#15937,#15938,#15939));
#15931 = ORIENTED_EDGE('',*,*,#15932,.T.);
#15932 = EDGE_CURVE('',#2443,#8102,#15933,.T.);
#15933 = LINE('',#15934,#15935);
#15934 = CARTESIAN_POINT('',(102.5,-110.4875,0.));
#15935 = VECTOR('',#15936,1.);
#15936 = DIRECTION('',(0.,0.,1.));
#15937 = ORIENTED_EDGE('',*,*,#8101,.T.);
#15938 = ORIENTED_EDGE('',*,*,#15898,.F.);
#15939 = ORIENTED_EDGE('',*,*,#2442,.F.);
#15940 = CYLINDRICAL_SURFACE('',#15941,0.500001333575);
#15941 = AXIS2_PLACEMENT_3D('',#15942,#15943,#15944);
#15942 = CARTESIAN_POINT('',(101.99999866642,-110.4875013335,0.));
#15943 = DIRECTION('',(-0.,-0.,-1.));
#15944 = DIRECTION('',(0.999999999996,2.667139191042E-06,-0.));
#15945 = ADVANCED_FACE('',(#15946),#15957,.F.);
#15946 = FACE_BOUND('',#15947,.T.);
#15947 = EDGE_LOOP('',(#15948,#15949,#15950,#15956));
#15948 = ORIENTED_EDGE('',*,*,#15917,.T.);
#15949 = ORIENTED_EDGE('',*,*,#8135,.T.);
#15950 = ORIENTED_EDGE('',*,*,#15951,.F.);
#15951 = EDGE_CURVE('',#2469,#8128,#15952,.T.);
#15952 = LINE('',#15953,#15954);
#15953 = CARTESIAN_POINT('',(89.,-123.9875,0.));
#15954 = VECTOR('',#15955,1.);
#15955 = DIRECTION('',(0.,0.,1.));
#15956 = ORIENTED_EDGE('',*,*,#2476,.F.);
#15957 = CYLINDRICAL_SURFACE('',#15958,0.500001333575);
#15958 = AXIS2_PLACEMENT_3D('',#15959,#15960,#15961);
#15959 = CARTESIAN_POINT('',(89.000001333573,-123.4874986664,0.));
#15960 = DIRECTION('',(-0.,-0.,-1.));
#15961 = DIRECTION('',(-0.999999999996,-2.667139134199E-06,0.));
#15962 = ADVANCED_FACE('',(#15963),#15974,.T.);
#15963 = FACE_BOUND('',#15964,.T.);
#15964 = EDGE_LOOP('',(#15965,#15971,#15972,#15973));
#15965 = ORIENTED_EDGE('',*,*,#15966,.T.);
#15966 = EDGE_CURVE('',#2452,#8111,#15967,.T.);
#15967 = LINE('',#15968,#15969);
#15968 = CARTESIAN_POINT('',(102.5,-123.4875,0.));
#15969 = VECTOR('',#15970,1.);
#15970 = DIRECTION('',(0.,0.,1.));
#15971 = ORIENTED_EDGE('',*,*,#8110,.T.);
#15972 = ORIENTED_EDGE('',*,*,#15932,.F.);
#15973 = ORIENTED_EDGE('',*,*,#2451,.F.);
#15974 = PLANE('',#15975);
#15975 = AXIS2_PLACEMENT_3D('',#15976,#15977,#15978);
#15976 = CARTESIAN_POINT('',(102.5,-123.4875,0.));
#15977 = DIRECTION('',(-1.,0.,0.));
#15978 = DIRECTION('',(0.,1.,0.));
#15979 = ADVANCED_FACE('',(#15980),#15991,.T.);
#15980 = FACE_BOUND('',#15981,.T.);
#15981 = EDGE_LOOP('',(#15982,#15983,#15984,#15990));
#15982 = ORIENTED_EDGE('',*,*,#15951,.T.);
#15983 = ORIENTED_EDGE('',*,*,#8127,.T.);
#15984 = ORIENTED_EDGE('',*,*,#15985,.F.);
#15985 = EDGE_CURVE('',#2460,#8119,#15986,.T.);
#15986 = LINE('',#15987,#15988);
#15987 = CARTESIAN_POINT('',(102.,-123.9875,0.));
#15988 = VECTOR('',#15989,1.);
#15989 = DIRECTION('',(0.,0.,1.));
#15990 = ORIENTED_EDGE('',*,*,#2468,.F.);
#15991 = PLANE('',#15992);
#15992 = AXIS2_PLACEMENT_3D('',#15993,#15994,#15995);
#15993 = CARTESIAN_POINT('',(89.,-123.9875,0.));
#15994 = DIRECTION('',(0.,1.,0.));
#15995 = DIRECTION('',(1.,0.,0.));
#15996 = ADVANCED_FACE('',(#15997),#16003,.F.);
#15997 = FACE_BOUND('',#15998,.T.);
#15998 = EDGE_LOOP('',(#15999,#16000,#16001,#16002));
#15999 = ORIENTED_EDGE('',*,*,#15985,.T.);
#16000 = ORIENTED_EDGE('',*,*,#8118,.T.);
#16001 = ORIENTED_EDGE('',*,*,#15966,.F.);
#16002 = ORIENTED_EDGE('',*,*,#2459,.F.);
#16003 = CYLINDRICAL_SURFACE('',#16004,0.500001333575);
#16004 = AXIS2_PLACEMENT_3D('',#16005,#16006,#16007);
#16005 = CARTESIAN_POINT('',(101.99999866642,-123.4874986664,0.));
#16006 = DIRECTION('',(-0.,-0.,-1.));
#16007 = DIRECTION('',(2.667139134199E-06,-0.999999999996,0.));
#16008 = ADVANCED_FACE('',(#16009),#16025,.F.);
#16009 = FACE_BOUND('',#16010,.T.);
#16010 = EDGE_LOOP('',(#16011,#16017,#16018,#16024));
#16011 = ORIENTED_EDGE('',*,*,#16012,.T.);
#16012 = EDGE_CURVE('',#2494,#8153,#16013,.T.);
#16013 = LINE('',#16014,#16015);
#16014 = CARTESIAN_POINT('',(108.1,-109.9875,0.));
#16015 = VECTOR('',#16016,1.);
#16016 = DIRECTION('',(0.,0.,1.));
#16017 = ORIENTED_EDGE('',*,*,#8152,.T.);
#16018 = ORIENTED_EDGE('',*,*,#16019,.F.);
#16019 = EDGE_CURVE('',#2496,#8155,#16020,.T.);
#16020 = LINE('',#16021,#16022);
#16021 = CARTESIAN_POINT('',(107.6,-110.4875,0.));
#16022 = VECTOR('',#16023,1.);
#16023 = DIRECTION('',(0.,0.,1.));
#16024 = ORIENTED_EDGE('',*,*,#2493,.F.);
#16025 = CYLINDRICAL_SURFACE('',#16026,0.500001333575);
#16026 = AXIS2_PLACEMENT_3D('',#16027,#16028,#16029);
#16027 = CARTESIAN_POINT('',(108.10000133357,-110.4875013335,0.));
#16028 = DIRECTION('',(-0.,-0.,-1.));
#16029 = DIRECTION('',(-2.667139247886E-06,0.999999999996,0.));
#16030 = ADVANCED_FACE('',(#16031),#16042,.T.);
#16031 = FACE_BOUND('',#16032,.T.);
#16032 = EDGE_LOOP('',(#16033,#16039,#16040,#16041));
#16033 = ORIENTED_EDGE('',*,*,#16034,.T.);
#16034 = EDGE_CURVE('',#2505,#8164,#16035,.T.);
#16035 = LINE('',#16036,#16037);
#16036 = CARTESIAN_POINT('',(121.1,-109.9875,0.));
#16037 = VECTOR('',#16038,1.);
#16038 = DIRECTION('',(0.,0.,1.));
#16039 = ORIENTED_EDGE('',*,*,#8163,.T.);
#16040 = ORIENTED_EDGE('',*,*,#16012,.F.);
#16041 = ORIENTED_EDGE('',*,*,#2504,.F.);
#16042 = PLANE('',#16043);
#16043 = AXIS2_PLACEMENT_3D('',#16044,#16045,#16046);
#16044 = CARTESIAN_POINT('',(121.1,-109.9875,0.));
#16045 = DIRECTION('',(0.,-1.,0.));
#16046 = DIRECTION('',(-1.,0.,0.));
#16047 = ADVANCED_FACE('',(#16048),#16059,.T.);
#16048 = FACE_BOUND('',#16049,.T.);
#16049 = EDGE_LOOP('',(#16050,#16051,#16052,#16058));
#16050 = ORIENTED_EDGE('',*,*,#16019,.T.);
#16051 = ORIENTED_EDGE('',*,*,#8214,.T.);
#16052 = ORIENTED_EDGE('',*,*,#16053,.F.);
#16053 = EDGE_CURVE('',#2547,#8206,#16054,.T.);
#16054 = LINE('',#16055,#16056);
#16055 = CARTESIAN_POINT('',(107.6,-123.4875,0.));
#16056 = VECTOR('',#16057,1.);
#16057 = DIRECTION('',(0.,0.,1.));
#16058 = ORIENTED_EDGE('',*,*,#2555,.F.);
#16059 = PLANE('',#16060);
#16060 = AXIS2_PLACEMENT_3D('',#16061,#16062,#16063);
#16061 = CARTESIAN_POINT('',(107.6,-110.4875,0.));
#16062 = DIRECTION('',(1.,0.,-0.));
#16063 = DIRECTION('',(0.,-1.,0.));
#16064 = ADVANCED_FACE('',(#16065),#16076,.F.);
#16065 = FACE_BOUND('',#16066,.T.);
#16066 = EDGE_LOOP('',(#16067,#16073,#16074,#16075));
#16067 = ORIENTED_EDGE('',*,*,#16068,.T.);
#16068 = EDGE_CURVE('',#2513,#8172,#16069,.T.);
#16069 = LINE('',#16070,#16071);
#16070 = CARTESIAN_POINT('',(121.6,-110.4875,0.));
#16071 = VECTOR('',#16072,1.);
#16072 = DIRECTION('',(0.,0.,1.));
#16073 = ORIENTED_EDGE('',*,*,#8171,.T.);
#16074 = ORIENTED_EDGE('',*,*,#16034,.F.);
#16075 = ORIENTED_EDGE('',*,*,#2512,.F.);
#16076 = CYLINDRICAL_SURFACE('',#16077,0.500001333575);
#16077 = AXIS2_PLACEMENT_3D('',#16078,#16079,#16080);
#16078 = CARTESIAN_POINT('',(121.09999866642,-110.4875013335,0.));
#16079 = DIRECTION('',(-0.,-0.,-1.));
#16080 = DIRECTION('',(0.999999999996,2.667139191042E-06,-0.));
#16081 = ADVANCED_FACE('',(#16082),#16093,.F.);
#16082 = FACE_BOUND('',#16083,.T.);
#16083 = EDGE_LOOP('',(#16084,#16085,#16086,#16092));
#16084 = ORIENTED_EDGE('',*,*,#16053,.T.);
#16085 = ORIENTED_EDGE('',*,*,#8205,.T.);
#16086 = ORIENTED_EDGE('',*,*,#16087,.F.);
#16087 = EDGE_CURVE('',#2539,#8198,#16088,.T.);
#16088 = LINE('',#16089,#16090);
#16089 = CARTESIAN_POINT('',(108.1,-123.9875,0.));
#16090 = VECTOR('',#16091,1.);
#16091 = DIRECTION('',(0.,0.,1.));
#16092 = ORIENTED_EDGE('',*,*,#2546,.F.);
#16093 = CYLINDRICAL_SURFACE('',#16094,0.500001333575);
#16094 = AXIS2_PLACEMENT_3D('',#16095,#16096,#16097);
#16095 = CARTESIAN_POINT('',(108.10000133357,-123.4874986664,0.));
#16096 = DIRECTION('',(-0.,-0.,-1.));
#16097 = DIRECTION('',(-0.999999999996,-2.667139191042E-06,0.));
#16098 = ADVANCED_FACE('',(#16099),#16110,.T.);
#16099 = FACE_BOUND('',#16100,.T.);
#16100 = EDGE_LOOP('',(#16101,#16107,#16108,#16109));
#16101 = ORIENTED_EDGE('',*,*,#16102,.T.);
#16102 = EDGE_CURVE('',#2522,#8181,#16103,.T.);
#16103 = LINE('',#16104,#16105);
#16104 = CARTESIAN_POINT('',(121.6,-123.4875,0.));
#16105 = VECTOR('',#16106,1.);
#16106 = DIRECTION('',(0.,0.,1.));
#16107 = ORIENTED_EDGE('',*,*,#8180,.T.);
#16108 = ORIENTED_EDGE('',*,*,#16068,.F.);
#16109 = ORIENTED_EDGE('',*,*,#2521,.F.);
#16110 = PLANE('',#16111);
#16111 = AXIS2_PLACEMENT_3D('',#16112,#16113,#16114);
#16112 = CARTESIAN_POINT('',(121.6,-123.4875,0.));
#16113 = DIRECTION('',(-1.,0.,0.));
#16114 = DIRECTION('',(0.,1.,0.));
#16115 = ADVANCED_FACE('',(#16116),#16127,.T.);
#16116 = FACE_BOUND('',#16117,.T.);
#16117 = EDGE_LOOP('',(#16118,#16119,#16120,#16126));
#16118 = ORIENTED_EDGE('',*,*,#16087,.T.);
#16119 = ORIENTED_EDGE('',*,*,#8197,.T.);
#16120 = ORIENTED_EDGE('',*,*,#16121,.F.);
#16121 = EDGE_CURVE('',#2530,#8189,#16122,.T.);
#16122 = LINE('',#16123,#16124);
#16123 = CARTESIAN_POINT('',(121.1,-123.9875,0.));
#16124 = VECTOR('',#16125,1.);
#16125 = DIRECTION('',(0.,0.,1.));
#16126 = ORIENTED_EDGE('',*,*,#2538,.F.);
#16127 = PLANE('',#16128);
#16128 = AXIS2_PLACEMENT_3D('',#16129,#16130,#16131);
#16129 = CARTESIAN_POINT('',(108.1,-123.9875,0.));
#16130 = DIRECTION('',(0.,1.,0.));
#16131 = DIRECTION('',(1.,0.,0.));
#16132 = ADVANCED_FACE('',(#16133),#16139,.F.);
#16133 = FACE_BOUND('',#16134,.T.);
#16134 = EDGE_LOOP('',(#16135,#16136,#16137,#16138));
#16135 = ORIENTED_EDGE('',*,*,#16121,.T.);
#16136 = ORIENTED_EDGE('',*,*,#8188,.T.);
#16137 = ORIENTED_EDGE('',*,*,#16102,.F.);
#16138 = ORIENTED_EDGE('',*,*,#2529,.F.);
#16139 = CYLINDRICAL_SURFACE('',#16140,0.500001333575);
#16140 = AXIS2_PLACEMENT_3D('',#16141,#16142,#16143);
#16141 = CARTESIAN_POINT('',(121.09999866642,-123.4874986664,0.));
#16142 = DIRECTION('',(-0.,-0.,-1.));
#16143 = DIRECTION('',(2.667139134199E-06,-0.999999999996,0.));
#16144 = ADVANCED_FACE('',(#16145),#16161,.F.);
#16145 = FACE_BOUND('',#16146,.T.);
#16146 = EDGE_LOOP('',(#16147,#16153,#16154,#16160));
#16147 = ORIENTED_EDGE('',*,*,#16148,.T.);
#16148 = EDGE_CURVE('',#2564,#8223,#16149,.T.);
#16149 = LINE('',#16150,#16151);
#16150 = CARTESIAN_POINT('',(60.35,-90.8875,0.));
#16151 = VECTOR('',#16152,1.);
#16152 = DIRECTION('',(0.,0.,1.));
#16153 = ORIENTED_EDGE('',*,*,#8222,.T.);
#16154 = ORIENTED_EDGE('',*,*,#16155,.F.);
#16155 = EDGE_CURVE('',#2566,#8225,#16156,.T.);
#16156 = LINE('',#16157,#16158);
#16157 = CARTESIAN_POINT('',(59.85,-91.3875,0.));
#16158 = VECTOR('',#16159,1.);
#16159 = DIRECTION('',(0.,0.,1.));
#16160 = ORIENTED_EDGE('',*,*,#2563,.F.);
#16161 = CYLINDRICAL_SURFACE('',#16162,0.500001333575);
#16162 = AXIS2_PLACEMENT_3D('',#16163,#16164,#16165);
#16163 = CARTESIAN_POINT('',(60.350001333573,-91.38750133357,0.));
#16164 = DIRECTION('',(-0.,-0.,-1.));
#16165 = DIRECTION('',(-2.667139176832E-06,0.999999999996,0.));
#16166 = ADVANCED_FACE('',(#16167),#16178,.T.);
#16167 = FACE_BOUND('',#16168,.T.);
#16168 = EDGE_LOOP('',(#16169,#16175,#16176,#16177));
#16169 = ORIENTED_EDGE('',*,*,#16170,.T.);
#16170 = EDGE_CURVE('',#2575,#8234,#16171,.T.);
#16171 = LINE('',#16172,#16173);
#16172 = CARTESIAN_POINT('',(73.35,-90.8875,0.));
#16173 = VECTOR('',#16174,1.);
#16174 = DIRECTION('',(0.,0.,1.));
#16175 = ORIENTED_EDGE('',*,*,#8233,.T.);
#16176 = ORIENTED_EDGE('',*,*,#16148,.F.);
#16177 = ORIENTED_EDGE('',*,*,#2574,.F.);
#16178 = PLANE('',#16179);
#16179 = AXIS2_PLACEMENT_3D('',#16180,#16181,#16182);
#16180 = CARTESIAN_POINT('',(73.35,-90.8875,0.));
#16181 = DIRECTION('',(0.,-1.,0.));
#16182 = DIRECTION('',(-1.,0.,0.));
#16183 = ADVANCED_FACE('',(#16184),#16195,.T.);
#16184 = FACE_BOUND('',#16185,.T.);
#16185 = EDGE_LOOP('',(#16186,#16187,#16188,#16194));
#16186 = ORIENTED_EDGE('',*,*,#16155,.T.);
#16187 = ORIENTED_EDGE('',*,*,#8284,.T.);
#16188 = ORIENTED_EDGE('',*,*,#16189,.F.);
#16189 = EDGE_CURVE('',#2617,#8276,#16190,.T.);
#16190 = LINE('',#16191,#16192);
#16191 = CARTESIAN_POINT('',(59.85,-104.3875,0.));
#16192 = VECTOR('',#16193,1.);
#16193 = DIRECTION('',(0.,0.,1.));
#16194 = ORIENTED_EDGE('',*,*,#2625,.F.);
#16195 = PLANE('',#16196);
#16196 = AXIS2_PLACEMENT_3D('',#16197,#16198,#16199);
#16197 = CARTESIAN_POINT('',(59.85,-91.3875,0.));
#16198 = DIRECTION('',(1.,0.,-0.));
#16199 = DIRECTION('',(0.,-1.,0.));
#16200 = ADVANCED_FACE('',(#16201),#16212,.F.);
#16201 = FACE_BOUND('',#16202,.T.);
#16202 = EDGE_LOOP('',(#16203,#16209,#16210,#16211));
#16203 = ORIENTED_EDGE('',*,*,#16204,.T.);
#16204 = EDGE_CURVE('',#2583,#8242,#16205,.T.);
#16205 = LINE('',#16206,#16207);
#16206 = CARTESIAN_POINT('',(73.85,-91.3875,0.));
#16207 = VECTOR('',#16208,1.);
#16208 = DIRECTION('',(0.,0.,1.));
#16209 = ORIENTED_EDGE('',*,*,#8241,.T.);
#16210 = ORIENTED_EDGE('',*,*,#16170,.F.);
#16211 = ORIENTED_EDGE('',*,*,#2582,.F.);
#16212 = CYLINDRICAL_SURFACE('',#16213,0.500001333575);
#16213 = AXIS2_PLACEMENT_3D('',#16214,#16215,#16216);
#16214 = CARTESIAN_POINT('',(73.349998666427,-91.38750133357,0.));
#16215 = DIRECTION('',(-0.,-0.,-1.));
#16216 = DIRECTION('',(0.999999999996,2.667139134199E-06,-0.));
#16217 = ADVANCED_FACE('',(#16218),#16229,.F.);
#16218 = FACE_BOUND('',#16219,.T.);
#16219 = EDGE_LOOP('',(#16220,#16221,#16222,#16228));
#16220 = ORIENTED_EDGE('',*,*,#16189,.T.);
#16221 = ORIENTED_EDGE('',*,*,#8275,.T.);
#16222 = ORIENTED_EDGE('',*,*,#16223,.F.);
#16223 = EDGE_CURVE('',#2609,#8268,#16224,.T.);
#16224 = LINE('',#16225,#16226);
#16225 = CARTESIAN_POINT('',(60.35,-104.8875,0.));
#16226 = VECTOR('',#16227,1.);
#16227 = DIRECTION('',(0.,0.,1.));
#16228 = ORIENTED_EDGE('',*,*,#2616,.F.);
#16229 = CYLINDRICAL_SURFACE('',#16230,0.500001333575);
#16230 = AXIS2_PLACEMENT_3D('',#16231,#16232,#16233);
#16231 = CARTESIAN_POINT('',(60.350001333573,-104.3874986664,0.));
#16232 = DIRECTION('',(-0.,-0.,-1.));
#16233 = DIRECTION('',(-0.999999999996,-2.667139191042E-06,0.));
#16234 = ADVANCED_FACE('',(#16235),#16246,.T.);
#16235 = FACE_BOUND('',#16236,.T.);
#16236 = EDGE_LOOP('',(#16237,#16243,#16244,#16245));
#16237 = ORIENTED_EDGE('',*,*,#16238,.T.);
#16238 = EDGE_CURVE('',#2592,#8251,#16239,.T.);
#16239 = LINE('',#16240,#16241);
#16240 = CARTESIAN_POINT('',(73.85,-104.3875,0.));
#16241 = VECTOR('',#16242,1.);
#16242 = DIRECTION('',(0.,0.,1.));
#16243 = ORIENTED_EDGE('',*,*,#8250,.T.);
#16244 = ORIENTED_EDGE('',*,*,#16204,.F.);
#16245 = ORIENTED_EDGE('',*,*,#2591,.F.);
#16246 = PLANE('',#16247);
#16247 = AXIS2_PLACEMENT_3D('',#16248,#16249,#16250);
#16248 = CARTESIAN_POINT('',(73.85,-104.3875,0.));
#16249 = DIRECTION('',(-1.,0.,0.));
#16250 = DIRECTION('',(0.,1.,0.));
#16251 = ADVANCED_FACE('',(#16252),#16263,.T.);
#16252 = FACE_BOUND('',#16253,.T.);
#16253 = EDGE_LOOP('',(#16254,#16255,#16256,#16262));
#16254 = ORIENTED_EDGE('',*,*,#16223,.T.);
#16255 = ORIENTED_EDGE('',*,*,#8267,.T.);
#16256 = ORIENTED_EDGE('',*,*,#16257,.F.);
#16257 = EDGE_CURVE('',#2600,#8259,#16258,.T.);
#16258 = LINE('',#16259,#16260);
#16259 = CARTESIAN_POINT('',(73.35,-104.8875,0.));
#16260 = VECTOR('',#16261,1.);
#16261 = DIRECTION('',(0.,0.,1.));
#16262 = ORIENTED_EDGE('',*,*,#2608,.F.);
#16263 = PLANE('',#16264);
#16264 = AXIS2_PLACEMENT_3D('',#16265,#16266,#16267);
#16265 = CARTESIAN_POINT('',(60.35,-104.8875,0.));
#16266 = DIRECTION('',(0.,1.,0.));
#16267 = DIRECTION('',(1.,0.,0.));
#16268 = ADVANCED_FACE('',(#16269),#16275,.F.);
#16269 = FACE_BOUND('',#16270,.T.);
#16270 = EDGE_LOOP('',(#16271,#16272,#16273,#16274));
#16271 = ORIENTED_EDGE('',*,*,#16257,.T.);
#16272 = ORIENTED_EDGE('',*,*,#8258,.T.);
#16273 = ORIENTED_EDGE('',*,*,#16238,.F.);
#16274 = ORIENTED_EDGE('',*,*,#2599,.F.);
#16275 = CYLINDRICAL_SURFACE('',#16276,0.500001333575);
#16276 = AXIS2_PLACEMENT_3D('',#16277,#16278,#16279);
#16277 = CARTESIAN_POINT('',(73.349998666427,-104.3874986664,0.));
#16278 = DIRECTION('',(-0.,-0.,-1.));
#16279 = DIRECTION('',(2.667139191042E-06,-0.999999999996,0.));
#16280 = ADVANCED_FACE('',(#16281),#16297,.F.);
#16281 = FACE_BOUND('',#16282,.T.);
#16282 = EDGE_LOOP('',(#16283,#16289,#16290,#16296));
#16283 = ORIENTED_EDGE('',*,*,#16284,.T.);
#16284 = EDGE_CURVE('',#2634,#8293,#16285,.T.);
#16285 = LINE('',#16286,#16287);
#16286 = CARTESIAN_POINT('',(84.225,-90.8875,0.));
#16287 = VECTOR('',#16288,1.);
#16288 = DIRECTION('',(0.,0.,1.));
#16289 = ORIENTED_EDGE('',*,*,#8292,.T.);
#16290 = ORIENTED_EDGE('',*,*,#16291,.F.);
#16291 = EDGE_CURVE('',#2636,#8295,#16292,.T.);
#16292 = LINE('',#16293,#16294);
#16293 = CARTESIAN_POINT('',(83.725,-91.3875,0.));
#16294 = VECTOR('',#16295,1.);
#16295 = DIRECTION('',(0.,0.,1.));
#16296 = ORIENTED_EDGE('',*,*,#2633,.F.);
#16297 = CYLINDRICAL_SURFACE('',#16298,0.500001333575);
#16298 = AXIS2_PLACEMENT_3D('',#16299,#16300,#16301);
#16299 = CARTESIAN_POINT('',(84.225001333573,-91.38750133357,0.));
#16300 = DIRECTION('',(-0.,-0.,-1.));
#16301 = DIRECTION('',(-2.667139219464E-06,0.999999999996,0.));
#16302 = ADVANCED_FACE('',(#16303),#16314,.T.);
#16303 = FACE_BOUND('',#16304,.T.);
#16304 = EDGE_LOOP('',(#16305,#16311,#16312,#16313));
#16305 = ORIENTED_EDGE('',*,*,#16306,.T.);
#16306 = EDGE_CURVE('',#2645,#8304,#16307,.T.);
#16307 = LINE('',#16308,#16309);
#16308 = CARTESIAN_POINT('',(97.225,-90.8875,0.));
#16309 = VECTOR('',#16310,1.);
#16310 = DIRECTION('',(0.,0.,1.));
#16311 = ORIENTED_EDGE('',*,*,#8303,.T.);
#16312 = ORIENTED_EDGE('',*,*,#16284,.F.);
#16313 = ORIENTED_EDGE('',*,*,#2644,.F.);
#16314 = PLANE('',#16315);
#16315 = AXIS2_PLACEMENT_3D('',#16316,#16317,#16318);
#16316 = CARTESIAN_POINT('',(97.225,-90.8875,0.));
#16317 = DIRECTION('',(0.,-1.,0.));
#16318 = DIRECTION('',(-1.,0.,0.));
#16319 = ADVANCED_FACE('',(#16320),#16331,.T.);
#16320 = FACE_BOUND('',#16321,.T.);
#16321 = EDGE_LOOP('',(#16322,#16323,#16324,#16330));
#16322 = ORIENTED_EDGE('',*,*,#16291,.T.);
#16323 = ORIENTED_EDGE('',*,*,#8354,.T.);
#16324 = ORIENTED_EDGE('',*,*,#16325,.F.);
#16325 = EDGE_CURVE('',#2687,#8346,#16326,.T.);
#16326 = LINE('',#16327,#16328);
#16327 = CARTESIAN_POINT('',(83.725,-104.3875,0.));
#16328 = VECTOR('',#16329,1.);
#16329 = DIRECTION('',(0.,0.,1.));
#16330 = ORIENTED_EDGE('',*,*,#2695,.F.);
#16331 = PLANE('',#16332);
#16332 = AXIS2_PLACEMENT_3D('',#16333,#16334,#16335);
#16333 = CARTESIAN_POINT('',(83.725,-91.3875,0.));
#16334 = DIRECTION('',(1.,0.,-0.));
#16335 = DIRECTION('',(0.,-1.,0.));
#16336 = ADVANCED_FACE('',(#16337),#16348,.F.);
#16337 = FACE_BOUND('',#16338,.T.);
#16338 = EDGE_LOOP('',(#16339,#16345,#16346,#16347));
#16339 = ORIENTED_EDGE('',*,*,#16340,.T.);
#16340 = EDGE_CURVE('',#2653,#8312,#16341,.T.);
#16341 = LINE('',#16342,#16343);
#16342 = CARTESIAN_POINT('',(97.725,-91.3875,0.));
#16343 = VECTOR('',#16344,1.);
#16344 = DIRECTION('',(0.,0.,1.));
#16345 = ORIENTED_EDGE('',*,*,#8311,.T.);
#16346 = ORIENTED_EDGE('',*,*,#16306,.F.);
#16347 = ORIENTED_EDGE('',*,*,#2652,.F.);
#16348 = CYLINDRICAL_SURFACE('',#16349,0.500001333575);
#16349 = AXIS2_PLACEMENT_3D('',#16350,#16351,#16352);
#16350 = CARTESIAN_POINT('',(97.224998666427,-91.38750133357,0.));
#16351 = DIRECTION('',(-0.,-0.,-1.));
#16352 = DIRECTION('',(0.999999999996,2.667139134199E-06,-0.));
#16353 = ADVANCED_FACE('',(#16354),#16365,.F.);
#16354 = FACE_BOUND('',#16355,.T.);
#16355 = EDGE_LOOP('',(#16356,#16357,#16358,#16364));
#16356 = ORIENTED_EDGE('',*,*,#16325,.T.);
#16357 = ORIENTED_EDGE('',*,*,#8345,.T.);
#16358 = ORIENTED_EDGE('',*,*,#16359,.F.);
#16359 = EDGE_CURVE('',#2679,#8338,#16360,.T.);
#16360 = LINE('',#16361,#16362);
#16361 = CARTESIAN_POINT('',(84.225,-104.8875,0.));
#16362 = VECTOR('',#16363,1.);
#16363 = DIRECTION('',(0.,0.,1.));
#16364 = ORIENTED_EDGE('',*,*,#2686,.F.);
#16365 = CYLINDRICAL_SURFACE('',#16366,0.500001333575);
#16366 = AXIS2_PLACEMENT_3D('',#16367,#16368,#16369);
#16367 = CARTESIAN_POINT('',(84.225001333573,-104.3874986664,0.));
#16368 = DIRECTION('',(-0.,-0.,-1.));
#16369 = DIRECTION('',(-0.999999999996,-2.667139219464E-06,0.));
#16370 = ADVANCED_FACE('',(#16371),#16382,.T.);
#16371 = FACE_BOUND('',#16372,.T.);
#16372 = EDGE_LOOP('',(#16373,#16379,#16380,#16381));
#16373 = ORIENTED_EDGE('',*,*,#16374,.T.);
#16374 = EDGE_CURVE('',#2662,#8321,#16375,.T.);
#16375 = LINE('',#16376,#16377);
#16376 = CARTESIAN_POINT('',(97.725,-104.3875,0.));
#16377 = VECTOR('',#16378,1.);
#16378 = DIRECTION('',(0.,0.,1.));
#16379 = ORIENTED_EDGE('',*,*,#8320,.T.);
#16380 = ORIENTED_EDGE('',*,*,#16340,.F.);
#16381 = ORIENTED_EDGE('',*,*,#2661,.F.);
#16382 = PLANE('',#16383);
#16383 = AXIS2_PLACEMENT_3D('',#16384,#16385,#16386);
#16384 = CARTESIAN_POINT('',(97.725,-104.3875,0.));
#16385 = DIRECTION('',(-1.,0.,0.));
#16386 = DIRECTION('',(0.,1.,0.));
#16387 = ADVANCED_FACE('',(#16388),#16399,.T.);
#16388 = FACE_BOUND('',#16389,.T.);
#16389 = EDGE_LOOP('',(#16390,#16391,#16392,#16398));
#16390 = ORIENTED_EDGE('',*,*,#16359,.T.);
#16391 = ORIENTED_EDGE('',*,*,#8337,.T.);
#16392 = ORIENTED_EDGE('',*,*,#16393,.F.);
#16393 = EDGE_CURVE('',#2670,#8329,#16394,.T.);
#16394 = LINE('',#16395,#16396);
#16395 = CARTESIAN_POINT('',(97.225,-104.8875,0.));
#16396 = VECTOR('',#16397,1.);
#16397 = DIRECTION('',(0.,0.,1.));
#16398 = ORIENTED_EDGE('',*,*,#2678,.F.);
#16399 = PLANE('',#16400);
#16400 = AXIS2_PLACEMENT_3D('',#16401,#16402,#16403);
#16401 = CARTESIAN_POINT('',(84.225,-104.8875,0.));
#16402 = DIRECTION('',(0.,1.,0.));
#16403 = DIRECTION('',(1.,0.,0.));
#16404 = ADVANCED_FACE('',(#16405),#16411,.F.);
#16405 = FACE_BOUND('',#16406,.T.);
#16406 = EDGE_LOOP('',(#16407,#16408,#16409,#16410));
#16407 = ORIENTED_EDGE('',*,*,#16393,.T.);
#16408 = ORIENTED_EDGE('',*,*,#8328,.T.);
#16409 = ORIENTED_EDGE('',*,*,#16374,.F.);
#16410 = ORIENTED_EDGE('',*,*,#2669,.F.);
#16411 = CYLINDRICAL_SURFACE('',#16412,0.500001333575);
#16412 = AXIS2_PLACEMENT_3D('',#16413,#16414,#16415);
#16413 = CARTESIAN_POINT('',(97.224998666427,-104.3874986664,0.));
#16414 = DIRECTION('',(-0.,-0.,-1.));
#16415 = DIRECTION('',(2.667139191042E-06,-0.999999999996,0.));
#16416 = ADVANCED_FACE('',(#16417),#16433,.F.);
#16417 = FACE_BOUND('',#16418,.T.);
#16418 = EDGE_LOOP('',(#16419,#16425,#16426,#16432));
#16419 = ORIENTED_EDGE('',*,*,#16420,.T.);
#16420 = EDGE_CURVE('',#2704,#8363,#16421,.T.);
#16421 = LINE('',#16422,#16423);
#16422 = CARTESIAN_POINT('',(103.325,-90.8875,0.));
#16423 = VECTOR('',#16424,1.);
#16424 = DIRECTION('',(0.,0.,1.));
#16425 = ORIENTED_EDGE('',*,*,#8362,.T.);
#16426 = ORIENTED_EDGE('',*,*,#16427,.F.);
#16427 = EDGE_CURVE('',#2706,#8365,#16428,.T.);
#16428 = LINE('',#16429,#16430);
#16429 = CARTESIAN_POINT('',(102.825,-91.3875,0.));
#16430 = VECTOR('',#16431,1.);
#16431 = DIRECTION('',(0.,0.,1.));
#16432 = ORIENTED_EDGE('',*,*,#2703,.F.);
#16433 = CYLINDRICAL_SURFACE('',#16434,0.500001333575);
#16434 = AXIS2_PLACEMENT_3D('',#16435,#16436,#16437);
#16435 = CARTESIAN_POINT('',(103.32500133357,-91.38750133357,0.));
#16436 = DIRECTION('',(-0.,-0.,-1.));
#16437 = DIRECTION('',(-2.667139134199E-06,0.999999999996,0.));
#16438 = ADVANCED_FACE('',(#16439),#16450,.T.);
#16439 = FACE_BOUND('',#16440,.T.);
#16440 = EDGE_LOOP('',(#16441,#16447,#16448,#16449));
#16441 = ORIENTED_EDGE('',*,*,#16442,.T.);
#16442 = EDGE_CURVE('',#2715,#8374,#16443,.T.);
#16443 = LINE('',#16444,#16445);
#16444 = CARTESIAN_POINT('',(116.325,-90.8875,0.));
#16445 = VECTOR('',#16446,1.);
#16446 = DIRECTION('',(0.,0.,1.));
#16447 = ORIENTED_EDGE('',*,*,#8373,.T.);
#16448 = ORIENTED_EDGE('',*,*,#16420,.F.);
#16449 = ORIENTED_EDGE('',*,*,#2714,.F.);
#16450 = PLANE('',#16451);
#16451 = AXIS2_PLACEMENT_3D('',#16452,#16453,#16454);
#16452 = CARTESIAN_POINT('',(116.325,-90.8875,0.));
#16453 = DIRECTION('',(0.,-1.,0.));
#16454 = DIRECTION('',(-1.,0.,0.));
#16455 = ADVANCED_FACE('',(#16456),#16467,.T.);
#16456 = FACE_BOUND('',#16457,.T.);
#16457 = EDGE_LOOP('',(#16458,#16459,#16460,#16466));
#16458 = ORIENTED_EDGE('',*,*,#16427,.T.);
#16459 = ORIENTED_EDGE('',*,*,#8424,.T.);
#16460 = ORIENTED_EDGE('',*,*,#16461,.F.);
#16461 = EDGE_CURVE('',#2757,#8416,#16462,.T.);
#16462 = LINE('',#16463,#16464);
#16463 = CARTESIAN_POINT('',(102.825,-104.3875,0.));
#16464 = VECTOR('',#16465,1.);
#16465 = DIRECTION('',(0.,0.,1.));
#16466 = ORIENTED_EDGE('',*,*,#2765,.F.);
#16467 = PLANE('',#16468);
#16468 = AXIS2_PLACEMENT_3D('',#16469,#16470,#16471);
#16469 = CARTESIAN_POINT('',(102.825,-91.3875,0.));
#16470 = DIRECTION('',(1.,0.,-0.));
#16471 = DIRECTION('',(0.,-1.,0.));
#16472 = ADVANCED_FACE('',(#16473),#16484,.F.);
#16473 = FACE_BOUND('',#16474,.T.);
#16474 = EDGE_LOOP('',(#16475,#16481,#16482,#16483));
#16475 = ORIENTED_EDGE('',*,*,#16476,.T.);
#16476 = EDGE_CURVE('',#2723,#8382,#16477,.T.);
#16477 = LINE('',#16478,#16479);
#16478 = CARTESIAN_POINT('',(116.825,-91.3875,0.));
#16479 = VECTOR('',#16480,1.);
#16480 = DIRECTION('',(0.,0.,1.));
#16481 = ORIENTED_EDGE('',*,*,#8381,.T.);
#16482 = ORIENTED_EDGE('',*,*,#16442,.F.);
#16483 = ORIENTED_EDGE('',*,*,#2722,.F.);
#16484 = CYLINDRICAL_SURFACE('',#16485,0.500001333575);
#16485 = AXIS2_PLACEMENT_3D('',#16486,#16487,#16488);
#16486 = CARTESIAN_POINT('',(116.32499866642,-91.38750133357,0.));
#16487 = DIRECTION('',(-0.,-0.,-1.));
#16488 = DIRECTION('',(0.999999999996,2.667139191042E-06,-0.));
#16489 = ADVANCED_FACE('',(#16490),#16501,.F.);
#16490 = FACE_BOUND('',#16491,.T.);
#16491 = EDGE_LOOP('',(#16492,#16493,#16494,#16500));
#16492 = ORIENTED_EDGE('',*,*,#16461,.T.);
#16493 = ORIENTED_EDGE('',*,*,#8415,.T.);
#16494 = ORIENTED_EDGE('',*,*,#16495,.F.);
#16495 = EDGE_CURVE('',#2749,#8408,#16496,.T.);
#16496 = LINE('',#16497,#16498);
#16497 = CARTESIAN_POINT('',(103.325,-104.8875,0.));
#16498 = VECTOR('',#16499,1.);
#16499 = DIRECTION('',(0.,0.,1.));
#16500 = ORIENTED_EDGE('',*,*,#2756,.F.);
#16501 = CYLINDRICAL_SURFACE('',#16502,0.500001333575);
#16502 = AXIS2_PLACEMENT_3D('',#16503,#16504,#16505);
#16503 = CARTESIAN_POINT('',(103.32500133357,-104.3874986664,0.));
#16504 = DIRECTION('',(-0.,-0.,-1.));
#16505 = DIRECTION('',(-0.999999999996,-2.667139191042E-06,0.));
#16506 = ADVANCED_FACE('',(#16507),#16518,.T.);
#16507 = FACE_BOUND('',#16508,.T.);
#16508 = EDGE_LOOP('',(#16509,#16515,#16516,#16517));
#16509 = ORIENTED_EDGE('',*,*,#16510,.T.);
#16510 = EDGE_CURVE('',#2732,#8391,#16511,.T.);
#16511 = LINE('',#16512,#16513);
#16512 = CARTESIAN_POINT('',(116.825,-104.3875,0.));
#16513 = VECTOR('',#16514,1.);
#16514 = DIRECTION('',(0.,0.,1.));
#16515 = ORIENTED_EDGE('',*,*,#8390,.T.);
#16516 = ORIENTED_EDGE('',*,*,#16476,.F.);
#16517 = ORIENTED_EDGE('',*,*,#2731,.F.);
#16518 = PLANE('',#16519);
#16519 = AXIS2_PLACEMENT_3D('',#16520,#16521,#16522);
#16520 = CARTESIAN_POINT('',(116.825,-104.3875,0.));
#16521 = DIRECTION('',(-1.,0.,0.));
#16522 = DIRECTION('',(0.,1.,0.));
#16523 = ADVANCED_FACE('',(#16524),#16535,.T.);
#16524 = FACE_BOUND('',#16525,.T.);
#16525 = EDGE_LOOP('',(#16526,#16527,#16528,#16534));
#16526 = ORIENTED_EDGE('',*,*,#16495,.T.);
#16527 = ORIENTED_EDGE('',*,*,#8407,.T.);
#16528 = ORIENTED_EDGE('',*,*,#16529,.F.);
#16529 = EDGE_CURVE('',#2740,#8399,#16530,.T.);
#16530 = LINE('',#16531,#16532);
#16531 = CARTESIAN_POINT('',(116.325,-104.8875,0.));
#16532 = VECTOR('',#16533,1.);
#16533 = DIRECTION('',(0.,0.,1.));
#16534 = ORIENTED_EDGE('',*,*,#2748,.F.);
#16535 = PLANE('',#16536);
#16536 = AXIS2_PLACEMENT_3D('',#16537,#16538,#16539);
#16537 = CARTESIAN_POINT('',(103.325,-104.8875,0.));
#16538 = DIRECTION('',(0.,1.,0.));
#16539 = DIRECTION('',(1.,0.,0.));
#16540 = ADVANCED_FACE('',(#16541),#16547,.F.);
#16541 = FACE_BOUND('',#16542,.T.);
#16542 = EDGE_LOOP('',(#16543,#16544,#16545,#16546));
#16543 = ORIENTED_EDGE('',*,*,#16529,.T.);
#16544 = ORIENTED_EDGE('',*,*,#8398,.T.);
#16545 = ORIENTED_EDGE('',*,*,#16510,.F.);
#16546 = ORIENTED_EDGE('',*,*,#2739,.F.);
#16547 = CYLINDRICAL_SURFACE('',#16548,0.500001333575);
#16548 = AXIS2_PLACEMENT_3D('',#16549,#16550,#16551);
#16549 = CARTESIAN_POINT('',(116.32499866642,-104.3874986664,0.));
#16550 = DIRECTION('',(-0.,-0.,-1.));
#16551 = DIRECTION('',(2.667139219464E-06,-0.999999999996,0.));
#16552 = ADVANCED_FACE('',(#16553),#16569,.F.);
#16553 = FACE_BOUND('',#16554,.T.);
#16554 = EDGE_LOOP('',(#16555,#16561,#16562,#16568));
#16555 = ORIENTED_EDGE('',*,*,#16556,.T.);
#16556 = EDGE_CURVE('',#2774,#8433,#16557,.T.);
#16557 = LINE('',#16558,#16559);
#16558 = CARTESIAN_POINT('',(127.2,-109.9875,0.));
#16559 = VECTOR('',#16560,1.);
#16560 = DIRECTION('',(0.,0.,1.));
#16561 = ORIENTED_EDGE('',*,*,#8432,.T.);
#16562 = ORIENTED_EDGE('',*,*,#16563,.F.);
#16563 = EDGE_CURVE('',#2776,#8435,#16564,.T.);
#16564 = LINE('',#16565,#16566);
#16565 = CARTESIAN_POINT('',(126.7,-110.4875,0.));
#16566 = VECTOR('',#16567,1.);
#16567 = DIRECTION('',(0.,0.,1.));
#16568 = ORIENTED_EDGE('',*,*,#2773,.F.);
#16569 = CYLINDRICAL_SURFACE('',#16570,0.500001333575);
#16570 = AXIS2_PLACEMENT_3D('',#16571,#16572,#16573);
#16571 = CARTESIAN_POINT('',(127.20000133357,-110.4875013335,0.));
#16572 = DIRECTION('',(-0.,-0.,-1.));
#16573 = DIRECTION('',(-2.667139191042E-06,0.999999999996,0.));
#16574 = ADVANCED_FACE('',(#16575),#16586,.T.);
#16575 = FACE_BOUND('',#16576,.T.);
#16576 = EDGE_LOOP('',(#16577,#16583,#16584,#16585));
#16577 = ORIENTED_EDGE('',*,*,#16578,.T.);
#16578 = EDGE_CURVE('',#2785,#8444,#16579,.T.);
#16579 = LINE('',#16580,#16581);
#16580 = CARTESIAN_POINT('',(140.2,-109.9875,0.));
#16581 = VECTOR('',#16582,1.);
#16582 = DIRECTION('',(0.,0.,1.));
#16583 = ORIENTED_EDGE('',*,*,#8443,.T.);
#16584 = ORIENTED_EDGE('',*,*,#16556,.F.);
#16585 = ORIENTED_EDGE('',*,*,#2784,.F.);
#16586 = PLANE('',#16587);
#16587 = AXIS2_PLACEMENT_3D('',#16588,#16589,#16590);
#16588 = CARTESIAN_POINT('',(140.2,-109.9875,0.));
#16589 = DIRECTION('',(0.,-1.,0.));
#16590 = DIRECTION('',(-1.,0.,0.));
#16591 = ADVANCED_FACE('',(#16592),#16603,.T.);
#16592 = FACE_BOUND('',#16593,.T.);
#16593 = EDGE_LOOP('',(#16594,#16595,#16596,#16602));
#16594 = ORIENTED_EDGE('',*,*,#16563,.T.);
#16595 = ORIENTED_EDGE('',*,*,#8494,.T.);
#16596 = ORIENTED_EDGE('',*,*,#16597,.F.);
#16597 = EDGE_CURVE('',#2827,#8486,#16598,.T.);
#16598 = LINE('',#16599,#16600);
#16599 = CARTESIAN_POINT('',(126.7,-123.4875,0.));
#16600 = VECTOR('',#16601,1.);
#16601 = DIRECTION('',(0.,0.,1.));
#16602 = ORIENTED_EDGE('',*,*,#2835,.F.);
#16603 = PLANE('',#16604);
#16604 = AXIS2_PLACEMENT_3D('',#16605,#16606,#16607);
#16605 = CARTESIAN_POINT('',(126.7,-110.4875,0.));
#16606 = DIRECTION('',(1.,0.,-0.));
#16607 = DIRECTION('',(0.,-1.,0.));
#16608 = ADVANCED_FACE('',(#16609),#16620,.F.);
#16609 = FACE_BOUND('',#16610,.T.);
#16610 = EDGE_LOOP('',(#16611,#16617,#16618,#16619));
#16611 = ORIENTED_EDGE('',*,*,#16612,.T.);
#16612 = EDGE_CURVE('',#2793,#8452,#16613,.T.);
#16613 = LINE('',#16614,#16615);
#16614 = CARTESIAN_POINT('',(140.7,-110.4875,0.));
#16615 = VECTOR('',#16616,1.);
#16616 = DIRECTION('',(0.,0.,1.));
#16617 = ORIENTED_EDGE('',*,*,#8451,.T.);
#16618 = ORIENTED_EDGE('',*,*,#16578,.F.);
#16619 = ORIENTED_EDGE('',*,*,#2792,.F.);
#16620 = CYLINDRICAL_SURFACE('',#16621,0.500001333575);
#16621 = AXIS2_PLACEMENT_3D('',#16622,#16623,#16624);
#16622 = CARTESIAN_POINT('',(140.19999866642,-110.4875013335,0.));
#16623 = DIRECTION('',(-0.,-0.,-1.));
#16624 = DIRECTION('',(0.999999999996,2.667139191042E-06,-0.));
#16625 = ADVANCED_FACE('',(#16626),#16637,.F.);
#16626 = FACE_BOUND('',#16627,.T.);
#16627 = EDGE_LOOP('',(#16628,#16629,#16630,#16636));
#16628 = ORIENTED_EDGE('',*,*,#16597,.T.);
#16629 = ORIENTED_EDGE('',*,*,#8485,.T.);
#16630 = ORIENTED_EDGE('',*,*,#16631,.F.);
#16631 = EDGE_CURVE('',#2819,#8478,#16632,.T.);
#16632 = LINE('',#16633,#16634);
#16633 = CARTESIAN_POINT('',(127.2,-123.9875,0.));
#16634 = VECTOR('',#16635,1.);
#16635 = DIRECTION('',(0.,0.,1.));
#16636 = ORIENTED_EDGE('',*,*,#2826,.F.);
#16637 = CYLINDRICAL_SURFACE('',#16638,0.500001333575);
#16638 = AXIS2_PLACEMENT_3D('',#16639,#16640,#16641);
#16639 = CARTESIAN_POINT('',(127.20000133357,-123.4874986664,0.));
#16640 = DIRECTION('',(-0.,-0.,-1.));
#16641 = DIRECTION('',(-0.999999999996,-2.667139134199E-06,0.));
#16642 = ADVANCED_FACE('',(#16643),#16654,.T.);
#16643 = FACE_BOUND('',#16644,.T.);
#16644 = EDGE_LOOP('',(#16645,#16651,#16652,#16653));
#16645 = ORIENTED_EDGE('',*,*,#16646,.T.);
#16646 = EDGE_CURVE('',#2802,#8461,#16647,.T.);
#16647 = LINE('',#16648,#16649);
#16648 = CARTESIAN_POINT('',(140.7,-123.4875,0.));
#16649 = VECTOR('',#16650,1.);
#16650 = DIRECTION('',(0.,0.,1.));
#16651 = ORIENTED_EDGE('',*,*,#8460,.T.);
#16652 = ORIENTED_EDGE('',*,*,#16612,.F.);
#16653 = ORIENTED_EDGE('',*,*,#2801,.F.);
#16654 = PLANE('',#16655);
#16655 = AXIS2_PLACEMENT_3D('',#16656,#16657,#16658);
#16656 = CARTESIAN_POINT('',(140.7,-123.4875,0.));
#16657 = DIRECTION('',(-1.,0.,0.));
#16658 = DIRECTION('',(0.,1.,0.));
#16659 = ADVANCED_FACE('',(#16660),#16671,.T.);
#16660 = FACE_BOUND('',#16661,.T.);
#16661 = EDGE_LOOP('',(#16662,#16663,#16664,#16670));
#16662 = ORIENTED_EDGE('',*,*,#16631,.T.);
#16663 = ORIENTED_EDGE('',*,*,#8477,.T.);
#16664 = ORIENTED_EDGE('',*,*,#16665,.F.);
#16665 = EDGE_CURVE('',#2810,#8469,#16666,.T.);
#16666 = LINE('',#16667,#16668);
#16667 = CARTESIAN_POINT('',(140.2,-123.9875,0.));
#16668 = VECTOR('',#16669,1.);
#16669 = DIRECTION('',(0.,0.,1.));
#16670 = ORIENTED_EDGE('',*,*,#2818,.F.);
#16671 = PLANE('',#16672);
#16672 = AXIS2_PLACEMENT_3D('',#16673,#16674,#16675);
#16673 = CARTESIAN_POINT('',(127.2,-123.9875,0.));
#16674 = DIRECTION('',(0.,1.,0.));
#16675 = DIRECTION('',(1.,0.,0.));
#16676 = ADVANCED_FACE('',(#16677),#16683,.F.);
#16677 = FACE_BOUND('',#16678,.T.);
#16678 = EDGE_LOOP('',(#16679,#16680,#16681,#16682));
#16679 = ORIENTED_EDGE('',*,*,#16665,.T.);
#16680 = ORIENTED_EDGE('',*,*,#8468,.T.);
#16681 = ORIENTED_EDGE('',*,*,#16646,.F.);
#16682 = ORIENTED_EDGE('',*,*,#2809,.F.);
#16683 = CYLINDRICAL_SURFACE('',#16684,0.500001333575);
#16684 = AXIS2_PLACEMENT_3D('',#16685,#16686,#16687);
#16685 = CARTESIAN_POINT('',(140.19999866642,-123.4874986664,0.));
#16686 = DIRECTION('',(-0.,-0.,-1.));
#16687 = DIRECTION('',(2.667139134199E-06,-0.999999999996,0.));
#16688 = ADVANCED_FACE('',(#16689),#16705,.F.);
#16689 = FACE_BOUND('',#16690,.T.);
#16690 = EDGE_LOOP('',(#16691,#16697,#16698,#16704));
#16691 = ORIENTED_EDGE('',*,*,#16692,.T.);
#16692 = EDGE_CURVE('',#2844,#8503,#16693,.T.);
#16693 = LINE('',#16694,#16695);
#16694 = CARTESIAN_POINT('',(146.3,-109.9875,0.));
#16695 = VECTOR('',#16696,1.);
#16696 = DIRECTION('',(0.,0.,1.));
#16697 = ORIENTED_EDGE('',*,*,#8502,.T.);
#16698 = ORIENTED_EDGE('',*,*,#16699,.F.);
#16699 = EDGE_CURVE('',#2846,#8505,#16700,.T.);
#16700 = LINE('',#16701,#16702);
#16701 = CARTESIAN_POINT('',(145.8,-110.4875,0.));
#16702 = VECTOR('',#16703,1.);
#16703 = DIRECTION('',(0.,0.,1.));
#16704 = ORIENTED_EDGE('',*,*,#2843,.F.);
#16705 = CYLINDRICAL_SURFACE('',#16706,0.500001333575);
#16706 = AXIS2_PLACEMENT_3D('',#16707,#16708,#16709);
#16707 = CARTESIAN_POINT('',(146.30000133357,-110.4875013335,0.));
#16708 = DIRECTION('',(-0.,-0.,-1.));
#16709 = DIRECTION('',(-2.667139191042E-06,0.999999999996,0.));
#16710 = ADVANCED_FACE('',(#16711),#16722,.T.);
#16711 = FACE_BOUND('',#16712,.T.);
#16712 = EDGE_LOOP('',(#16713,#16719,#16720,#16721));
#16713 = ORIENTED_EDGE('',*,*,#16714,.T.);
#16714 = EDGE_CURVE('',#2855,#8514,#16715,.T.);
#16715 = LINE('',#16716,#16717);
#16716 = CARTESIAN_POINT('',(159.3,-109.9875,0.));
#16717 = VECTOR('',#16718,1.);
#16718 = DIRECTION('',(0.,0.,1.));
#16719 = ORIENTED_EDGE('',*,*,#8513,.T.);
#16720 = ORIENTED_EDGE('',*,*,#16692,.F.);
#16721 = ORIENTED_EDGE('',*,*,#2854,.F.);
#16722 = PLANE('',#16723);
#16723 = AXIS2_PLACEMENT_3D('',#16724,#16725,#16726);
#16724 = CARTESIAN_POINT('',(159.3,-109.9875,0.));
#16725 = DIRECTION('',(0.,-1.,0.));
#16726 = DIRECTION('',(-1.,0.,0.));
#16727 = ADVANCED_FACE('',(#16728),#16739,.T.);
#16728 = FACE_BOUND('',#16729,.T.);
#16729 = EDGE_LOOP('',(#16730,#16731,#16732,#16738));
#16730 = ORIENTED_EDGE('',*,*,#16699,.T.);
#16731 = ORIENTED_EDGE('',*,*,#8564,.T.);
#16732 = ORIENTED_EDGE('',*,*,#16733,.F.);
#16733 = EDGE_CURVE('',#2897,#8556,#16734,.T.);
#16734 = LINE('',#16735,#16736);
#16735 = CARTESIAN_POINT('',(145.8,-123.4875,0.));
#16736 = VECTOR('',#16737,1.);
#16737 = DIRECTION('',(0.,0.,1.));
#16738 = ORIENTED_EDGE('',*,*,#2905,.F.);
#16739 = PLANE('',#16740);
#16740 = AXIS2_PLACEMENT_3D('',#16741,#16742,#16743);
#16741 = CARTESIAN_POINT('',(145.8,-110.4875,0.));
#16742 = DIRECTION('',(1.,0.,-0.));
#16743 = DIRECTION('',(0.,-1.,0.));
#16744 = ADVANCED_FACE('',(#16745),#16756,.F.);
#16745 = FACE_BOUND('',#16746,.T.);
#16746 = EDGE_LOOP('',(#16747,#16753,#16754,#16755));
#16747 = ORIENTED_EDGE('',*,*,#16748,.T.);
#16748 = EDGE_CURVE('',#2863,#8522,#16749,.T.);
#16749 = LINE('',#16750,#16751);
#16750 = CARTESIAN_POINT('',(159.8,-110.4875,0.));
#16751 = VECTOR('',#16752,1.);
#16752 = DIRECTION('',(0.,0.,1.));
#16753 = ORIENTED_EDGE('',*,*,#8521,.T.);
#16754 = ORIENTED_EDGE('',*,*,#16714,.F.);
#16755 = ORIENTED_EDGE('',*,*,#2862,.F.);
#16756 = CYLINDRICAL_SURFACE('',#16757,0.500001333575);
#16757 = AXIS2_PLACEMENT_3D('',#16758,#16759,#16760);
#16758 = CARTESIAN_POINT('',(159.29999866642,-110.4875013335,0.));
#16759 = DIRECTION('',(-0.,-0.,-1.));
#16760 = DIRECTION('',(0.999999999996,2.667139276307E-06,-0.));
#16761 = ADVANCED_FACE('',(#16762),#16773,.F.);
#16762 = FACE_BOUND('',#16763,.T.);
#16763 = EDGE_LOOP('',(#16764,#16765,#16766,#16772));
#16764 = ORIENTED_EDGE('',*,*,#16733,.T.);
#16765 = ORIENTED_EDGE('',*,*,#8555,.T.);
#16766 = ORIENTED_EDGE('',*,*,#16767,.F.);
#16767 = EDGE_CURVE('',#2889,#8548,#16768,.T.);
#16768 = LINE('',#16769,#16770);
#16769 = CARTESIAN_POINT('',(146.3,-123.9875,0.));
#16770 = VECTOR('',#16771,1.);
#16771 = DIRECTION('',(0.,0.,1.));
#16772 = ORIENTED_EDGE('',*,*,#2896,.F.);
#16773 = CYLINDRICAL_SURFACE('',#16774,0.500001333575);
#16774 = AXIS2_PLACEMENT_3D('',#16775,#16776,#16777);
#16775 = CARTESIAN_POINT('',(146.30000133357,-123.4874986664,0.));
#16776 = DIRECTION('',(-0.,-0.,-1.));
#16777 = DIRECTION('',(-0.999999999996,-2.667139134199E-06,0.));
#16778 = ADVANCED_FACE('',(#16779),#16790,.T.);
#16779 = FACE_BOUND('',#16780,.T.);
#16780 = EDGE_LOOP('',(#16781,#16787,#16788,#16789));
#16781 = ORIENTED_EDGE('',*,*,#16782,.T.);
#16782 = EDGE_CURVE('',#2872,#8531,#16783,.T.);
#16783 = LINE('',#16784,#16785);
#16784 = CARTESIAN_POINT('',(159.8,-123.4875,0.));
#16785 = VECTOR('',#16786,1.);
#16786 = DIRECTION('',(0.,0.,1.));
#16787 = ORIENTED_EDGE('',*,*,#8530,.T.);
#16788 = ORIENTED_EDGE('',*,*,#16748,.F.);
#16789 = ORIENTED_EDGE('',*,*,#2871,.F.);
#16790 = PLANE('',#16791);
#16791 = AXIS2_PLACEMENT_3D('',#16792,#16793,#16794);
#16792 = CARTESIAN_POINT('',(159.8,-123.4875,0.));
#16793 = DIRECTION('',(-1.,0.,0.));
#16794 = DIRECTION('',(0.,1.,0.));
#16795 = ADVANCED_FACE('',(#16796),#16807,.T.);
#16796 = FACE_BOUND('',#16797,.T.);
#16797 = EDGE_LOOP('',(#16798,#16799,#16800,#16806));
#16798 = ORIENTED_EDGE('',*,*,#16767,.T.);
#16799 = ORIENTED_EDGE('',*,*,#8547,.T.);
#16800 = ORIENTED_EDGE('',*,*,#16801,.F.);
#16801 = EDGE_CURVE('',#2880,#8539,#16802,.T.);
#16802 = LINE('',#16803,#16804);
#16803 = CARTESIAN_POINT('',(159.3,-123.9875,0.));
#16804 = VECTOR('',#16805,1.);
#16805 = DIRECTION('',(0.,0.,1.));
#16806 = ORIENTED_EDGE('',*,*,#2888,.F.);
#16807 = PLANE('',#16808);
#16808 = AXIS2_PLACEMENT_3D('',#16809,#16810,#16811);
#16809 = CARTESIAN_POINT('',(146.3,-123.9875,0.));
#16810 = DIRECTION('',(0.,1.,0.));
#16811 = DIRECTION('',(1.,0.,0.));
#16812 = ADVANCED_FACE('',(#16813),#16819,.F.);
#16813 = FACE_BOUND('',#16814,.T.);
#16814 = EDGE_LOOP('',(#16815,#16816,#16817,#16818));
#16815 = ORIENTED_EDGE('',*,*,#16801,.T.);
#16816 = ORIENTED_EDGE('',*,*,#8538,.T.);
#16817 = ORIENTED_EDGE('',*,*,#16782,.F.);
#16818 = ORIENTED_EDGE('',*,*,#2879,.F.);
#16819 = CYLINDRICAL_SURFACE('',#16820,0.500001333575);
#16820 = AXIS2_PLACEMENT_3D('',#16821,#16822,#16823);
#16821 = CARTESIAN_POINT('',(159.29999866642,-123.4874986664,0.));
#16822 = DIRECTION('',(-0.,-0.,-1.));
#16823 = DIRECTION('',(2.667139247886E-06,-0.999999999996,0.));
#16824 = ADVANCED_FACE('',(#16825),#16841,.F.);
#16825 = FACE_BOUND('',#16826,.T.);
#16826 = EDGE_LOOP('',(#16827,#16833,#16834,#16840));
#16827 = ORIENTED_EDGE('',*,*,#16828,.T.);
#16828 = EDGE_CURVE('',#2914,#8573,#16829,.T.);
#16829 = LINE('',#16830,#16831);
#16830 = CARTESIAN_POINT('',(165.4,-109.9875,0.));
#16831 = VECTOR('',#16832,1.);
#16832 = DIRECTION('',(0.,0.,1.));
#16833 = ORIENTED_EDGE('',*,*,#8572,.T.);
#16834 = ORIENTED_EDGE('',*,*,#16835,.F.);
#16835 = EDGE_CURVE('',#2916,#8575,#16836,.T.);
#16836 = LINE('',#16837,#16838);
#16837 = CARTESIAN_POINT('',(164.9,-110.4875,0.));
#16838 = VECTOR('',#16839,1.);
#16839 = DIRECTION('',(0.,0.,1.));
#16840 = ORIENTED_EDGE('',*,*,#2913,.F.);
#16841 = CYLINDRICAL_SURFACE('',#16842,0.500001333575);
#16842 = AXIS2_PLACEMENT_3D('',#16843,#16844,#16845);
#16843 = CARTESIAN_POINT('',(165.40000133357,-110.4875013335,0.));
#16844 = DIRECTION('',(-0.,-0.,-1.));
#16845 = DIRECTION('',(-2.667139247886E-06,0.999999999996,0.));
#16846 = ADVANCED_FACE('',(#16847),#16858,.T.);
#16847 = FACE_BOUND('',#16848,.T.);
#16848 = EDGE_LOOP('',(#16849,#16855,#16856,#16857));
#16849 = ORIENTED_EDGE('',*,*,#16850,.T.);
#16850 = EDGE_CURVE('',#2925,#8584,#16851,.T.);
#16851 = LINE('',#16852,#16853);
#16852 = CARTESIAN_POINT('',(178.4,-109.9875,0.));
#16853 = VECTOR('',#16854,1.);
#16854 = DIRECTION('',(0.,0.,1.));
#16855 = ORIENTED_EDGE('',*,*,#8583,.T.);
#16856 = ORIENTED_EDGE('',*,*,#16828,.F.);
#16857 = ORIENTED_EDGE('',*,*,#2924,.F.);
#16858 = PLANE('',#16859);
#16859 = AXIS2_PLACEMENT_3D('',#16860,#16861,#16862);
#16860 = CARTESIAN_POINT('',(178.4,-109.9875,0.));
#16861 = DIRECTION('',(0.,-1.,0.));
#16862 = DIRECTION('',(-1.,0.,0.));
#16863 = ADVANCED_FACE('',(#16864),#16875,.T.);
#16864 = FACE_BOUND('',#16865,.T.);
#16865 = EDGE_LOOP('',(#16866,#16867,#16868,#16874));
#16866 = ORIENTED_EDGE('',*,*,#16835,.T.);
#16867 = ORIENTED_EDGE('',*,*,#8634,.T.);
#16868 = ORIENTED_EDGE('',*,*,#16869,.F.);
#16869 = EDGE_CURVE('',#2967,#8626,#16870,.T.);
#16870 = LINE('',#16871,#16872);
#16871 = CARTESIAN_POINT('',(164.9,-123.4875,0.));
#16872 = VECTOR('',#16873,1.);
#16873 = DIRECTION('',(0.,0.,1.));
#16874 = ORIENTED_EDGE('',*,*,#2975,.F.);
#16875 = PLANE('',#16876);
#16876 = AXIS2_PLACEMENT_3D('',#16877,#16878,#16879);
#16877 = CARTESIAN_POINT('',(164.9,-110.4875,0.));
#16878 = DIRECTION('',(1.,0.,-0.));
#16879 = DIRECTION('',(0.,-1.,0.));
#16880 = ADVANCED_FACE('',(#16881),#16892,.F.);
#16881 = FACE_BOUND('',#16882,.T.);
#16882 = EDGE_LOOP('',(#16883,#16889,#16890,#16891));
#16883 = ORIENTED_EDGE('',*,*,#16884,.T.);
#16884 = EDGE_CURVE('',#2933,#8592,#16885,.T.);
#16885 = LINE('',#16886,#16887);
#16886 = CARTESIAN_POINT('',(178.9,-110.4875,0.));
#16887 = VECTOR('',#16888,1.);
#16888 = DIRECTION('',(0.,0.,1.));
#16889 = ORIENTED_EDGE('',*,*,#8591,.T.);
#16890 = ORIENTED_EDGE('',*,*,#16850,.F.);
#16891 = ORIENTED_EDGE('',*,*,#2932,.F.);
#16892 = CYLINDRICAL_SURFACE('',#16893,0.500001333575);
#16893 = AXIS2_PLACEMENT_3D('',#16894,#16895,#16896);
#16894 = CARTESIAN_POINT('',(178.39999866642,-110.4875013335,0.));
#16895 = DIRECTION('',(-0.,-0.,-1.));
#16896 = DIRECTION('',(0.999999999996,2.667139191042E-06,-0.));
#16897 = ADVANCED_FACE('',(#16898),#16909,.F.);
#16898 = FACE_BOUND('',#16899,.T.);
#16899 = EDGE_LOOP('',(#16900,#16901,#16902,#16908));
#16900 = ORIENTED_EDGE('',*,*,#16869,.T.);
#16901 = ORIENTED_EDGE('',*,*,#8625,.T.);
#16902 = ORIENTED_EDGE('',*,*,#16903,.F.);
#16903 = EDGE_CURVE('',#2959,#8618,#16904,.T.);
#16904 = LINE('',#16905,#16906);
#16905 = CARTESIAN_POINT('',(165.4,-123.9875,0.));
#16906 = VECTOR('',#16907,1.);
#16907 = DIRECTION('',(0.,0.,1.));
#16908 = ORIENTED_EDGE('',*,*,#2966,.F.);
#16909 = CYLINDRICAL_SURFACE('',#16910,0.500001333575);
#16910 = AXIS2_PLACEMENT_3D('',#16911,#16912,#16913);
#16911 = CARTESIAN_POINT('',(165.40000133357,-123.4874986664,0.));
#16912 = DIRECTION('',(-0.,-0.,-1.));
#16913 = DIRECTION('',(-0.999999999996,-2.667139134199E-06,0.));
#16914 = ADVANCED_FACE('',(#16915),#16926,.T.);
#16915 = FACE_BOUND('',#16916,.T.);
#16916 = EDGE_LOOP('',(#16917,#16923,#16924,#16925));
#16917 = ORIENTED_EDGE('',*,*,#16918,.T.);
#16918 = EDGE_CURVE('',#2942,#8601,#16919,.T.);
#16919 = LINE('',#16920,#16921);
#16920 = CARTESIAN_POINT('',(178.9,-123.4875,0.));
#16921 = VECTOR('',#16922,1.);
#16922 = DIRECTION('',(0.,0.,1.));
#16923 = ORIENTED_EDGE('',*,*,#8600,.T.);
#16924 = ORIENTED_EDGE('',*,*,#16884,.F.);
#16925 = ORIENTED_EDGE('',*,*,#2941,.F.);
#16926 = PLANE('',#16927);
#16927 = AXIS2_PLACEMENT_3D('',#16928,#16929,#16930);
#16928 = CARTESIAN_POINT('',(178.9,-123.4875,0.));
#16929 = DIRECTION('',(-1.,0.,0.));
#16930 = DIRECTION('',(0.,1.,0.));
#16931 = ADVANCED_FACE('',(#16932),#16943,.T.);
#16932 = FACE_BOUND('',#16933,.T.);
#16933 = EDGE_LOOP('',(#16934,#16935,#16936,#16942));
#16934 = ORIENTED_EDGE('',*,*,#16903,.T.);
#16935 = ORIENTED_EDGE('',*,*,#8617,.T.);
#16936 = ORIENTED_EDGE('',*,*,#16937,.F.);
#16937 = EDGE_CURVE('',#2950,#8609,#16938,.T.);
#16938 = LINE('',#16939,#16940);
#16939 = CARTESIAN_POINT('',(178.4,-123.9875,0.));
#16940 = VECTOR('',#16941,1.);
#16941 = DIRECTION('',(0.,0.,1.));
#16942 = ORIENTED_EDGE('',*,*,#2958,.F.);
#16943 = PLANE('',#16944);
#16944 = AXIS2_PLACEMENT_3D('',#16945,#16946,#16947);
#16945 = CARTESIAN_POINT('',(165.4,-123.9875,0.));
#16946 = DIRECTION('',(0.,1.,0.));
#16947 = DIRECTION('',(1.,0.,0.));
#16948 = ADVANCED_FACE('',(#16949),#16955,.F.);
#16949 = FACE_BOUND('',#16950,.T.);
#16950 = EDGE_LOOP('',(#16951,#16952,#16953,#16954));
#16951 = ORIENTED_EDGE('',*,*,#16937,.T.);
#16952 = ORIENTED_EDGE('',*,*,#8608,.T.);
#16953 = ORIENTED_EDGE('',*,*,#16918,.F.);
#16954 = ORIENTED_EDGE('',*,*,#2949,.F.);
#16955 = CYLINDRICAL_SURFACE('',#16956,0.500001333575);
#16956 = AXIS2_PLACEMENT_3D('',#16957,#16958,#16959);
#16957 = CARTESIAN_POINT('',(178.39999866642,-123.4874986664,0.));
#16958 = DIRECTION('',(-0.,-0.,-1.));
#16959 = DIRECTION('',(2.667139191043E-06,-0.999999999996,0.));
#16960 = ADVANCED_FACE('',(#16961),#16977,.F.);
#16961 = FACE_BOUND('',#16962,.T.);
#16962 = EDGE_LOOP('',(#16963,#16969,#16970,#16976));
#16963 = ORIENTED_EDGE('',*,*,#16964,.T.);
#16964 = EDGE_CURVE('',#2984,#8643,#16965,.T.);
#16965 = LINE('',#16966,#16967);
#16966 = CARTESIAN_POINT('',(184.5,-109.9875,0.));
#16967 = VECTOR('',#16968,1.);
#16968 = DIRECTION('',(0.,0.,1.));
#16969 = ORIENTED_EDGE('',*,*,#8642,.T.);
#16970 = ORIENTED_EDGE('',*,*,#16971,.F.);
#16971 = EDGE_CURVE('',#2986,#8645,#16972,.T.);
#16972 = LINE('',#16973,#16974);
#16973 = CARTESIAN_POINT('',(184.,-110.4875,0.));
#16974 = VECTOR('',#16975,1.);
#16975 = DIRECTION('',(0.,0.,1.));
#16976 = ORIENTED_EDGE('',*,*,#2983,.F.);
#16977 = CYLINDRICAL_SURFACE('',#16978,0.500001333575);
#16978 = AXIS2_PLACEMENT_3D('',#16979,#16980,#16981);
#16979 = CARTESIAN_POINT('',(184.50000133357,-110.4875013335,0.));
#16980 = DIRECTION('',(-0.,-0.,-1.));
#16981 = DIRECTION('',(-2.667139191042E-06,0.999999999996,0.));
#16982 = ADVANCED_FACE('',(#16983),#16994,.T.);
#16983 = FACE_BOUND('',#16984,.T.);
#16984 = EDGE_LOOP('',(#16985,#16991,#16992,#16993));
#16985 = ORIENTED_EDGE('',*,*,#16986,.T.);
#16986 = EDGE_CURVE('',#2995,#8654,#16987,.T.);
#16987 = LINE('',#16988,#16989);
#16988 = CARTESIAN_POINT('',(197.5,-109.9875,0.));
#16989 = VECTOR('',#16990,1.);
#16990 = DIRECTION('',(0.,0.,1.));
#16991 = ORIENTED_EDGE('',*,*,#8653,.T.);
#16992 = ORIENTED_EDGE('',*,*,#16964,.F.);
#16993 = ORIENTED_EDGE('',*,*,#2994,.F.);
#16994 = PLANE('',#16995);
#16995 = AXIS2_PLACEMENT_3D('',#16996,#16997,#16998);
#16996 = CARTESIAN_POINT('',(197.5,-109.9875,0.));
#16997 = DIRECTION('',(0.,-1.,0.));
#16998 = DIRECTION('',(-1.,0.,0.));
#16999 = ADVANCED_FACE('',(#17000),#17011,.T.);
#17000 = FACE_BOUND('',#17001,.T.);
#17001 = EDGE_LOOP('',(#17002,#17003,#17004,#17010));
#17002 = ORIENTED_EDGE('',*,*,#16971,.T.);
#17003 = ORIENTED_EDGE('',*,*,#8704,.T.);
#17004 = ORIENTED_EDGE('',*,*,#17005,.F.);
#17005 = EDGE_CURVE('',#3037,#8696,#17006,.T.);
#17006 = LINE('',#17007,#17008);
#17007 = CARTESIAN_POINT('',(184.,-123.4875,0.));
#17008 = VECTOR('',#17009,1.);
#17009 = DIRECTION('',(0.,0.,1.));
#17010 = ORIENTED_EDGE('',*,*,#3045,.F.);
#17011 = PLANE('',#17012);
#17012 = AXIS2_PLACEMENT_3D('',#17013,#17014,#17015);
#17013 = CARTESIAN_POINT('',(184.,-110.4875,0.));
#17014 = DIRECTION('',(1.,0.,-0.));
#17015 = DIRECTION('',(0.,-1.,0.));
#17016 = ADVANCED_FACE('',(#17017),#17028,.F.);
#17017 = FACE_BOUND('',#17018,.T.);
#17018 = EDGE_LOOP('',(#17019,#17025,#17026,#17027));
#17019 = ORIENTED_EDGE('',*,*,#17020,.T.);
#17020 = EDGE_CURVE('',#3003,#8662,#17021,.T.);
#17021 = LINE('',#17022,#17023);
#17022 = CARTESIAN_POINT('',(198.,-110.4875,0.));
#17023 = VECTOR('',#17024,1.);
#17024 = DIRECTION('',(0.,0.,1.));
#17025 = ORIENTED_EDGE('',*,*,#8661,.T.);
#17026 = ORIENTED_EDGE('',*,*,#16986,.F.);
#17027 = ORIENTED_EDGE('',*,*,#3002,.F.);
#17028 = CYLINDRICAL_SURFACE('',#17029,0.500001333575);
#17029 = AXIS2_PLACEMENT_3D('',#17030,#17031,#17032);
#17030 = CARTESIAN_POINT('',(197.49999866642,-110.4875013335,0.));
#17031 = DIRECTION('',(-0.,-0.,-1.));
#17032 = DIRECTION('',(0.999999999996,2.667139191042E-06,-0.));
#17033 = ADVANCED_FACE('',(#17034),#17045,.F.);
#17034 = FACE_BOUND('',#17035,.T.);
#17035 = EDGE_LOOP('',(#17036,#17037,#17038,#17044));
#17036 = ORIENTED_EDGE('',*,*,#17005,.T.);
#17037 = ORIENTED_EDGE('',*,*,#8695,.T.);
#17038 = ORIENTED_EDGE('',*,*,#17039,.F.);
#17039 = EDGE_CURVE('',#3029,#8688,#17040,.T.);
#17040 = LINE('',#17041,#17042);
#17041 = CARTESIAN_POINT('',(184.5,-123.9875,0.));
#17042 = VECTOR('',#17043,1.);
#17043 = DIRECTION('',(0.,0.,1.));
#17044 = ORIENTED_EDGE('',*,*,#3036,.F.);
#17045 = CYLINDRICAL_SURFACE('',#17046,0.500001333575);
#17046 = AXIS2_PLACEMENT_3D('',#17047,#17048,#17049);
#17047 = CARTESIAN_POINT('',(184.50000133357,-123.4874986664,0.));
#17048 = DIRECTION('',(-0.,-0.,-1.));
#17049 = DIRECTION('',(-0.999999999996,-2.667139134199E-06,0.));
#17050 = ADVANCED_FACE('',(#17051),#17062,.T.);
#17051 = FACE_BOUND('',#17052,.T.);
#17052 = EDGE_LOOP('',(#17053,#17059,#17060,#17061));
#17053 = ORIENTED_EDGE('',*,*,#17054,.T.);
#17054 = EDGE_CURVE('',#3012,#8671,#17055,.T.);
#17055 = LINE('',#17056,#17057);
#17056 = CARTESIAN_POINT('',(198.,-123.4875,0.));
#17057 = VECTOR('',#17058,1.);
#17058 = DIRECTION('',(0.,0.,1.));
#17059 = ORIENTED_EDGE('',*,*,#8670,.T.);
#17060 = ORIENTED_EDGE('',*,*,#17020,.F.);
#17061 = ORIENTED_EDGE('',*,*,#3011,.F.);
#17062 = PLANE('',#17063);
#17063 = AXIS2_PLACEMENT_3D('',#17064,#17065,#17066);
#17064 = CARTESIAN_POINT('',(198.,-123.4875,0.));
#17065 = DIRECTION('',(-1.,0.,0.));
#17066 = DIRECTION('',(0.,1.,0.));
#17067 = ADVANCED_FACE('',(#17068),#17079,.T.);
#17068 = FACE_BOUND('',#17069,.T.);
#17069 = EDGE_LOOP('',(#17070,#17071,#17072,#17078));
#17070 = ORIENTED_EDGE('',*,*,#17039,.T.);
#17071 = ORIENTED_EDGE('',*,*,#8687,.T.);
#17072 = ORIENTED_EDGE('',*,*,#17073,.F.);
#17073 = EDGE_CURVE('',#3020,#8679,#17074,.T.);
#17074 = LINE('',#17075,#17076);
#17075 = CARTESIAN_POINT('',(197.5,-123.9875,0.));
#17076 = VECTOR('',#17077,1.);
#17077 = DIRECTION('',(0.,0.,1.));
#17078 = ORIENTED_EDGE('',*,*,#3028,.F.);
#17079 = PLANE('',#17080);
#17080 = AXIS2_PLACEMENT_3D('',#17081,#17082,#17083);
#17081 = CARTESIAN_POINT('',(184.5,-123.9875,0.));
#17082 = DIRECTION('',(0.,1.,0.));
#17083 = DIRECTION('',(1.,0.,0.));
#17084 = ADVANCED_FACE('',(#17085),#17091,.F.);
#17085 = FACE_BOUND('',#17086,.T.);
#17086 = EDGE_LOOP('',(#17087,#17088,#17089,#17090));
#17087 = ORIENTED_EDGE('',*,*,#17073,.T.);
#17088 = ORIENTED_EDGE('',*,*,#8678,.T.);
#17089 = ORIENTED_EDGE('',*,*,#17054,.F.);
#17090 = ORIENTED_EDGE('',*,*,#3019,.F.);
#17091 = CYLINDRICAL_SURFACE('',#17092,0.500001333575);
#17092 = AXIS2_PLACEMENT_3D('',#17093,#17094,#17095);
#17093 = CARTESIAN_POINT('',(197.49999866642,-123.4874986664,0.));
#17094 = DIRECTION('',(-0.,-0.,-1.));
#17095 = DIRECTION('',(2.667139134199E-06,-0.999999999996,0.));
#17096 = ADVANCED_FACE('',(#17097),#17113,.F.);
#17097 = FACE_BOUND('',#17098,.T.);
#17098 = EDGE_LOOP('',(#17099,#17105,#17106,#17112));
#17099 = ORIENTED_EDGE('',*,*,#17100,.T.);
#17100 = EDGE_CURVE('',#3054,#8713,#17101,.T.);
#17101 = LINE('',#17102,#17103);
#17102 = CARTESIAN_POINT('',(122.425,-90.8875,0.));
#17103 = VECTOR('',#17104,1.);
#17104 = DIRECTION('',(0.,0.,1.));
#17105 = ORIENTED_EDGE('',*,*,#8712,.T.);
#17106 = ORIENTED_EDGE('',*,*,#17107,.F.);
#17107 = EDGE_CURVE('',#3056,#8715,#17108,.T.);
#17108 = LINE('',#17109,#17110);
#17109 = CARTESIAN_POINT('',(121.925,-91.3875,0.));
#17110 = VECTOR('',#17111,1.);
#17111 = DIRECTION('',(0.,0.,1.));
#17112 = ORIENTED_EDGE('',*,*,#3053,.F.);
#17113 = CYLINDRICAL_SURFACE('',#17114,0.500001333575);
#17114 = AXIS2_PLACEMENT_3D('',#17115,#17116,#17117);
#17115 = CARTESIAN_POINT('',(122.42500133357,-91.38750133357,0.));
#17116 = DIRECTION('',(-0.,-0.,-1.));
#17117 = DIRECTION('',(-2.667139191042E-06,0.999999999996,0.));
#17118 = ADVANCED_FACE('',(#17119),#17130,.T.);
#17119 = FACE_BOUND('',#17120,.T.);
#17120 = EDGE_LOOP('',(#17121,#17127,#17128,#17129));
#17121 = ORIENTED_EDGE('',*,*,#17122,.T.);
#17122 = EDGE_CURVE('',#3065,#8724,#17123,.T.);
#17123 = LINE('',#17124,#17125);
#17124 = CARTESIAN_POINT('',(135.425,-90.8875,0.));
#17125 = VECTOR('',#17126,1.);
#17126 = DIRECTION('',(0.,0.,1.));
#17127 = ORIENTED_EDGE('',*,*,#8723,.T.);
#17128 = ORIENTED_EDGE('',*,*,#17100,.F.);
#17129 = ORIENTED_EDGE('',*,*,#3064,.F.);
#17130 = PLANE('',#17131);
#17131 = AXIS2_PLACEMENT_3D('',#17132,#17133,#17134);
#17132 = CARTESIAN_POINT('',(135.425,-90.8875,0.));
#17133 = DIRECTION('',(0.,-1.,0.));
#17134 = DIRECTION('',(-1.,0.,0.));
#17135 = ADVANCED_FACE('',(#17136),#17147,.T.);
#17136 = FACE_BOUND('',#17137,.T.);
#17137 = EDGE_LOOP('',(#17138,#17139,#17140,#17146));
#17138 = ORIENTED_EDGE('',*,*,#17107,.T.);
#17139 = ORIENTED_EDGE('',*,*,#8774,.T.);
#17140 = ORIENTED_EDGE('',*,*,#17141,.F.);
#17141 = EDGE_CURVE('',#3107,#8766,#17142,.T.);
#17142 = LINE('',#17143,#17144);
#17143 = CARTESIAN_POINT('',(121.925,-104.3875,0.));
#17144 = VECTOR('',#17145,1.);
#17145 = DIRECTION('',(0.,0.,1.));
#17146 = ORIENTED_EDGE('',*,*,#3115,.F.);
#17147 = PLANE('',#17148);
#17148 = AXIS2_PLACEMENT_3D('',#17149,#17150,#17151);
#17149 = CARTESIAN_POINT('',(121.925,-91.3875,0.));
#17150 = DIRECTION('',(1.,0.,-0.));
#17151 = DIRECTION('',(0.,-1.,0.));
#17152 = ADVANCED_FACE('',(#17153),#17164,.F.);
#17153 = FACE_BOUND('',#17154,.T.);
#17154 = EDGE_LOOP('',(#17155,#17161,#17162,#17163));
#17155 = ORIENTED_EDGE('',*,*,#17156,.T.);
#17156 = EDGE_CURVE('',#3073,#8732,#17157,.T.);
#17157 = LINE('',#17158,#17159);
#17158 = CARTESIAN_POINT('',(135.925,-91.3875,0.));
#17159 = VECTOR('',#17160,1.);
#17160 = DIRECTION('',(0.,0.,1.));
#17161 = ORIENTED_EDGE('',*,*,#8731,.T.);
#17162 = ORIENTED_EDGE('',*,*,#17122,.F.);
#17163 = ORIENTED_EDGE('',*,*,#3072,.F.);
#17164 = CYLINDRICAL_SURFACE('',#17165,0.500001333575);
#17165 = AXIS2_PLACEMENT_3D('',#17166,#17167,#17168);
#17166 = CARTESIAN_POINT('',(135.42499866642,-91.38750133357,0.));
#17167 = DIRECTION('',(-0.,-0.,-1.));
#17168 = DIRECTION('',(0.999999999996,2.667139247886E-06,-0.));
#17169 = ADVANCED_FACE('',(#17170),#17181,.F.);
#17170 = FACE_BOUND('',#17171,.T.);
#17171 = EDGE_LOOP('',(#17172,#17173,#17174,#17180));
#17172 = ORIENTED_EDGE('',*,*,#17141,.T.);
#17173 = ORIENTED_EDGE('',*,*,#8765,.T.);
#17174 = ORIENTED_EDGE('',*,*,#17175,.F.);
#17175 = EDGE_CURVE('',#3099,#8758,#17176,.T.);
#17176 = LINE('',#17177,#17178);
#17177 = CARTESIAN_POINT('',(122.425,-104.8875,0.));
#17178 = VECTOR('',#17179,1.);
#17179 = DIRECTION('',(0.,0.,1.));
#17180 = ORIENTED_EDGE('',*,*,#3106,.F.);
#17181 = CYLINDRICAL_SURFACE('',#17182,0.500001333575);
#17182 = AXIS2_PLACEMENT_3D('',#17183,#17184,#17185);
#17183 = CARTESIAN_POINT('',(122.42500133357,-104.3874986664,0.));
#17184 = DIRECTION('',(-0.,-0.,-1.));
#17185 = DIRECTION('',(-0.999999999996,-2.667139219464E-06,0.));
#17186 = ADVANCED_FACE('',(#17187),#17198,.T.);
#17187 = FACE_BOUND('',#17188,.T.);
#17188 = EDGE_LOOP('',(#17189,#17195,#17196,#17197));
#17189 = ORIENTED_EDGE('',*,*,#17190,.T.);
#17190 = EDGE_CURVE('',#3082,#8741,#17191,.T.);
#17191 = LINE('',#17192,#17193);
#17192 = CARTESIAN_POINT('',(135.925,-104.3875,0.));
#17193 = VECTOR('',#17194,1.);
#17194 = DIRECTION('',(0.,0.,1.));
#17195 = ORIENTED_EDGE('',*,*,#8740,.T.);
#17196 = ORIENTED_EDGE('',*,*,#17156,.F.);
#17197 = ORIENTED_EDGE('',*,*,#3081,.F.);
#17198 = PLANE('',#17199);
#17199 = AXIS2_PLACEMENT_3D('',#17200,#17201,#17202);
#17200 = CARTESIAN_POINT('',(135.925,-104.3875,0.));
#17201 = DIRECTION('',(-1.,0.,0.));
#17202 = DIRECTION('',(0.,1.,0.));
#17203 = ADVANCED_FACE('',(#17204),#17215,.T.);
#17204 = FACE_BOUND('',#17205,.T.);
#17205 = EDGE_LOOP('',(#17206,#17207,#17208,#17214));
#17206 = ORIENTED_EDGE('',*,*,#17175,.T.);
#17207 = ORIENTED_EDGE('',*,*,#8757,.T.);
#17208 = ORIENTED_EDGE('',*,*,#17209,.F.);
#17209 = EDGE_CURVE('',#3090,#8749,#17210,.T.);
#17210 = LINE('',#17211,#17212);
#17211 = CARTESIAN_POINT('',(135.425,-104.8875,0.));
#17212 = VECTOR('',#17213,1.);
#17213 = DIRECTION('',(0.,0.,1.));
#17214 = ORIENTED_EDGE('',*,*,#3098,.F.);
#17215 = PLANE('',#17216);
#17216 = AXIS2_PLACEMENT_3D('',#17217,#17218,#17219);
#17217 = CARTESIAN_POINT('',(122.425,-104.8875,0.));
#17218 = DIRECTION('',(0.,1.,0.));
#17219 = DIRECTION('',(1.,0.,0.));
#17220 = ADVANCED_FACE('',(#17221),#17227,.F.);
#17221 = FACE_BOUND('',#17222,.T.);
#17222 = EDGE_LOOP('',(#17223,#17224,#17225,#17226));
#17223 = ORIENTED_EDGE('',*,*,#17209,.T.);
#17224 = ORIENTED_EDGE('',*,*,#8748,.T.);
#17225 = ORIENTED_EDGE('',*,*,#17190,.F.);
#17226 = ORIENTED_EDGE('',*,*,#3089,.F.);
#17227 = CYLINDRICAL_SURFACE('',#17228,0.500001333575);
#17228 = AXIS2_PLACEMENT_3D('',#17229,#17230,#17231);
#17229 = CARTESIAN_POINT('',(135.42499866642,-104.3874986664,0.));
#17230 = DIRECTION('',(-0.,-0.,-1.));
#17231 = DIRECTION('',(2.667139304729E-06,-0.999999999996,0.));
#17232 = ADVANCED_FACE('',(#17233),#17249,.F.);
#17233 = FACE_BOUND('',#17234,.T.);
#17234 = EDGE_LOOP('',(#17235,#17241,#17242,#17248));
#17235 = ORIENTED_EDGE('',*,*,#17236,.T.);
#17236 = EDGE_CURVE('',#3124,#8783,#17237,.T.);
#17237 = LINE('',#17238,#17239);
#17238 = CARTESIAN_POINT('',(141.525,-90.8875,0.));
#17239 = VECTOR('',#17240,1.);
#17240 = DIRECTION('',(0.,0.,1.));
#17241 = ORIENTED_EDGE('',*,*,#8782,.T.);
#17242 = ORIENTED_EDGE('',*,*,#17243,.F.);
#17243 = EDGE_CURVE('',#3126,#8785,#17244,.T.);
#17244 = LINE('',#17245,#17246);
#17245 = CARTESIAN_POINT('',(141.025,-91.3875,0.));
#17246 = VECTOR('',#17247,1.);
#17247 = DIRECTION('',(0.,0.,1.));
#17248 = ORIENTED_EDGE('',*,*,#3123,.F.);
#17249 = CYLINDRICAL_SURFACE('',#17250,0.500001333575);
#17250 = AXIS2_PLACEMENT_3D('',#17251,#17252,#17253);
#17251 = CARTESIAN_POINT('',(141.52500133357,-91.38750133357,0.));
#17252 = DIRECTION('',(-0.,-0.,-1.));
#17253 = DIRECTION('',(-2.667139191043E-06,0.999999999996,0.));
#17254 = ADVANCED_FACE('',(#17255),#17266,.T.);
#17255 = FACE_BOUND('',#17256,.T.);
#17256 = EDGE_LOOP('',(#17257,#17263,#17264,#17265));
#17257 = ORIENTED_EDGE('',*,*,#17258,.T.);
#17258 = EDGE_CURVE('',#3135,#8794,#17259,.T.);
#17259 = LINE('',#17260,#17261);
#17260 = CARTESIAN_POINT('',(154.525,-90.8875,0.));
#17261 = VECTOR('',#17262,1.);
#17262 = DIRECTION('',(0.,0.,1.));
#17263 = ORIENTED_EDGE('',*,*,#8793,.T.);
#17264 = ORIENTED_EDGE('',*,*,#17236,.F.);
#17265 = ORIENTED_EDGE('',*,*,#3134,.F.);
#17266 = PLANE('',#17267);
#17267 = AXIS2_PLACEMENT_3D('',#17268,#17269,#17270);
#17268 = CARTESIAN_POINT('',(154.525,-90.8875,0.));
#17269 = DIRECTION('',(0.,-1.,0.));
#17270 = DIRECTION('',(-1.,0.,0.));
#17271 = ADVANCED_FACE('',(#17272),#17283,.T.);
#17272 = FACE_BOUND('',#17273,.T.);
#17273 = EDGE_LOOP('',(#17274,#17275,#17276,#17282));
#17274 = ORIENTED_EDGE('',*,*,#17243,.T.);
#17275 = ORIENTED_EDGE('',*,*,#8844,.T.);
#17276 = ORIENTED_EDGE('',*,*,#17277,.F.);
#17277 = EDGE_CURVE('',#3177,#8836,#17278,.T.);
#17278 = LINE('',#17279,#17280);
#17279 = CARTESIAN_POINT('',(141.025,-104.3875,0.));
#17280 = VECTOR('',#17281,1.);
#17281 = DIRECTION('',(0.,0.,1.));
#17282 = ORIENTED_EDGE('',*,*,#3185,.F.);
#17283 = PLANE('',#17284);
#17284 = AXIS2_PLACEMENT_3D('',#17285,#17286,#17287);
#17285 = CARTESIAN_POINT('',(141.025,-91.3875,0.));
#17286 = DIRECTION('',(1.,0.,-0.));
#17287 = DIRECTION('',(0.,-1.,0.));
#17288 = ADVANCED_FACE('',(#17289),#17300,.F.);
#17289 = FACE_BOUND('',#17290,.T.);
#17290 = EDGE_LOOP('',(#17291,#17297,#17298,#17299));
#17291 = ORIENTED_EDGE('',*,*,#17292,.T.);
#17292 = EDGE_CURVE('',#3143,#8802,#17293,.T.);
#17293 = LINE('',#17294,#17295);
#17294 = CARTESIAN_POINT('',(155.025,-91.3875,0.));
#17295 = VECTOR('',#17296,1.);
#17296 = DIRECTION('',(0.,0.,1.));
#17297 = ORIENTED_EDGE('',*,*,#8801,.T.);
#17298 = ORIENTED_EDGE('',*,*,#17258,.F.);
#17299 = ORIENTED_EDGE('',*,*,#3142,.F.);
#17300 = CYLINDRICAL_SURFACE('',#17301,0.500001333575);
#17301 = AXIS2_PLACEMENT_3D('',#17302,#17303,#17304);
#17302 = CARTESIAN_POINT('',(154.52499866642,-91.38750133357,0.));
#17303 = DIRECTION('',(-0.,-0.,-1.));
#17304 = DIRECTION('',(0.999999999996,2.667139134199E-06,-0.));
#17305 = ADVANCED_FACE('',(#17306),#17317,.F.);
#17306 = FACE_BOUND('',#17307,.T.);
#17307 = EDGE_LOOP('',(#17308,#17309,#17310,#17316));
#17308 = ORIENTED_EDGE('',*,*,#17277,.T.);
#17309 = ORIENTED_EDGE('',*,*,#8835,.T.);
#17310 = ORIENTED_EDGE('',*,*,#17311,.F.);
#17311 = EDGE_CURVE('',#3169,#8828,#17312,.T.);
#17312 = LINE('',#17313,#17314);
#17313 = CARTESIAN_POINT('',(141.525,-104.8875,0.));
#17314 = VECTOR('',#17315,1.);
#17315 = DIRECTION('',(0.,0.,1.));
#17316 = ORIENTED_EDGE('',*,*,#3176,.F.);
#17317 = CYLINDRICAL_SURFACE('',#17318,0.500001333575);
#17318 = AXIS2_PLACEMENT_3D('',#17319,#17320,#17321);
#17319 = CARTESIAN_POINT('',(141.52500133357,-104.3874986664,0.));
#17320 = DIRECTION('',(-0.,-0.,-1.));
#17321 = DIRECTION('',(-0.999999999996,-2.667139191042E-06,0.));
#17322 = ADVANCED_FACE('',(#17323),#17334,.T.);
#17323 = FACE_BOUND('',#17324,.T.);
#17324 = EDGE_LOOP('',(#17325,#17331,#17332,#17333));
#17325 = ORIENTED_EDGE('',*,*,#17326,.T.);
#17326 = EDGE_CURVE('',#3152,#8811,#17327,.T.);
#17327 = LINE('',#17328,#17329);
#17328 = CARTESIAN_POINT('',(155.025,-104.3875,0.));
#17329 = VECTOR('',#17330,1.);
#17330 = DIRECTION('',(0.,0.,1.));
#17331 = ORIENTED_EDGE('',*,*,#8810,.T.);
#17332 = ORIENTED_EDGE('',*,*,#17292,.F.);
#17333 = ORIENTED_EDGE('',*,*,#3151,.F.);
#17334 = PLANE('',#17335);
#17335 = AXIS2_PLACEMENT_3D('',#17336,#17337,#17338);
#17336 = CARTESIAN_POINT('',(155.025,-104.3875,0.));
#17337 = DIRECTION('',(-1.,0.,0.));
#17338 = DIRECTION('',(0.,1.,0.));
#17339 = ADVANCED_FACE('',(#17340),#17351,.T.);
#17340 = FACE_BOUND('',#17341,.T.);
#17341 = EDGE_LOOP('',(#17342,#17343,#17344,#17350));
#17342 = ORIENTED_EDGE('',*,*,#17311,.T.);
#17343 = ORIENTED_EDGE('',*,*,#8827,.T.);
#17344 = ORIENTED_EDGE('',*,*,#17345,.F.);
#17345 = EDGE_CURVE('',#3160,#8819,#17346,.T.);
#17346 = LINE('',#17347,#17348);
#17347 = CARTESIAN_POINT('',(154.525,-104.8875,0.));
#17348 = VECTOR('',#17349,1.);
#17349 = DIRECTION('',(0.,0.,1.));
#17350 = ORIENTED_EDGE('',*,*,#3168,.F.);
#17351 = PLANE('',#17352);
#17352 = AXIS2_PLACEMENT_3D('',#17353,#17354,#17355);
#17353 = CARTESIAN_POINT('',(141.525,-104.8875,0.));
#17354 = DIRECTION('',(0.,1.,0.));
#17355 = DIRECTION('',(1.,0.,0.));
#17356 = ADVANCED_FACE('',(#17357),#17363,.F.);
#17357 = FACE_BOUND('',#17358,.T.);
#17358 = EDGE_LOOP('',(#17359,#17360,#17361,#17362));
#17359 = ORIENTED_EDGE('',*,*,#17345,.T.);
#17360 = ORIENTED_EDGE('',*,*,#8818,.T.);
#17361 = ORIENTED_EDGE('',*,*,#17326,.F.);
#17362 = ORIENTED_EDGE('',*,*,#3159,.F.);
#17363 = CYLINDRICAL_SURFACE('',#17364,0.500001333575);
#17364 = AXIS2_PLACEMENT_3D('',#17365,#17366,#17367);
#17365 = CARTESIAN_POINT('',(154.52499866642,-104.3874986664,0.));
#17366 = DIRECTION('',(-0.,-0.,-1.));
#17367 = DIRECTION('',(2.667139247886E-06,-0.999999999996,0.));
#17368 = ADVANCED_FACE('',(#17369),#17385,.F.);
#17369 = FACE_BOUND('',#17370,.T.);
#17370 = EDGE_LOOP('',(#17371,#17377,#17378,#17384));
#17371 = ORIENTED_EDGE('',*,*,#17372,.T.);
#17372 = EDGE_CURVE('',#3194,#8853,#17373,.T.);
#17373 = LINE('',#17374,#17375);
#17374 = CARTESIAN_POINT('',(160.625,-90.8875,0.));
#17375 = VECTOR('',#17376,1.);
#17376 = DIRECTION('',(0.,0.,1.));
#17377 = ORIENTED_EDGE('',*,*,#8852,.T.);
#17378 = ORIENTED_EDGE('',*,*,#17379,.F.);
#17379 = EDGE_CURVE('',#3196,#8855,#17380,.T.);
#17380 = LINE('',#17381,#17382);
#17381 = CARTESIAN_POINT('',(160.125,-91.3875,0.));
#17382 = VECTOR('',#17383,1.);
#17383 = DIRECTION('',(0.,0.,1.));
#17384 = ORIENTED_EDGE('',*,*,#3193,.F.);
#17385 = CYLINDRICAL_SURFACE('',#17386,0.500001333575);
#17386 = AXIS2_PLACEMENT_3D('',#17387,#17388,#17389);
#17387 = CARTESIAN_POINT('',(160.62500133357,-91.38750133357,0.));
#17388 = DIRECTION('',(-0.,-0.,-1.));
#17389 = DIRECTION('',(-2.667139134199E-06,0.999999999996,0.));
#17390 = ADVANCED_FACE('',(#17391),#17402,.T.);
#17391 = FACE_BOUND('',#17392,.T.);
#17392 = EDGE_LOOP('',(#17393,#17399,#17400,#17401));
#17393 = ORIENTED_EDGE('',*,*,#17394,.T.);
#17394 = EDGE_CURVE('',#3205,#8864,#17395,.T.);
#17395 = LINE('',#17396,#17397);
#17396 = CARTESIAN_POINT('',(173.625,-90.8875,0.));
#17397 = VECTOR('',#17398,1.);
#17398 = DIRECTION('',(0.,0.,1.));
#17399 = ORIENTED_EDGE('',*,*,#8863,.T.);
#17400 = ORIENTED_EDGE('',*,*,#17372,.F.);
#17401 = ORIENTED_EDGE('',*,*,#3204,.F.);
#17402 = PLANE('',#17403);
#17403 = AXIS2_PLACEMENT_3D('',#17404,#17405,#17406);
#17404 = CARTESIAN_POINT('',(173.625,-90.8875,0.));
#17405 = DIRECTION('',(0.,-1.,0.));
#17406 = DIRECTION('',(-1.,0.,0.));
#17407 = ADVANCED_FACE('',(#17408),#17419,.T.);
#17408 = FACE_BOUND('',#17409,.T.);
#17409 = EDGE_LOOP('',(#17410,#17411,#17412,#17418));
#17410 = ORIENTED_EDGE('',*,*,#17379,.T.);
#17411 = ORIENTED_EDGE('',*,*,#8914,.T.);
#17412 = ORIENTED_EDGE('',*,*,#17413,.F.);
#17413 = EDGE_CURVE('',#3247,#8906,#17414,.T.);
#17414 = LINE('',#17415,#17416);
#17415 = CARTESIAN_POINT('',(160.125,-104.3875,0.));
#17416 = VECTOR('',#17417,1.);
#17417 = DIRECTION('',(0.,0.,1.));
#17418 = ORIENTED_EDGE('',*,*,#3255,.F.);
#17419 = PLANE('',#17420);
#17420 = AXIS2_PLACEMENT_3D('',#17421,#17422,#17423);
#17421 = CARTESIAN_POINT('',(160.125,-91.3875,0.));
#17422 = DIRECTION('',(1.,0.,-0.));
#17423 = DIRECTION('',(0.,-1.,0.));
#17424 = ADVANCED_FACE('',(#17425),#17436,.F.);
#17425 = FACE_BOUND('',#17426,.T.);
#17426 = EDGE_LOOP('',(#17427,#17433,#17434,#17435));
#17427 = ORIENTED_EDGE('',*,*,#17428,.T.);
#17428 = EDGE_CURVE('',#3213,#8872,#17429,.T.);
#17429 = LINE('',#17430,#17431);
#17430 = CARTESIAN_POINT('',(174.125,-91.3875,0.));
#17431 = VECTOR('',#17432,1.);
#17432 = DIRECTION('',(0.,0.,1.));
#17433 = ORIENTED_EDGE('',*,*,#8871,.T.);
#17434 = ORIENTED_EDGE('',*,*,#17394,.F.);
#17435 = ORIENTED_EDGE('',*,*,#3212,.F.);
#17436 = CYLINDRICAL_SURFACE('',#17437,0.500001333575);
#17437 = AXIS2_PLACEMENT_3D('',#17438,#17439,#17440);
#17438 = CARTESIAN_POINT('',(173.62499866642,-91.38750133357,0.));
#17439 = DIRECTION('',(-0.,-0.,-1.));
#17440 = DIRECTION('',(0.999999999996,2.667139134199E-06,-0.));
#17441 = ADVANCED_FACE('',(#17442),#17453,.F.);
#17442 = FACE_BOUND('',#17443,.T.);
#17443 = EDGE_LOOP('',(#17444,#17445,#17446,#17452));
#17444 = ORIENTED_EDGE('',*,*,#17413,.T.);
#17445 = ORIENTED_EDGE('',*,*,#8905,.T.);
#17446 = ORIENTED_EDGE('',*,*,#17447,.F.);
#17447 = EDGE_CURVE('',#3239,#8898,#17448,.T.);
#17448 = LINE('',#17449,#17450);
#17449 = CARTESIAN_POINT('',(160.625,-104.8875,0.));
#17450 = VECTOR('',#17451,1.);
#17451 = DIRECTION('',(0.,0.,1.));
#17452 = ORIENTED_EDGE('',*,*,#3246,.F.);
#17453 = CYLINDRICAL_SURFACE('',#17454,0.500001333575);
#17454 = AXIS2_PLACEMENT_3D('',#17455,#17456,#17457);
#17455 = CARTESIAN_POINT('',(160.62500133357,-104.3874986664,0.));
#17456 = DIRECTION('',(-0.,-0.,-1.));
#17457 = DIRECTION('',(-0.999999999996,-2.667139191042E-06,0.));
#17458 = ADVANCED_FACE('',(#17459),#17470,.T.);
#17459 = FACE_BOUND('',#17460,.T.);
#17460 = EDGE_LOOP('',(#17461,#17467,#17468,#17469));
#17461 = ORIENTED_EDGE('',*,*,#17462,.T.);
#17462 = EDGE_CURVE('',#3222,#8881,#17463,.T.);
#17463 = LINE('',#17464,#17465);
#17464 = CARTESIAN_POINT('',(174.125,-104.3875,0.));
#17465 = VECTOR('',#17466,1.);
#17466 = DIRECTION('',(0.,0.,1.));
#17467 = ORIENTED_EDGE('',*,*,#8880,.T.);
#17468 = ORIENTED_EDGE('',*,*,#17428,.F.);
#17469 = ORIENTED_EDGE('',*,*,#3221,.F.);
#17470 = PLANE('',#17471);
#17471 = AXIS2_PLACEMENT_3D('',#17472,#17473,#17474);
#17472 = CARTESIAN_POINT('',(174.125,-104.3875,0.));
#17473 = DIRECTION('',(-1.,0.,0.));
#17474 = DIRECTION('',(0.,1.,0.));
#17475 = ADVANCED_FACE('',(#17476),#17487,.T.);
#17476 = FACE_BOUND('',#17477,.T.);
#17477 = EDGE_LOOP('',(#17478,#17479,#17480,#17486));
#17478 = ORIENTED_EDGE('',*,*,#17447,.T.);
#17479 = ORIENTED_EDGE('',*,*,#8897,.T.);
#17480 = ORIENTED_EDGE('',*,*,#17481,.F.);
#17481 = EDGE_CURVE('',#3230,#8889,#17482,.T.);
#17482 = LINE('',#17483,#17484);
#17483 = CARTESIAN_POINT('',(173.625,-104.8875,0.));
#17484 = VECTOR('',#17485,1.);
#17485 = DIRECTION('',(0.,0.,1.));
#17486 = ORIENTED_EDGE('',*,*,#3238,.F.);
#17487 = PLANE('',#17488);
#17488 = AXIS2_PLACEMENT_3D('',#17489,#17490,#17491);
#17489 = CARTESIAN_POINT('',(160.625,-104.8875,0.));
#17490 = DIRECTION('',(0.,1.,0.));
#17491 = DIRECTION('',(1.,0.,0.));
#17492 = ADVANCED_FACE('',(#17493),#17499,.F.);
#17493 = FACE_BOUND('',#17494,.T.);
#17494 = EDGE_LOOP('',(#17495,#17496,#17497,#17498));
#17495 = ORIENTED_EDGE('',*,*,#17481,.T.);
#17496 = ORIENTED_EDGE('',*,*,#8888,.T.);
#17497 = ORIENTED_EDGE('',*,*,#17462,.F.);
#17498 = ORIENTED_EDGE('',*,*,#3229,.F.);
#17499 = CYLINDRICAL_SURFACE('',#17500,0.500001333575);
#17500 = AXIS2_PLACEMENT_3D('',#17501,#17502,#17503);
#17501 = CARTESIAN_POINT('',(173.62499866642,-104.3874986664,0.));
#17502 = DIRECTION('',(-0.,-0.,-1.));
#17503 = DIRECTION('',(2.667139191042E-06,-0.999999999996,0.));
#17504 = ADVANCED_FACE('',(#17505),#17521,.F.);
#17505 = FACE_BOUND('',#17506,.T.);
#17506 = EDGE_LOOP('',(#17507,#17513,#17514,#17520));
#17507 = ORIENTED_EDGE('',*,*,#17508,.T.);
#17508 = EDGE_CURVE('',#3264,#8923,#17509,.T.);
#17509 = LINE('',#17510,#17511);
#17510 = CARTESIAN_POINT('',(179.725,-90.8875,0.));
#17511 = VECTOR('',#17512,1.);
#17512 = DIRECTION('',(0.,0.,1.));
#17513 = ORIENTED_EDGE('',*,*,#8922,.T.);
#17514 = ORIENTED_EDGE('',*,*,#17515,.F.);
#17515 = EDGE_CURVE('',#3266,#8925,#17516,.T.);
#17516 = LINE('',#17517,#17518);
#17517 = CARTESIAN_POINT('',(179.225,-91.3875,0.));
#17518 = VECTOR('',#17519,1.);
#17519 = DIRECTION('',(0.,0.,1.));
#17520 = ORIENTED_EDGE('',*,*,#3263,.F.);
#17521 = CYLINDRICAL_SURFACE('',#17522,0.500001333575);
#17522 = AXIS2_PLACEMENT_3D('',#17523,#17524,#17525);
#17523 = CARTESIAN_POINT('',(179.72500133357,-91.38750133357,0.));
#17524 = DIRECTION('',(-0.,-0.,-1.));
#17525 = DIRECTION('',(-2.667139191043E-06,0.999999999996,0.));
#17526 = ADVANCED_FACE('',(#17527),#17538,.T.);
#17527 = FACE_BOUND('',#17528,.T.);
#17528 = EDGE_LOOP('',(#17529,#17535,#17536,#17537));
#17529 = ORIENTED_EDGE('',*,*,#17530,.T.);
#17530 = EDGE_CURVE('',#3275,#8934,#17531,.T.);
#17531 = LINE('',#17532,#17533);
#17532 = CARTESIAN_POINT('',(192.725,-90.8875,0.));
#17533 = VECTOR('',#17534,1.);
#17534 = DIRECTION('',(0.,0.,1.));
#17535 = ORIENTED_EDGE('',*,*,#8933,.T.);
#17536 = ORIENTED_EDGE('',*,*,#17508,.F.);
#17537 = ORIENTED_EDGE('',*,*,#3274,.F.);
#17538 = PLANE('',#17539);
#17539 = AXIS2_PLACEMENT_3D('',#17540,#17541,#17542);
#17540 = CARTESIAN_POINT('',(192.725,-90.8875,0.));
#17541 = DIRECTION('',(0.,-1.,0.));
#17542 = DIRECTION('',(-1.,0.,0.));
#17543 = ADVANCED_FACE('',(#17544),#17555,.T.);
#17544 = FACE_BOUND('',#17545,.T.);
#17545 = EDGE_LOOP('',(#17546,#17547,#17548,#17554));
#17546 = ORIENTED_EDGE('',*,*,#17515,.T.);
#17547 = ORIENTED_EDGE('',*,*,#8984,.T.);
#17548 = ORIENTED_EDGE('',*,*,#17549,.F.);
#17549 = EDGE_CURVE('',#3317,#8976,#17550,.T.);
#17550 = LINE('',#17551,#17552);
#17551 = CARTESIAN_POINT('',(179.225,-104.3875,0.));
#17552 = VECTOR('',#17553,1.);
#17553 = DIRECTION('',(0.,0.,1.));
#17554 = ORIENTED_EDGE('',*,*,#3325,.F.);
#17555 = PLANE('',#17556);
#17556 = AXIS2_PLACEMENT_3D('',#17557,#17558,#17559);
#17557 = CARTESIAN_POINT('',(179.225,-91.3875,0.));
#17558 = DIRECTION('',(1.,0.,-0.));
#17559 = DIRECTION('',(0.,-1.,0.));
#17560 = ADVANCED_FACE('',(#17561),#17572,.F.);
#17561 = FACE_BOUND('',#17562,.T.);
#17562 = EDGE_LOOP('',(#17563,#17569,#17570,#17571));
#17563 = ORIENTED_EDGE('',*,*,#17564,.T.);
#17564 = EDGE_CURVE('',#3283,#8942,#17565,.T.);
#17565 = LINE('',#17566,#17567);
#17566 = CARTESIAN_POINT('',(193.225,-91.3875,0.));
#17567 = VECTOR('',#17568,1.);
#17568 = DIRECTION('',(0.,0.,1.));
#17569 = ORIENTED_EDGE('',*,*,#8941,.T.);
#17570 = ORIENTED_EDGE('',*,*,#17530,.F.);
#17571 = ORIENTED_EDGE('',*,*,#3282,.F.);
#17572 = CYLINDRICAL_SURFACE('',#17573,0.500001333575);
#17573 = AXIS2_PLACEMENT_3D('',#17574,#17575,#17576);
#17574 = CARTESIAN_POINT('',(192.72499866642,-91.38750133357,0.));
#17575 = DIRECTION('',(-0.,-0.,-1.));
#17576 = DIRECTION('',(0.999999999996,2.667139134199E-06,-0.));
#17577 = ADVANCED_FACE('',(#17578),#17589,.F.);
#17578 = FACE_BOUND('',#17579,.T.);
#17579 = EDGE_LOOP('',(#17580,#17581,#17582,#17588));
#17580 = ORIENTED_EDGE('',*,*,#17549,.T.);
#17581 = ORIENTED_EDGE('',*,*,#8975,.T.);
#17582 = ORIENTED_EDGE('',*,*,#17583,.F.);
#17583 = EDGE_CURVE('',#3309,#8968,#17584,.T.);
#17584 = LINE('',#17585,#17586);
#17585 = CARTESIAN_POINT('',(179.725,-104.8875,0.));
#17586 = VECTOR('',#17587,1.);
#17587 = DIRECTION('',(0.,0.,1.));
#17588 = ORIENTED_EDGE('',*,*,#3316,.F.);
#17589 = CYLINDRICAL_SURFACE('',#17590,0.500001333575);
#17590 = AXIS2_PLACEMENT_3D('',#17591,#17592,#17593);
#17591 = CARTESIAN_POINT('',(179.72500133357,-104.3874986664,0.));
#17592 = DIRECTION('',(-0.,-0.,-1.));
#17593 = DIRECTION('',(-0.999999999996,-2.667139191042E-06,0.));
#17594 = ADVANCED_FACE('',(#17595),#17606,.T.);
#17595 = FACE_BOUND('',#17596,.T.);
#17596 = EDGE_LOOP('',(#17597,#17603,#17604,#17605));
#17597 = ORIENTED_EDGE('',*,*,#17598,.T.);
#17598 = EDGE_CURVE('',#3292,#8951,#17599,.T.);
#17599 = LINE('',#17600,#17601);
#17600 = CARTESIAN_POINT('',(193.225,-104.3875,0.));
#17601 = VECTOR('',#17602,1.);
#17602 = DIRECTION('',(0.,0.,1.));
#17603 = ORIENTED_EDGE('',*,*,#8950,.T.);
#17604 = ORIENTED_EDGE('',*,*,#17564,.F.);
#17605 = ORIENTED_EDGE('',*,*,#3291,.F.);
#17606 = PLANE('',#17607);
#17607 = AXIS2_PLACEMENT_3D('',#17608,#17609,#17610);
#17608 = CARTESIAN_POINT('',(193.225,-104.3875,0.));
#17609 = DIRECTION('',(-1.,0.,0.));
#17610 = DIRECTION('',(0.,1.,0.));
#17611 = ADVANCED_FACE('',(#17612),#17623,.T.);
#17612 = FACE_BOUND('',#17613,.T.);
#17613 = EDGE_LOOP('',(#17614,#17615,#17616,#17622));
#17614 = ORIENTED_EDGE('',*,*,#17583,.T.);
#17615 = ORIENTED_EDGE('',*,*,#8967,.T.);
#17616 = ORIENTED_EDGE('',*,*,#17617,.F.);
#17617 = EDGE_CURVE('',#3300,#8959,#17618,.T.);
#17618 = LINE('',#17619,#17620);
#17619 = CARTESIAN_POINT('',(192.725,-104.8875,0.));
#17620 = VECTOR('',#17621,1.);
#17621 = DIRECTION('',(0.,0.,1.));
#17622 = ORIENTED_EDGE('',*,*,#3308,.F.);
#17623 = PLANE('',#17624);
#17624 = AXIS2_PLACEMENT_3D('',#17625,#17626,#17627);
#17625 = CARTESIAN_POINT('',(179.725,-104.8875,0.));
#17626 = DIRECTION('',(0.,1.,0.));
#17627 = DIRECTION('',(1.,0.,0.));
#17628 = ADVANCED_FACE('',(#17629),#17635,.F.);
#17629 = FACE_BOUND('',#17630,.T.);
#17630 = EDGE_LOOP('',(#17631,#17632,#17633,#17634));
#17631 = ORIENTED_EDGE('',*,*,#17617,.T.);
#17632 = ORIENTED_EDGE('',*,*,#8958,.T.);
#17633 = ORIENTED_EDGE('',*,*,#17598,.F.);
#17634 = ORIENTED_EDGE('',*,*,#3299,.F.);
#17635 = CYLINDRICAL_SURFACE('',#17636,0.500001333575);
#17636 = AXIS2_PLACEMENT_3D('',#17637,#17638,#17639);
#17637 = CARTESIAN_POINT('',(192.72499866642,-104.3874986664,0.));
#17638 = DIRECTION('',(-0.,-0.,-1.));
#17639 = DIRECTION('',(2.667139247886E-06,-0.999999999996,0.));
#17640 = ADVANCED_FACE('',(#17641),#17657,.F.);
#17641 = FACE_BOUND('',#17642,.T.);
#17642 = EDGE_LOOP('',(#17643,#17649,#17650,#17656));
#17643 = ORIENTED_EDGE('',*,*,#17644,.T.);
#17644 = EDGE_CURVE('',#3334,#8993,#17645,.T.);
#17645 = LINE('',#17646,#17647);
#17646 = CARTESIAN_POINT('',(198.825,-90.8875,0.));
#17647 = VECTOR('',#17648,1.);
#17648 = DIRECTION('',(0.,0.,1.));
#17649 = ORIENTED_EDGE('',*,*,#8992,.T.);
#17650 = ORIENTED_EDGE('',*,*,#17651,.F.);
#17651 = EDGE_CURVE('',#3336,#8995,#17652,.T.);
#17652 = LINE('',#17653,#17654);
#17653 = CARTESIAN_POINT('',(198.325,-91.3875,0.));
#17654 = VECTOR('',#17655,1.);
#17655 = DIRECTION('',(0.,0.,1.));
#17656 = ORIENTED_EDGE('',*,*,#3333,.F.);
#17657 = CYLINDRICAL_SURFACE('',#17658,0.500001333575);
#17658 = AXIS2_PLACEMENT_3D('',#17659,#17660,#17661);
#17659 = CARTESIAN_POINT('',(198.82500133357,-91.38750133357,0.));
#17660 = DIRECTION('',(-0.,-0.,-1.));
#17661 = DIRECTION('',(-2.667139247886E-06,0.999999999996,0.));
#17662 = ADVANCED_FACE('',(#17663),#17674,.T.);
#17663 = FACE_BOUND('',#17664,.T.);
#17664 = EDGE_LOOP('',(#17665,#17671,#17672,#17673));
#17665 = ORIENTED_EDGE('',*,*,#17666,.T.);
#17666 = EDGE_CURVE('',#3345,#9004,#17667,.T.);
#17667 = LINE('',#17668,#17669);
#17668 = CARTESIAN_POINT('',(211.825,-90.8875,0.));
#17669 = VECTOR('',#17670,1.);
#17670 = DIRECTION('',(0.,0.,1.));
#17671 = ORIENTED_EDGE('',*,*,#9003,.T.);
#17672 = ORIENTED_EDGE('',*,*,#17644,.F.);
#17673 = ORIENTED_EDGE('',*,*,#3344,.F.);
#17674 = PLANE('',#17675);
#17675 = AXIS2_PLACEMENT_3D('',#17676,#17677,#17678);
#17676 = CARTESIAN_POINT('',(211.825,-90.8875,0.));
#17677 = DIRECTION('',(0.,-1.,0.));
#17678 = DIRECTION('',(-1.,0.,0.));
#17679 = ADVANCED_FACE('',(#17680),#17691,.T.);
#17680 = FACE_BOUND('',#17681,.T.);
#17681 = EDGE_LOOP('',(#17682,#17683,#17684,#17690));
#17682 = ORIENTED_EDGE('',*,*,#17651,.T.);
#17683 = ORIENTED_EDGE('',*,*,#9054,.T.);
#17684 = ORIENTED_EDGE('',*,*,#17685,.F.);
#17685 = EDGE_CURVE('',#3387,#9046,#17686,.T.);
#17686 = LINE('',#17687,#17688);
#17687 = CARTESIAN_POINT('',(198.325,-104.3875,0.));
#17688 = VECTOR('',#17689,1.);
#17689 = DIRECTION('',(0.,0.,1.));
#17690 = ORIENTED_EDGE('',*,*,#3395,.F.);
#17691 = PLANE('',#17692);
#17692 = AXIS2_PLACEMENT_3D('',#17693,#17694,#17695);
#17693 = CARTESIAN_POINT('',(198.325,-91.3875,0.));
#17694 = DIRECTION('',(1.,0.,-0.));
#17695 = DIRECTION('',(0.,-1.,0.));
#17696 = ADVANCED_FACE('',(#17697),#17708,.F.);
#17697 = FACE_BOUND('',#17698,.T.);
#17698 = EDGE_LOOP('',(#17699,#17705,#17706,#17707));
#17699 = ORIENTED_EDGE('',*,*,#17700,.T.);
#17700 = EDGE_CURVE('',#3353,#9012,#17701,.T.);
#17701 = LINE('',#17702,#17703);
#17702 = CARTESIAN_POINT('',(212.325,-91.3875,0.));
#17703 = VECTOR('',#17704,1.);
#17704 = DIRECTION('',(0.,0.,1.));
#17705 = ORIENTED_EDGE('',*,*,#9011,.T.);
#17706 = ORIENTED_EDGE('',*,*,#17666,.F.);
#17707 = ORIENTED_EDGE('',*,*,#3352,.F.);
#17708 = CYLINDRICAL_SURFACE('',#17709,0.500001333575);
#17709 = AXIS2_PLACEMENT_3D('',#17710,#17711,#17712);
#17710 = CARTESIAN_POINT('',(211.82499866642,-91.38750133357,0.));
#17711 = DIRECTION('',(-0.,-0.,-1.));
#17712 = DIRECTION('',(0.999999999996,2.667139134199E-06,-0.));
#17713 = ADVANCED_FACE('',(#17714),#17725,.F.);
#17714 = FACE_BOUND('',#17715,.T.);
#17715 = EDGE_LOOP('',(#17716,#17717,#17718,#17724));
#17716 = ORIENTED_EDGE('',*,*,#17685,.T.);
#17717 = ORIENTED_EDGE('',*,*,#9045,.T.);
#17718 = ORIENTED_EDGE('',*,*,#17719,.F.);
#17719 = EDGE_CURVE('',#3379,#9038,#17720,.T.);
#17720 = LINE('',#17721,#17722);
#17721 = CARTESIAN_POINT('',(198.825,-104.8875,0.));
#17722 = VECTOR('',#17723,1.);
#17723 = DIRECTION('',(0.,0.,1.));
#17724 = ORIENTED_EDGE('',*,*,#3386,.F.);
#17725 = CYLINDRICAL_SURFACE('',#17726,0.500001333575);
#17726 = AXIS2_PLACEMENT_3D('',#17727,#17728,#17729);
#17727 = CARTESIAN_POINT('',(198.82500133357,-104.3874986664,0.));
#17728 = DIRECTION('',(-0.,-0.,-1.));
#17729 = DIRECTION('',(-0.999999999996,-2.667139276307E-06,0.));
#17730 = ADVANCED_FACE('',(#17731),#17742,.T.);
#17731 = FACE_BOUND('',#17732,.T.);
#17732 = EDGE_LOOP('',(#17733,#17739,#17740,#17741));
#17733 = ORIENTED_EDGE('',*,*,#17734,.T.);
#17734 = EDGE_CURVE('',#3362,#9021,#17735,.T.);
#17735 = LINE('',#17736,#17737);
#17736 = CARTESIAN_POINT('',(212.325,-104.3875,0.));
#17737 = VECTOR('',#17738,1.);
#17738 = DIRECTION('',(0.,0.,1.));
#17739 = ORIENTED_EDGE('',*,*,#9020,.T.);
#17740 = ORIENTED_EDGE('',*,*,#17700,.F.);
#17741 = ORIENTED_EDGE('',*,*,#3361,.F.);
#17742 = PLANE('',#17743);
#17743 = AXIS2_PLACEMENT_3D('',#17744,#17745,#17746);
#17744 = CARTESIAN_POINT('',(212.325,-104.3875,0.));
#17745 = DIRECTION('',(-1.,0.,0.));
#17746 = DIRECTION('',(0.,1.,0.));
#17747 = ADVANCED_FACE('',(#17748),#17759,.T.);
#17748 = FACE_BOUND('',#17749,.T.);
#17749 = EDGE_LOOP('',(#17750,#17751,#17752,#17758));
#17750 = ORIENTED_EDGE('',*,*,#17719,.T.);
#17751 = ORIENTED_EDGE('',*,*,#9037,.T.);
#17752 = ORIENTED_EDGE('',*,*,#17753,.F.);
#17753 = EDGE_CURVE('',#3370,#9029,#17754,.T.);
#17754 = LINE('',#17755,#17756);
#17755 = CARTESIAN_POINT('',(211.825,-104.8875,0.));
#17756 = VECTOR('',#17757,1.);
#17757 = DIRECTION('',(0.,0.,1.));
#17758 = ORIENTED_EDGE('',*,*,#3378,.F.);
#17759 = PLANE('',#17760);
#17760 = AXIS2_PLACEMENT_3D('',#17761,#17762,#17763);
#17761 = CARTESIAN_POINT('',(198.825,-104.8875,0.));
#17762 = DIRECTION('',(0.,1.,0.));
#17763 = DIRECTION('',(1.,0.,0.));
#17764 = ADVANCED_FACE('',(#17765),#17771,.F.);
#17765 = FACE_BOUND('',#17766,.T.);
#17766 = EDGE_LOOP('',(#17767,#17768,#17769,#17770));
#17767 = ORIENTED_EDGE('',*,*,#17753,.T.);
#17768 = ORIENTED_EDGE('',*,*,#9028,.T.);
#17769 = ORIENTED_EDGE('',*,*,#17734,.F.);
#17770 = ORIENTED_EDGE('',*,*,#3369,.F.);
#17771 = CYLINDRICAL_SURFACE('',#17772,0.500001333575);
#17772 = AXIS2_PLACEMENT_3D('',#17773,#17774,#17775);
#17773 = CARTESIAN_POINT('',(211.82499866642,-104.3874986664,0.));
#17774 = DIRECTION('',(-0.,-0.,-1.));
#17775 = DIRECTION('',(2.667139191042E-06,-0.999999999996,0.));
#17776 = ADVANCED_FACE('',(#17777),#17793,.F.);
#17777 = FACE_BOUND('',#17778,.T.);
#17778 = EDGE_LOOP('',(#17779,#17785,#17786,#17792));
#17779 = ORIENTED_EDGE('',*,*,#17780,.T.);
#17780 = EDGE_CURVE('',#3404,#9063,#17781,.T.);
#17781 = LINE('',#17782,#17783);
#17782 = CARTESIAN_POINT('',(55.575,-71.7875,0.));
#17783 = VECTOR('',#17784,1.);
#17784 = DIRECTION('',(0.,0.,1.));
#17785 = ORIENTED_EDGE('',*,*,#9062,.T.);
#17786 = ORIENTED_EDGE('',*,*,#17787,.F.);
#17787 = EDGE_CURVE('',#3406,#9065,#17788,.T.);
#17788 = LINE('',#17789,#17790);
#17789 = CARTESIAN_POINT('',(55.075,-72.2875,0.));
#17790 = VECTOR('',#17791,1.);
#17791 = DIRECTION('',(0.,0.,1.));
#17792 = ORIENTED_EDGE('',*,*,#3403,.F.);
#17793 = CYLINDRICAL_SURFACE('',#17794,0.500001333575);
#17794 = AXIS2_PLACEMENT_3D('',#17795,#17796,#17797);
#17795 = CARTESIAN_POINT('',(55.575001333573,-72.28750133357,0.));
#17796 = DIRECTION('',(-0.,-0.,-1.));
#17797 = DIRECTION('',(-2.667139191042E-06,0.999999999996,0.));
#17798 = ADVANCED_FACE('',(#17799),#17810,.T.);
#17799 = FACE_BOUND('',#17800,.T.);
#17800 = EDGE_LOOP('',(#17801,#17807,#17808,#17809));
#17801 = ORIENTED_EDGE('',*,*,#17802,.T.);
#17802 = EDGE_CURVE('',#3415,#9074,#17803,.T.);
#17803 = LINE('',#17804,#17805);
#17804 = CARTESIAN_POINT('',(68.575,-71.7875,0.));
#17805 = VECTOR('',#17806,1.);
#17806 = DIRECTION('',(0.,0.,1.));
#17807 = ORIENTED_EDGE('',*,*,#9073,.T.);
#17808 = ORIENTED_EDGE('',*,*,#17780,.F.);
#17809 = ORIENTED_EDGE('',*,*,#3414,.F.);
#17810 = PLANE('',#17811);
#17811 = AXIS2_PLACEMENT_3D('',#17812,#17813,#17814);
#17812 = CARTESIAN_POINT('',(68.575,-71.7875,0.));
#17813 = DIRECTION('',(0.,-1.,0.));
#17814 = DIRECTION('',(-1.,0.,0.));
#17815 = ADVANCED_FACE('',(#17816),#17827,.T.);
#17816 = FACE_BOUND('',#17817,.T.);
#17817 = EDGE_LOOP('',(#17818,#17819,#17820,#17826));
#17818 = ORIENTED_EDGE('',*,*,#17787,.T.);
#17819 = ORIENTED_EDGE('',*,*,#9124,.T.);
#17820 = ORIENTED_EDGE('',*,*,#17821,.F.);
#17821 = EDGE_CURVE('',#3457,#9116,#17822,.T.);
#17822 = LINE('',#17823,#17824);
#17823 = CARTESIAN_POINT('',(55.075,-85.2875,0.));
#17824 = VECTOR('',#17825,1.);
#17825 = DIRECTION('',(0.,0.,1.));
#17826 = ORIENTED_EDGE('',*,*,#3465,.F.);
#17827 = PLANE('',#17828);
#17828 = AXIS2_PLACEMENT_3D('',#17829,#17830,#17831);
#17829 = CARTESIAN_POINT('',(55.075,-72.2875,0.));
#17830 = DIRECTION('',(1.,0.,-0.));
#17831 = DIRECTION('',(0.,-1.,0.));
#17832 = ADVANCED_FACE('',(#17833),#17844,.F.);
#17833 = FACE_BOUND('',#17834,.T.);
#17834 = EDGE_LOOP('',(#17835,#17841,#17842,#17843));
#17835 = ORIENTED_EDGE('',*,*,#17836,.T.);
#17836 = EDGE_CURVE('',#3423,#9082,#17837,.T.);
#17837 = LINE('',#17838,#17839);
#17838 = CARTESIAN_POINT('',(69.075,-72.2875,0.));
#17839 = VECTOR('',#17840,1.);
#17840 = DIRECTION('',(0.,0.,1.));
#17841 = ORIENTED_EDGE('',*,*,#9081,.T.);
#17842 = ORIENTED_EDGE('',*,*,#17802,.F.);
#17843 = ORIENTED_EDGE('',*,*,#3422,.F.);
#17844 = CYLINDRICAL_SURFACE('',#17845,0.500001333575);
#17845 = AXIS2_PLACEMENT_3D('',#17846,#17847,#17848);
#17846 = CARTESIAN_POINT('',(68.574998666427,-72.28750133357,0.));
#17847 = DIRECTION('',(-0.,-0.,-1.));
#17848 = DIRECTION('',(0.999999999996,2.667139247886E-06,-0.));
#17849 = ADVANCED_FACE('',(#17850),#17861,.F.);
#17850 = FACE_BOUND('',#17851,.T.);
#17851 = EDGE_LOOP('',(#17852,#17853,#17854,#17860));
#17852 = ORIENTED_EDGE('',*,*,#17821,.T.);
#17853 = ORIENTED_EDGE('',*,*,#9115,.T.);
#17854 = ORIENTED_EDGE('',*,*,#17855,.F.);
#17855 = EDGE_CURVE('',#3449,#9108,#17856,.T.);
#17856 = LINE('',#17857,#17858);
#17857 = CARTESIAN_POINT('',(55.575,-85.7875,0.));
#17858 = VECTOR('',#17859,1.);
#17859 = DIRECTION('',(0.,0.,1.));
#17860 = ORIENTED_EDGE('',*,*,#3456,.F.);
#17861 = CYLINDRICAL_SURFACE('',#17862,0.500001333575);
#17862 = AXIS2_PLACEMENT_3D('',#17863,#17864,#17865);
#17863 = CARTESIAN_POINT('',(55.575001333573,-85.28749866642,0.));
#17864 = DIRECTION('',(-0.,-0.,-1.));
#17865 = DIRECTION('',(-0.999999999996,-2.667139134199E-06,0.));
#17866 = ADVANCED_FACE('',(#17867),#17878,.T.);
#17867 = FACE_BOUND('',#17868,.T.);
#17868 = EDGE_LOOP('',(#17869,#17875,#17876,#17877));
#17869 = ORIENTED_EDGE('',*,*,#17870,.T.);
#17870 = EDGE_CURVE('',#3432,#9091,#17871,.T.);
#17871 = LINE('',#17872,#17873);
#17872 = CARTESIAN_POINT('',(69.075,-85.2875,0.));
#17873 = VECTOR('',#17874,1.);
#17874 = DIRECTION('',(0.,0.,1.));
#17875 = ORIENTED_EDGE('',*,*,#9090,.T.);
#17876 = ORIENTED_EDGE('',*,*,#17836,.F.);
#17877 = ORIENTED_EDGE('',*,*,#3431,.F.);
#17878 = PLANE('',#17879);
#17879 = AXIS2_PLACEMENT_3D('',#17880,#17881,#17882);
#17880 = CARTESIAN_POINT('',(69.075,-85.2875,0.));
#17881 = DIRECTION('',(-1.,0.,0.));
#17882 = DIRECTION('',(0.,1.,0.));
#17883 = ADVANCED_FACE('',(#17884),#17895,.T.);
#17884 = FACE_BOUND('',#17885,.T.);
#17885 = EDGE_LOOP('',(#17886,#17887,#17888,#17894));
#17886 = ORIENTED_EDGE('',*,*,#17855,.T.);
#17887 = ORIENTED_EDGE('',*,*,#9107,.T.);
#17888 = ORIENTED_EDGE('',*,*,#17889,.F.);
#17889 = EDGE_CURVE('',#3440,#9099,#17890,.T.);
#17890 = LINE('',#17891,#17892);
#17891 = CARTESIAN_POINT('',(68.575,-85.7875,0.));
#17892 = VECTOR('',#17893,1.);
#17893 = DIRECTION('',(0.,0.,1.));
#17894 = ORIENTED_EDGE('',*,*,#3448,.F.);
#17895 = PLANE('',#17896);
#17896 = AXIS2_PLACEMENT_3D('',#17897,#17898,#17899);
#17897 = CARTESIAN_POINT('',(55.575,-85.7875,0.));
#17898 = DIRECTION('',(0.,1.,0.));
#17899 = DIRECTION('',(1.,0.,0.));
#17900 = ADVANCED_FACE('',(#17901),#17907,.F.);
#17901 = FACE_BOUND('',#17902,.T.);
#17902 = EDGE_LOOP('',(#17903,#17904,#17905,#17906));
#17903 = ORIENTED_EDGE('',*,*,#17889,.T.);
#17904 = ORIENTED_EDGE('',*,*,#9098,.T.);
#17905 = ORIENTED_EDGE('',*,*,#17870,.F.);
#17906 = ORIENTED_EDGE('',*,*,#3439,.F.);
#17907 = CYLINDRICAL_SURFACE('',#17908,0.500001333575);
#17908 = AXIS2_PLACEMENT_3D('',#17909,#17910,#17911);
#17909 = CARTESIAN_POINT('',(68.574998666427,-85.28749866642,0.));
#17910 = DIRECTION('',(-0.,-0.,-1.));
#17911 = DIRECTION('',(2.667139191042E-06,-0.999999999996,0.));
#17912 = ADVANCED_FACE('',(#17913),#17929,.F.);
#17913 = FACE_BOUND('',#17914,.T.);
#17914 = EDGE_LOOP('',(#17915,#17921,#17922,#17928));
#17915 = ORIENTED_EDGE('',*,*,#17916,.T.);
#17916 = EDGE_CURVE('',#3474,#9133,#17917,.T.);
#17917 = LINE('',#17918,#17919);
#17918 = CARTESIAN_POINT('',(74.675,-71.7875,0.));
#17919 = VECTOR('',#17920,1.);
#17920 = DIRECTION('',(0.,0.,1.));
#17921 = ORIENTED_EDGE('',*,*,#9132,.T.);
#17922 = ORIENTED_EDGE('',*,*,#17923,.F.);
#17923 = EDGE_CURVE('',#3476,#9135,#17924,.T.);
#17924 = LINE('',#17925,#17926);
#17925 = CARTESIAN_POINT('',(74.175,-72.2875,0.));
#17926 = VECTOR('',#17927,1.);
#17927 = DIRECTION('',(0.,0.,1.));
#17928 = ORIENTED_EDGE('',*,*,#3473,.F.);
#17929 = CYLINDRICAL_SURFACE('',#17930,0.500001333575);
#17930 = AXIS2_PLACEMENT_3D('',#17931,#17932,#17933);
#17931 = CARTESIAN_POINT('',(74.675001333573,-72.28750133357,0.));
#17932 = DIRECTION('',(-0.,-0.,-1.));
#17933 = DIRECTION('',(-2.667139219464E-06,0.999999999996,0.));
#17934 = ADVANCED_FACE('',(#17935),#17946,.T.);
#17935 = FACE_BOUND('',#17936,.T.);
#17936 = EDGE_LOOP('',(#17937,#17943,#17944,#17945));
#17937 = ORIENTED_EDGE('',*,*,#17938,.T.);
#17938 = EDGE_CURVE('',#3485,#9144,#17939,.T.);
#17939 = LINE('',#17940,#17941);
#17940 = CARTESIAN_POINT('',(87.675,-71.7875,0.));
#17941 = VECTOR('',#17942,1.);
#17942 = DIRECTION('',(0.,0.,1.));
#17943 = ORIENTED_EDGE('',*,*,#9143,.T.);
#17944 = ORIENTED_EDGE('',*,*,#17916,.F.);
#17945 = ORIENTED_EDGE('',*,*,#3484,.F.);
#17946 = PLANE('',#17947);
#17947 = AXIS2_PLACEMENT_3D('',#17948,#17949,#17950);
#17948 = CARTESIAN_POINT('',(87.675,-71.7875,0.));
#17949 = DIRECTION('',(0.,-1.,0.));
#17950 = DIRECTION('',(-1.,0.,0.));
#17951 = ADVANCED_FACE('',(#17952),#17963,.T.);
#17952 = FACE_BOUND('',#17953,.T.);
#17953 = EDGE_LOOP('',(#17954,#17955,#17956,#17962));
#17954 = ORIENTED_EDGE('',*,*,#17923,.T.);
#17955 = ORIENTED_EDGE('',*,*,#9194,.T.);
#17956 = ORIENTED_EDGE('',*,*,#17957,.F.);
#17957 = EDGE_CURVE('',#3527,#9186,#17958,.T.);
#17958 = LINE('',#17959,#17960);
#17959 = CARTESIAN_POINT('',(74.175,-85.2875,0.));
#17960 = VECTOR('',#17961,1.);
#17961 = DIRECTION('',(0.,0.,1.));
#17962 = ORIENTED_EDGE('',*,*,#3535,.F.);
#17963 = PLANE('',#17964);
#17964 = AXIS2_PLACEMENT_3D('',#17965,#17966,#17967);
#17965 = CARTESIAN_POINT('',(74.175,-72.2875,0.));
#17966 = DIRECTION('',(1.,0.,-0.));
#17967 = DIRECTION('',(0.,-1.,0.));
#17968 = ADVANCED_FACE('',(#17969),#17980,.F.);
#17969 = FACE_BOUND('',#17970,.T.);
#17970 = EDGE_LOOP('',(#17971,#17977,#17978,#17979));
#17971 = ORIENTED_EDGE('',*,*,#17972,.T.);
#17972 = EDGE_CURVE('',#3493,#9152,#17973,.T.);
#17973 = LINE('',#17974,#17975);
#17974 = CARTESIAN_POINT('',(88.175,-72.2875,0.));
#17975 = VECTOR('',#17976,1.);
#17976 = DIRECTION('',(0.,0.,1.));
#17977 = ORIENTED_EDGE('',*,*,#9151,.T.);
#17978 = ORIENTED_EDGE('',*,*,#17938,.F.);
#17979 = ORIENTED_EDGE('',*,*,#3492,.F.);
#17980 = CYLINDRICAL_SURFACE('',#17981,0.500001333575);
#17981 = AXIS2_PLACEMENT_3D('',#17982,#17983,#17984);
#17982 = CARTESIAN_POINT('',(87.674998666427,-72.28750133357,0.));
#17983 = DIRECTION('',(-0.,-0.,-1.));
#17984 = DIRECTION('',(0.999999999996,2.667139219464E-06,-0.));
#17985 = ADVANCED_FACE('',(#17986),#17997,.F.);
#17986 = FACE_BOUND('',#17987,.T.);
#17987 = EDGE_LOOP('',(#17988,#17989,#17990,#17996));
#17988 = ORIENTED_EDGE('',*,*,#17957,.T.);
#17989 = ORIENTED_EDGE('',*,*,#9185,.T.);
#17990 = ORIENTED_EDGE('',*,*,#17991,.F.);
#17991 = EDGE_CURVE('',#3519,#9178,#17992,.T.);
#17992 = LINE('',#17993,#17994);
#17993 = CARTESIAN_POINT('',(74.675,-85.7875,0.));
#17994 = VECTOR('',#17995,1.);
#17995 = DIRECTION('',(0.,0.,1.));
#17996 = ORIENTED_EDGE('',*,*,#3526,.F.);
#17997 = CYLINDRICAL_SURFACE('',#17998,0.500001333575);
#17998 = AXIS2_PLACEMENT_3D('',#17999,#18000,#18001);
#17999 = CARTESIAN_POINT('',(74.675001333573,-85.28749866642,0.));
#18000 = DIRECTION('',(-0.,-0.,-1.));
#18001 = DIRECTION('',(-0.999999999996,-2.667139191042E-06,0.));
#18002 = ADVANCED_FACE('',(#18003),#18014,.T.);
#18003 = FACE_BOUND('',#18004,.T.);
#18004 = EDGE_LOOP('',(#18005,#18011,#18012,#18013));
#18005 = ORIENTED_EDGE('',*,*,#18006,.T.);
#18006 = EDGE_CURVE('',#3502,#9161,#18007,.T.);
#18007 = LINE('',#18008,#18009);
#18008 = CARTESIAN_POINT('',(88.175,-85.2875,0.));
#18009 = VECTOR('',#18010,1.);
#18010 = DIRECTION('',(0.,0.,1.));
#18011 = ORIENTED_EDGE('',*,*,#9160,.T.);
#18012 = ORIENTED_EDGE('',*,*,#17972,.F.);
#18013 = ORIENTED_EDGE('',*,*,#3501,.F.);
#18014 = PLANE('',#18015);
#18015 = AXIS2_PLACEMENT_3D('',#18016,#18017,#18018);
#18016 = CARTESIAN_POINT('',(88.175,-85.2875,0.));
#18017 = DIRECTION('',(-1.,0.,0.));
#18018 = DIRECTION('',(0.,1.,0.));
#18019 = ADVANCED_FACE('',(#18020),#18031,.T.);
#18020 = FACE_BOUND('',#18021,.T.);
#18021 = EDGE_LOOP('',(#18022,#18023,#18024,#18030));
#18022 = ORIENTED_EDGE('',*,*,#17991,.T.);
#18023 = ORIENTED_EDGE('',*,*,#9177,.T.);
#18024 = ORIENTED_EDGE('',*,*,#18025,.F.);
#18025 = EDGE_CURVE('',#3510,#9169,#18026,.T.);
#18026 = LINE('',#18027,#18028);
#18027 = CARTESIAN_POINT('',(87.675,-85.7875,0.));
#18028 = VECTOR('',#18029,1.);
#18029 = DIRECTION('',(0.,0.,1.));
#18030 = ORIENTED_EDGE('',*,*,#3518,.F.);
#18031 = PLANE('',#18032);
#18032 = AXIS2_PLACEMENT_3D('',#18033,#18034,#18035);
#18033 = CARTESIAN_POINT('',(74.675,-85.7875,0.));
#18034 = DIRECTION('',(0.,1.,0.));
#18035 = DIRECTION('',(1.,0.,0.));
#18036 = ADVANCED_FACE('',(#18037),#18043,.F.);
#18037 = FACE_BOUND('',#18038,.T.);
#18038 = EDGE_LOOP('',(#18039,#18040,#18041,#18042));
#18039 = ORIENTED_EDGE('',*,*,#18025,.T.);
#18040 = ORIENTED_EDGE('',*,*,#9168,.T.);
#18041 = ORIENTED_EDGE('',*,*,#18006,.F.);
#18042 = ORIENTED_EDGE('',*,*,#3509,.F.);
#18043 = CYLINDRICAL_SURFACE('',#18044,0.500001333575);
#18044 = AXIS2_PLACEMENT_3D('',#18045,#18046,#18047);
#18045 = CARTESIAN_POINT('',(87.674998666427,-85.28749866642,0.));
#18046 = DIRECTION('',(-0.,-0.,-1.));
#18047 = DIRECTION('',(2.667139134199E-06,-0.999999999996,0.));
#18048 = ADVANCED_FACE('',(#18049),#18060,.F.);
#18049 = FACE_BOUND('',#18050,.T.);
#18050 = EDGE_LOOP('',(#18051,#18052,#18058,#18059));
#18051 = ORIENTED_EDGE('',*,*,#3543,.T.);
#18052 = ORIENTED_EDGE('',*,*,#18053,.T.);
#18053 = EDGE_CURVE('',#3544,#9203,#18054,.T.);
#18054 = LINE('',#18055,#18056);
#18055 = CARTESIAN_POINT('',(50.1375,-75.6125,-4.5E-02));
#18056 = VECTOR('',#18057,1.);
#18057 = DIRECTION('',(0.,0.,1.));
#18058 = ORIENTED_EDGE('',*,*,#9202,.F.);
#18059 = ORIENTED_EDGE('',*,*,#18053,.F.);
#18060 = CYLINDRICAL_SURFACE('',#18061,1.6);
#18061 = AXIS2_PLACEMENT_3D('',#18062,#18063,#18064);
#18062 = CARTESIAN_POINT('',(50.1375,-74.0125,-4.5E-02));
#18063 = DIRECTION('',(-0.,-0.,-1.));
#18064 = DIRECTION('',(-0.,-1.,0.));
#18065 = ADVANCED_FACE('',(#18066),#18082,.F.);
#18066 = FACE_BOUND('',#18067,.T.);
#18067 = EDGE_LOOP('',(#18068,#18074,#18075,#18081));
#18068 = ORIENTED_EDGE('',*,*,#18069,.T.);
#18069 = EDGE_CURVE('',#3555,#9214,#18070,.T.);
#18070 = LINE('',#18071,#18072);
#18071 = CARTESIAN_POINT('',(93.775,-71.7875,0.));
#18072 = VECTOR('',#18073,1.);
#18073 = DIRECTION('',(0.,0.,1.));
#18074 = ORIENTED_EDGE('',*,*,#9213,.T.);
#18075 = ORIENTED_EDGE('',*,*,#18076,.F.);
#18076 = EDGE_CURVE('',#3557,#9216,#18077,.T.);
#18077 = LINE('',#18078,#18079);
#18078 = CARTESIAN_POINT('',(93.275,-72.2875,0.));
#18079 = VECTOR('',#18080,1.);
#18080 = DIRECTION('',(0.,0.,1.));
#18081 = ORIENTED_EDGE('',*,*,#3554,.F.);
#18082 = CYLINDRICAL_SURFACE('',#18083,0.500001333575);
#18083 = AXIS2_PLACEMENT_3D('',#18084,#18085,#18086);
#18084 = CARTESIAN_POINT('',(93.775001333573,-72.28750133357,0.));
#18085 = DIRECTION('',(-0.,-0.,-1.));
#18086 = DIRECTION('',(-2.667139191042E-06,0.999999999996,0.));
#18087 = ADVANCED_FACE('',(#18088),#18099,.T.);
#18088 = FACE_BOUND('',#18089,.T.);
#18089 = EDGE_LOOP('',(#18090,#18096,#18097,#18098));
#18090 = ORIENTED_EDGE('',*,*,#18091,.T.);
#18091 = EDGE_CURVE('',#3566,#9225,#18092,.T.);
#18092 = LINE('',#18093,#18094);
#18093 = CARTESIAN_POINT('',(106.775,-71.7875,0.));
#18094 = VECTOR('',#18095,1.);
#18095 = DIRECTION('',(0.,0.,1.));
#18096 = ORIENTED_EDGE('',*,*,#9224,.T.);
#18097 = ORIENTED_EDGE('',*,*,#18069,.F.);
#18098 = ORIENTED_EDGE('',*,*,#3565,.F.);
#18099 = PLANE('',#18100);
#18100 = AXIS2_PLACEMENT_3D('',#18101,#18102,#18103);
#18101 = CARTESIAN_POINT('',(106.775,-71.7875,0.));
#18102 = DIRECTION('',(0.,-1.,0.));
#18103 = DIRECTION('',(-1.,0.,0.));
#18104 = ADVANCED_FACE('',(#18105),#18116,.T.);
#18105 = FACE_BOUND('',#18106,.T.);
#18106 = EDGE_LOOP('',(#18107,#18108,#18109,#18115));
#18107 = ORIENTED_EDGE('',*,*,#18076,.T.);
#18108 = ORIENTED_EDGE('',*,*,#9275,.T.);
#18109 = ORIENTED_EDGE('',*,*,#18110,.F.);
#18110 = EDGE_CURVE('',#3608,#9267,#18111,.T.);
#18111 = LINE('',#18112,#18113);
#18112 = CARTESIAN_POINT('',(93.275,-85.2875,0.));
#18113 = VECTOR('',#18114,1.);
#18114 = DIRECTION('',(0.,0.,1.));
#18115 = ORIENTED_EDGE('',*,*,#3616,.F.);
#18116 = PLANE('',#18117);
#18117 = AXIS2_PLACEMENT_3D('',#18118,#18119,#18120);
#18118 = CARTESIAN_POINT('',(93.275,-72.2875,0.));
#18119 = DIRECTION('',(1.,0.,-0.));
#18120 = DIRECTION('',(0.,-1.,0.));
#18121 = ADVANCED_FACE('',(#18122),#18133,.F.);
#18122 = FACE_BOUND('',#18123,.T.);
#18123 = EDGE_LOOP('',(#18124,#18130,#18131,#18132));
#18124 = ORIENTED_EDGE('',*,*,#18125,.T.);
#18125 = EDGE_CURVE('',#3574,#9233,#18126,.T.);
#18126 = LINE('',#18127,#18128);
#18127 = CARTESIAN_POINT('',(107.275,-72.2875,0.));
#18128 = VECTOR('',#18129,1.);
#18129 = DIRECTION('',(0.,0.,1.));
#18130 = ORIENTED_EDGE('',*,*,#9232,.T.);
#18131 = ORIENTED_EDGE('',*,*,#18091,.F.);
#18132 = ORIENTED_EDGE('',*,*,#3573,.F.);
#18133 = CYLINDRICAL_SURFACE('',#18134,0.500001333575);
#18134 = AXIS2_PLACEMENT_3D('',#18135,#18136,#18137);
#18135 = CARTESIAN_POINT('',(106.77499866642,-72.28750133357,0.));
#18136 = DIRECTION('',(-0.,-0.,-1.));
#18137 = DIRECTION('',(0.999999999996,2.667139247886E-06,-0.));
#18138 = ADVANCED_FACE('',(#18139),#18150,.F.);
#18139 = FACE_BOUND('',#18140,.T.);
#18140 = EDGE_LOOP('',(#18141,#18142,#18143,#18149));
#18141 = ORIENTED_EDGE('',*,*,#18110,.T.);
#18142 = ORIENTED_EDGE('',*,*,#9266,.T.);
#18143 = ORIENTED_EDGE('',*,*,#18144,.F.);
#18144 = EDGE_CURVE('',#3600,#9259,#18145,.T.);
#18145 = LINE('',#18146,#18147);
#18146 = CARTESIAN_POINT('',(93.775,-85.7875,0.));
#18147 = VECTOR('',#18148,1.);
#18148 = DIRECTION('',(0.,0.,1.));
#18149 = ORIENTED_EDGE('',*,*,#3607,.F.);
#18150 = CYLINDRICAL_SURFACE('',#18151,0.500001333575);
#18151 = AXIS2_PLACEMENT_3D('',#18152,#18153,#18154);
#18152 = CARTESIAN_POINT('',(93.775001333573,-85.28749866642,0.));
#18153 = DIRECTION('',(-0.,-0.,-1.));
#18154 = DIRECTION('',(-0.999999999996,-2.667139134199E-06,0.));
#18155 = ADVANCED_FACE('',(#18156),#18167,.T.);
#18156 = FACE_BOUND('',#18157,.T.);
#18157 = EDGE_LOOP('',(#18158,#18164,#18165,#18166));
#18158 = ORIENTED_EDGE('',*,*,#18159,.T.);
#18159 = EDGE_CURVE('',#3583,#9242,#18160,.T.);
#18160 = LINE('',#18161,#18162);
#18161 = CARTESIAN_POINT('',(107.275,-85.2875,0.));
#18162 = VECTOR('',#18163,1.);
#18163 = DIRECTION('',(0.,0.,1.));
#18164 = ORIENTED_EDGE('',*,*,#9241,.T.);
#18165 = ORIENTED_EDGE('',*,*,#18125,.F.);
#18166 = ORIENTED_EDGE('',*,*,#3582,.F.);
#18167 = PLANE('',#18168);
#18168 = AXIS2_PLACEMENT_3D('',#18169,#18170,#18171);
#18169 = CARTESIAN_POINT('',(107.275,-85.2875,0.));
#18170 = DIRECTION('',(-1.,0.,0.));
#18171 = DIRECTION('',(0.,1.,0.));
#18172 = ADVANCED_FACE('',(#18173),#18184,.T.);
#18173 = FACE_BOUND('',#18174,.T.);
#18174 = EDGE_LOOP('',(#18175,#18176,#18177,#18183));
#18175 = ORIENTED_EDGE('',*,*,#18144,.T.);
#18176 = ORIENTED_EDGE('',*,*,#9258,.T.);
#18177 = ORIENTED_EDGE('',*,*,#18178,.F.);
#18178 = EDGE_CURVE('',#3591,#9250,#18179,.T.);
#18179 = LINE('',#18180,#18181);
#18180 = CARTESIAN_POINT('',(106.775,-85.7875,0.));
#18181 = VECTOR('',#18182,1.);
#18182 = DIRECTION('',(0.,0.,1.));
#18183 = ORIENTED_EDGE('',*,*,#3599,.F.);
#18184 = PLANE('',#18185);
#18185 = AXIS2_PLACEMENT_3D('',#18186,#18187,#18188);
#18186 = CARTESIAN_POINT('',(93.775,-85.7875,0.));
#18187 = DIRECTION('',(0.,1.,0.));
#18188 = DIRECTION('',(1.,0.,0.));
#18189 = ADVANCED_FACE('',(#18190),#18196,.F.);
#18190 = FACE_BOUND('',#18191,.T.);
#18191 = EDGE_LOOP('',(#18192,#18193,#18194,#18195));
#18192 = ORIENTED_EDGE('',*,*,#18178,.T.);
#18193 = ORIENTED_EDGE('',*,*,#9249,.T.);
#18194 = ORIENTED_EDGE('',*,*,#18159,.F.);
#18195 = ORIENTED_EDGE('',*,*,#3590,.F.);
#18196 = CYLINDRICAL_SURFACE('',#18197,0.500001333575);
#18197 = AXIS2_PLACEMENT_3D('',#18198,#18199,#18200);
#18198 = CARTESIAN_POINT('',(106.77499866642,-85.28749866642,0.));
#18199 = DIRECTION('',(-0.,-0.,-1.));
#18200 = DIRECTION('',(2.667139219464E-06,-0.999999999996,0.));
#18201 = ADVANCED_FACE('',(#18202),#18218,.F.);
#18202 = FACE_BOUND('',#18203,.T.);
#18203 = EDGE_LOOP('',(#18204,#18210,#18211,#18217));
#18204 = ORIENTED_EDGE('',*,*,#18205,.T.);
#18205 = EDGE_CURVE('',#3625,#9284,#18206,.T.);
#18206 = LINE('',#18207,#18208);
#18207 = CARTESIAN_POINT('',(112.875,-71.7875,0.));
#18208 = VECTOR('',#18209,1.);
#18209 = DIRECTION('',(0.,0.,1.));
#18210 = ORIENTED_EDGE('',*,*,#9283,.T.);
#18211 = ORIENTED_EDGE('',*,*,#18212,.F.);
#18212 = EDGE_CURVE('',#3627,#9286,#18213,.T.);
#18213 = LINE('',#18214,#18215);
#18214 = CARTESIAN_POINT('',(112.375,-72.2875,0.));
#18215 = VECTOR('',#18216,1.);
#18216 = DIRECTION('',(0.,0.,1.));
#18217 = ORIENTED_EDGE('',*,*,#3624,.F.);
#18218 = CYLINDRICAL_SURFACE('',#18219,0.500001333575);
#18219 = AXIS2_PLACEMENT_3D('',#18220,#18221,#18222);
#18220 = CARTESIAN_POINT('',(112.87500133357,-72.28750133357,0.));
#18221 = DIRECTION('',(-0.,-0.,-1.));
#18222 = DIRECTION('',(-2.667139191042E-06,0.999999999996,0.));
#18223 = ADVANCED_FACE('',(#18224),#18235,.T.);
#18224 = FACE_BOUND('',#18225,.T.);
#18225 = EDGE_LOOP('',(#18226,#18232,#18233,#18234));
#18226 = ORIENTED_EDGE('',*,*,#18227,.T.);
#18227 = EDGE_CURVE('',#3636,#9295,#18228,.T.);
#18228 = LINE('',#18229,#18230);
#18229 = CARTESIAN_POINT('',(125.875,-71.7875,0.));
#18230 = VECTOR('',#18231,1.);
#18231 = DIRECTION('',(0.,0.,1.));
#18232 = ORIENTED_EDGE('',*,*,#9294,.T.);
#18233 = ORIENTED_EDGE('',*,*,#18205,.F.);
#18234 = ORIENTED_EDGE('',*,*,#3635,.F.);
#18235 = PLANE('',#18236);
#18236 = AXIS2_PLACEMENT_3D('',#18237,#18238,#18239);
#18237 = CARTESIAN_POINT('',(125.875,-71.7875,0.));
#18238 = DIRECTION('',(0.,-1.,0.));
#18239 = DIRECTION('',(-1.,0.,0.));
#18240 = ADVANCED_FACE('',(#18241),#18252,.T.);
#18241 = FACE_BOUND('',#18242,.T.);
#18242 = EDGE_LOOP('',(#18243,#18244,#18245,#18251));
#18243 = ORIENTED_EDGE('',*,*,#18212,.T.);
#18244 = ORIENTED_EDGE('',*,*,#9345,.T.);
#18245 = ORIENTED_EDGE('',*,*,#18246,.F.);
#18246 = EDGE_CURVE('',#3678,#9337,#18247,.T.);
#18247 = LINE('',#18248,#18249);
#18248 = CARTESIAN_POINT('',(112.375,-85.2875,0.));
#18249 = VECTOR('',#18250,1.);
#18250 = DIRECTION('',(0.,0.,1.));
#18251 = ORIENTED_EDGE('',*,*,#3686,.F.);
#18252 = PLANE('',#18253);
#18253 = AXIS2_PLACEMENT_3D('',#18254,#18255,#18256);
#18254 = CARTESIAN_POINT('',(112.375,-72.2875,0.));
#18255 = DIRECTION('',(1.,0.,-0.));
#18256 = DIRECTION('',(0.,-1.,0.));
#18257 = ADVANCED_FACE('',(#18258),#18269,.F.);
#18258 = FACE_BOUND('',#18259,.T.);
#18259 = EDGE_LOOP('',(#18260,#18266,#18267,#18268));
#18260 = ORIENTED_EDGE('',*,*,#18261,.T.);
#18261 = EDGE_CURVE('',#3644,#9303,#18262,.T.);
#18262 = LINE('',#18263,#18264);
#18263 = CARTESIAN_POINT('',(126.375,-72.2875,0.));
#18264 = VECTOR('',#18265,1.);
#18265 = DIRECTION('',(0.,0.,1.));
#18266 = ORIENTED_EDGE('',*,*,#9302,.T.);
#18267 = ORIENTED_EDGE('',*,*,#18227,.F.);
#18268 = ORIENTED_EDGE('',*,*,#3643,.F.);
#18269 = CYLINDRICAL_SURFACE('',#18270,0.500001333575);
#18270 = AXIS2_PLACEMENT_3D('',#18271,#18272,#18273);
#18271 = CARTESIAN_POINT('',(125.87499866642,-72.28750133357,0.));
#18272 = DIRECTION('',(-0.,-0.,-1.));
#18273 = DIRECTION('',(0.999999999996,2.667139219464E-06,-0.));
#18274 = ADVANCED_FACE('',(#18275),#18286,.F.);
#18275 = FACE_BOUND('',#18276,.T.);
#18276 = EDGE_LOOP('',(#18277,#18278,#18279,#18285));
#18277 = ORIENTED_EDGE('',*,*,#18246,.T.);
#18278 = ORIENTED_EDGE('',*,*,#9336,.T.);
#18279 = ORIENTED_EDGE('',*,*,#18280,.F.);
#18280 = EDGE_CURVE('',#3670,#9329,#18281,.T.);
#18281 = LINE('',#18282,#18283);
#18282 = CARTESIAN_POINT('',(112.875,-85.7875,0.));
#18283 = VECTOR('',#18284,1.);
#18284 = DIRECTION('',(0.,0.,1.));
#18285 = ORIENTED_EDGE('',*,*,#3677,.F.);
#18286 = CYLINDRICAL_SURFACE('',#18287,0.500001333575);
#18287 = AXIS2_PLACEMENT_3D('',#18288,#18289,#18290);
#18288 = CARTESIAN_POINT('',(112.87500133357,-85.28749866642,0.));
#18289 = DIRECTION('',(-0.,-0.,-1.));
#18290 = DIRECTION('',(-0.999999999996,-2.667139134199E-06,0.));
#18291 = ADVANCED_FACE('',(#18292),#18303,.T.);
#18292 = FACE_BOUND('',#18293,.T.);
#18293 = EDGE_LOOP('',(#18294,#18300,#18301,#18302));
#18294 = ORIENTED_EDGE('',*,*,#18295,.T.);
#18295 = EDGE_CURVE('',#3653,#9312,#18296,.T.);
#18296 = LINE('',#18297,#18298);
#18297 = CARTESIAN_POINT('',(126.375,-85.2875,0.));
#18298 = VECTOR('',#18299,1.);
#18299 = DIRECTION('',(0.,0.,1.));
#18300 = ORIENTED_EDGE('',*,*,#9311,.T.);
#18301 = ORIENTED_EDGE('',*,*,#18261,.F.);
#18302 = ORIENTED_EDGE('',*,*,#3652,.F.);
#18303 = PLANE('',#18304);
#18304 = AXIS2_PLACEMENT_3D('',#18305,#18306,#18307);
#18305 = CARTESIAN_POINT('',(126.375,-85.2875,0.));
#18306 = DIRECTION('',(-1.,0.,0.));
#18307 = DIRECTION('',(0.,1.,0.));
#18308 = ADVANCED_FACE('',(#18309),#18320,.T.);
#18309 = FACE_BOUND('',#18310,.T.);
#18310 = EDGE_LOOP('',(#18311,#18312,#18313,#18319));
#18311 = ORIENTED_EDGE('',*,*,#18280,.T.);
#18312 = ORIENTED_EDGE('',*,*,#9328,.T.);
#18313 = ORIENTED_EDGE('',*,*,#18314,.F.);
#18314 = EDGE_CURVE('',#3661,#9320,#18315,.T.);
#18315 = LINE('',#18316,#18317);
#18316 = CARTESIAN_POINT('',(125.875,-85.7875,0.));
#18317 = VECTOR('',#18318,1.);
#18318 = DIRECTION('',(0.,0.,1.));
#18319 = ORIENTED_EDGE('',*,*,#3669,.F.);
#18320 = PLANE('',#18321);
#18321 = AXIS2_PLACEMENT_3D('',#18322,#18323,#18324);
#18322 = CARTESIAN_POINT('',(112.875,-85.7875,0.));
#18323 = DIRECTION('',(0.,1.,0.));
#18324 = DIRECTION('',(1.,0.,0.));
#18325 = ADVANCED_FACE('',(#18326),#18332,.F.);
#18326 = FACE_BOUND('',#18327,.T.);
#18327 = EDGE_LOOP('',(#18328,#18329,#18330,#18331));
#18328 = ORIENTED_EDGE('',*,*,#18314,.T.);
#18329 = ORIENTED_EDGE('',*,*,#9319,.T.);
#18330 = ORIENTED_EDGE('',*,*,#18295,.F.);
#18331 = ORIENTED_EDGE('',*,*,#3660,.F.);
#18332 = CYLINDRICAL_SURFACE('',#18333,0.500001333575);
#18333 = AXIS2_PLACEMENT_3D('',#18334,#18335,#18336);
#18334 = CARTESIAN_POINT('',(125.87499866642,-85.28749866642,0.));
#18335 = DIRECTION('',(-0.,-0.,-1.));
#18336 = DIRECTION('',(2.667139134199E-06,-0.999999999996,0.));
#18337 = ADVANCED_FACE('',(#18338),#18354,.F.);
#18338 = FACE_BOUND('',#18339,.T.);
#18339 = EDGE_LOOP('',(#18340,#18346,#18347,#18353));
#18340 = ORIENTED_EDGE('',*,*,#18341,.T.);
#18341 = EDGE_CURVE('',#3695,#9354,#18342,.T.);
#18342 = LINE('',#18343,#18344);
#18343 = CARTESIAN_POINT('',(131.975,-71.7875,0.));
#18344 = VECTOR('',#18345,1.);
#18345 = DIRECTION('',(0.,0.,1.));
#18346 = ORIENTED_EDGE('',*,*,#9353,.T.);
#18347 = ORIENTED_EDGE('',*,*,#18348,.F.);
#18348 = EDGE_CURVE('',#3697,#9356,#18349,.T.);
#18349 = LINE('',#18350,#18351);
#18350 = CARTESIAN_POINT('',(131.475,-72.2875,0.));
#18351 = VECTOR('',#18352,1.);
#18352 = DIRECTION('',(0.,0.,1.));
#18353 = ORIENTED_EDGE('',*,*,#3694,.F.);
#18354 = CYLINDRICAL_SURFACE('',#18355,0.500001333575);
#18355 = AXIS2_PLACEMENT_3D('',#18356,#18357,#18358);
#18356 = CARTESIAN_POINT('',(131.97500133357,-72.28750133357,0.));
#18357 = DIRECTION('',(-0.,-0.,-1.));
#18358 = DIRECTION('',(-2.667139247886E-06,0.999999999996,0.));
#18359 = ADVANCED_FACE('',(#18360),#18371,.T.);
#18360 = FACE_BOUND('',#18361,.T.);
#18361 = EDGE_LOOP('',(#18362,#18368,#18369,#18370));
#18362 = ORIENTED_EDGE('',*,*,#18363,.T.);
#18363 = EDGE_CURVE('',#3706,#9365,#18364,.T.);
#18364 = LINE('',#18365,#18366);
#18365 = CARTESIAN_POINT('',(144.975,-71.7875,0.));
#18366 = VECTOR('',#18367,1.);
#18367 = DIRECTION('',(0.,0.,1.));
#18368 = ORIENTED_EDGE('',*,*,#9364,.T.);
#18369 = ORIENTED_EDGE('',*,*,#18341,.F.);
#18370 = ORIENTED_EDGE('',*,*,#3705,.F.);
#18371 = PLANE('',#18372);
#18372 = AXIS2_PLACEMENT_3D('',#18373,#18374,#18375);
#18373 = CARTESIAN_POINT('',(144.975,-71.7875,0.));
#18374 = DIRECTION('',(0.,-1.,0.));
#18375 = DIRECTION('',(-1.,0.,0.));
#18376 = ADVANCED_FACE('',(#18377),#18388,.T.);
#18377 = FACE_BOUND('',#18378,.T.);
#18378 = EDGE_LOOP('',(#18379,#18380,#18381,#18387));
#18379 = ORIENTED_EDGE('',*,*,#18348,.T.);
#18380 = ORIENTED_EDGE('',*,*,#9415,.T.);
#18381 = ORIENTED_EDGE('',*,*,#18382,.F.);
#18382 = EDGE_CURVE('',#3748,#9407,#18383,.T.);
#18383 = LINE('',#18384,#18385);
#18384 = CARTESIAN_POINT('',(131.475,-85.2875,0.));
#18385 = VECTOR('',#18386,1.);
#18386 = DIRECTION('',(0.,0.,1.));
#18387 = ORIENTED_EDGE('',*,*,#3756,.F.);
#18388 = PLANE('',#18389);
#18389 = AXIS2_PLACEMENT_3D('',#18390,#18391,#18392);
#18390 = CARTESIAN_POINT('',(131.475,-72.2875,0.));
#18391 = DIRECTION('',(1.,0.,-0.));
#18392 = DIRECTION('',(0.,-1.,0.));
#18393 = ADVANCED_FACE('',(#18394),#18405,.F.);
#18394 = FACE_BOUND('',#18395,.T.);
#18395 = EDGE_LOOP('',(#18396,#18402,#18403,#18404));
#18396 = ORIENTED_EDGE('',*,*,#18397,.T.);
#18397 = EDGE_CURVE('',#3714,#9373,#18398,.T.);
#18398 = LINE('',#18399,#18400);
#18399 = CARTESIAN_POINT('',(145.475,-72.2875,0.));
#18400 = VECTOR('',#18401,1.);
#18401 = DIRECTION('',(0.,0.,1.));
#18402 = ORIENTED_EDGE('',*,*,#9372,.T.);
#18403 = ORIENTED_EDGE('',*,*,#18363,.F.);
#18404 = ORIENTED_EDGE('',*,*,#3713,.F.);
#18405 = CYLINDRICAL_SURFACE('',#18406,0.500001333575);
#18406 = AXIS2_PLACEMENT_3D('',#18407,#18408,#18409);
#18407 = CARTESIAN_POINT('',(144.97499866642,-72.28750133357,0.));
#18408 = DIRECTION('',(-0.,-0.,-1.));
#18409 = DIRECTION('',(0.999999999996,2.667139219464E-06,-0.));
#18410 = ADVANCED_FACE('',(#18411),#18422,.F.);
#18411 = FACE_BOUND('',#18412,.T.);
#18412 = EDGE_LOOP('',(#18413,#18414,#18415,#18421));
#18413 = ORIENTED_EDGE('',*,*,#18382,.T.);
#18414 = ORIENTED_EDGE('',*,*,#9406,.T.);
#18415 = ORIENTED_EDGE('',*,*,#18416,.F.);
#18416 = EDGE_CURVE('',#3740,#9399,#18417,.T.);
#18417 = LINE('',#18418,#18419);
#18418 = CARTESIAN_POINT('',(131.975,-85.7875,0.));
#18419 = VECTOR('',#18420,1.);
#18420 = DIRECTION('',(0.,0.,1.));
#18421 = ORIENTED_EDGE('',*,*,#3747,.F.);
#18422 = CYLINDRICAL_SURFACE('',#18423,0.500001333575);
#18423 = AXIS2_PLACEMENT_3D('',#18424,#18425,#18426);
#18424 = CARTESIAN_POINT('',(131.97500133357,-85.28749866642,0.));
#18425 = DIRECTION('',(-0.,-0.,-1.));
#18426 = DIRECTION('',(-0.999999999996,-2.667139134199E-06,0.));
#18427 = ADVANCED_FACE('',(#18428),#18439,.T.);
#18428 = FACE_BOUND('',#18429,.T.);
#18429 = EDGE_LOOP('',(#18430,#18436,#18437,#18438));
#18430 = ORIENTED_EDGE('',*,*,#18431,.T.);
#18431 = EDGE_CURVE('',#3723,#9382,#18432,.T.);
#18432 = LINE('',#18433,#18434);
#18433 = CARTESIAN_POINT('',(145.475,-85.2875,0.));
#18434 = VECTOR('',#18435,1.);
#18435 = DIRECTION('',(0.,0.,1.));
#18436 = ORIENTED_EDGE('',*,*,#9381,.T.);
#18437 = ORIENTED_EDGE('',*,*,#18397,.F.);
#18438 = ORIENTED_EDGE('',*,*,#3722,.F.);
#18439 = PLANE('',#18440);
#18440 = AXIS2_PLACEMENT_3D('',#18441,#18442,#18443);
#18441 = CARTESIAN_POINT('',(145.475,-85.2875,0.));
#18442 = DIRECTION('',(-1.,0.,0.));
#18443 = DIRECTION('',(0.,1.,0.));
#18444 = ADVANCED_FACE('',(#18445),#18456,.T.);
#18445 = FACE_BOUND('',#18446,.T.);
#18446 = EDGE_LOOP('',(#18447,#18448,#18449,#18455));
#18447 = ORIENTED_EDGE('',*,*,#18416,.T.);
#18448 = ORIENTED_EDGE('',*,*,#9398,.T.);
#18449 = ORIENTED_EDGE('',*,*,#18450,.F.);
#18450 = EDGE_CURVE('',#3731,#9390,#18451,.T.);
#18451 = LINE('',#18452,#18453);
#18452 = CARTESIAN_POINT('',(144.975,-85.7875,0.));
#18453 = VECTOR('',#18454,1.);
#18454 = DIRECTION('',(0.,0.,1.));
#18455 = ORIENTED_EDGE('',*,*,#3739,.F.);
#18456 = PLANE('',#18457);
#18457 = AXIS2_PLACEMENT_3D('',#18458,#18459,#18460);
#18458 = CARTESIAN_POINT('',(131.975,-85.7875,0.));
#18459 = DIRECTION('',(0.,1.,0.));
#18460 = DIRECTION('',(1.,0.,0.));
#18461 = ADVANCED_FACE('',(#18462),#18468,.F.);
#18462 = FACE_BOUND('',#18463,.T.);
#18463 = EDGE_LOOP('',(#18464,#18465,#18466,#18467));
#18464 = ORIENTED_EDGE('',*,*,#18450,.T.);
#18465 = ORIENTED_EDGE('',*,*,#9389,.T.);
#18466 = ORIENTED_EDGE('',*,*,#18431,.F.);
#18467 = ORIENTED_EDGE('',*,*,#3730,.F.);
#18468 = CYLINDRICAL_SURFACE('',#18469,0.500001333575);
#18469 = AXIS2_PLACEMENT_3D('',#18470,#18471,#18472);
#18470 = CARTESIAN_POINT('',(144.97499866642,-85.28749866642,0.));
#18471 = DIRECTION('',(-0.,-0.,-1.));
#18472 = DIRECTION('',(2.667139191043E-06,-0.999999999996,0.));
#18473 = ADVANCED_FACE('',(#18474),#18490,.F.);
#18474 = FACE_BOUND('',#18475,.T.);
#18475 = EDGE_LOOP('',(#18476,#18482,#18483,#18489));
#18476 = ORIENTED_EDGE('',*,*,#18477,.T.);
#18477 = EDGE_CURVE('',#3765,#9424,#18478,.T.);
#18478 = LINE('',#18479,#18480);
#18479 = CARTESIAN_POINT('',(151.075,-71.7875,0.));
#18480 = VECTOR('',#18481,1.);
#18481 = DIRECTION('',(0.,0.,1.));
#18482 = ORIENTED_EDGE('',*,*,#9423,.T.);
#18483 = ORIENTED_EDGE('',*,*,#18484,.F.);
#18484 = EDGE_CURVE('',#3767,#9426,#18485,.T.);
#18485 = LINE('',#18486,#18487);
#18486 = CARTESIAN_POINT('',(150.575,-72.2875,0.));
#18487 = VECTOR('',#18488,1.);
#18488 = DIRECTION('',(0.,0.,1.));
#18489 = ORIENTED_EDGE('',*,*,#3764,.F.);
#18490 = CYLINDRICAL_SURFACE('',#18491,0.500001333575);
#18491 = AXIS2_PLACEMENT_3D('',#18492,#18493,#18494);
#18492 = CARTESIAN_POINT('',(151.07500133357,-72.28750133357,0.));
#18493 = DIRECTION('',(-0.,-0.,-1.));
#18494 = DIRECTION('',(-2.667139304729E-06,0.999999999996,0.));
#18495 = ADVANCED_FACE('',(#18496),#18507,.T.);
#18496 = FACE_BOUND('',#18497,.T.);
#18497 = EDGE_LOOP('',(#18498,#18504,#18505,#18506));
#18498 = ORIENTED_EDGE('',*,*,#18499,.T.);
#18499 = EDGE_CURVE('',#3776,#9435,#18500,.T.);
#18500 = LINE('',#18501,#18502);
#18501 = CARTESIAN_POINT('',(164.075,-71.7875,0.));
#18502 = VECTOR('',#18503,1.);
#18503 = DIRECTION('',(0.,0.,1.));
#18504 = ORIENTED_EDGE('',*,*,#9434,.T.);
#18505 = ORIENTED_EDGE('',*,*,#18477,.F.);
#18506 = ORIENTED_EDGE('',*,*,#3775,.F.);
#18507 = PLANE('',#18508);
#18508 = AXIS2_PLACEMENT_3D('',#18509,#18510,#18511);
#18509 = CARTESIAN_POINT('',(164.075,-71.7875,0.));
#18510 = DIRECTION('',(0.,-1.,0.));
#18511 = DIRECTION('',(-1.,0.,0.));
#18512 = ADVANCED_FACE('',(#18513),#18524,.T.);
#18513 = FACE_BOUND('',#18514,.T.);
#18514 = EDGE_LOOP('',(#18515,#18516,#18517,#18523));
#18515 = ORIENTED_EDGE('',*,*,#18484,.T.);
#18516 = ORIENTED_EDGE('',*,*,#9485,.T.);
#18517 = ORIENTED_EDGE('',*,*,#18518,.F.);
#18518 = EDGE_CURVE('',#3818,#9477,#18519,.T.);
#18519 = LINE('',#18520,#18521);
#18520 = CARTESIAN_POINT('',(150.575,-85.2875,0.));
#18521 = VECTOR('',#18522,1.);
#18522 = DIRECTION('',(0.,0.,1.));
#18523 = ORIENTED_EDGE('',*,*,#3826,.F.);
#18524 = PLANE('',#18525);
#18525 = AXIS2_PLACEMENT_3D('',#18526,#18527,#18528);
#18526 = CARTESIAN_POINT('',(150.575,-72.2875,0.));
#18527 = DIRECTION('',(1.,0.,-0.));
#18528 = DIRECTION('',(0.,-1.,0.));
#18529 = ADVANCED_FACE('',(#18530),#18541,.F.);
#18530 = FACE_BOUND('',#18531,.T.);
#18531 = EDGE_LOOP('',(#18532,#18538,#18539,#18540));
#18532 = ORIENTED_EDGE('',*,*,#18533,.T.);
#18533 = EDGE_CURVE('',#3784,#9443,#18534,.T.);
#18534 = LINE('',#18535,#18536);
#18535 = CARTESIAN_POINT('',(164.575,-72.2875,0.));
#18536 = VECTOR('',#18537,1.);
#18537 = DIRECTION('',(0.,0.,1.));
#18538 = ORIENTED_EDGE('',*,*,#9442,.T.);
#18539 = ORIENTED_EDGE('',*,*,#18499,.F.);
#18540 = ORIENTED_EDGE('',*,*,#3783,.F.);
#18541 = CYLINDRICAL_SURFACE('',#18542,0.500001333575);
#18542 = AXIS2_PLACEMENT_3D('',#18543,#18544,#18545);
#18543 = CARTESIAN_POINT('',(164.07499866642,-72.28750133357,0.));
#18544 = DIRECTION('',(-0.,-0.,-1.));
#18545 = DIRECTION('',(0.999999999996,2.667139219464E-06,-0.));
#18546 = ADVANCED_FACE('',(#18547),#18558,.F.);
#18547 = FACE_BOUND('',#18548,.T.);
#18548 = EDGE_LOOP('',(#18549,#18550,#18551,#18557));
#18549 = ORIENTED_EDGE('',*,*,#18518,.T.);
#18550 = ORIENTED_EDGE('',*,*,#9476,.T.);
#18551 = ORIENTED_EDGE('',*,*,#18552,.F.);
#18552 = EDGE_CURVE('',#3810,#9469,#18553,.T.);
#18553 = LINE('',#18554,#18555);
#18554 = CARTESIAN_POINT('',(151.075,-85.7875,0.));
#18555 = VECTOR('',#18556,1.);
#18556 = DIRECTION('',(0.,0.,1.));
#18557 = ORIENTED_EDGE('',*,*,#3817,.F.);
#18558 = CYLINDRICAL_SURFACE('',#18559,0.500001333575);
#18559 = AXIS2_PLACEMENT_3D('',#18560,#18561,#18562);
#18560 = CARTESIAN_POINT('',(151.07500133357,-85.28749866642,0.));
#18561 = DIRECTION('',(-0.,-0.,-1.));
#18562 = DIRECTION('',(-0.999999999996,-2.667139247886E-06,0.));
#18563 = ADVANCED_FACE('',(#18564),#18575,.T.);
#18564 = FACE_BOUND('',#18565,.T.);
#18565 = EDGE_LOOP('',(#18566,#18572,#18573,#18574));
#18566 = ORIENTED_EDGE('',*,*,#18567,.T.);
#18567 = EDGE_CURVE('',#3793,#9452,#18568,.T.);
#18568 = LINE('',#18569,#18570);
#18569 = CARTESIAN_POINT('',(164.575,-85.2875,0.));
#18570 = VECTOR('',#18571,1.);
#18571 = DIRECTION('',(0.,0.,1.));
#18572 = ORIENTED_EDGE('',*,*,#9451,.T.);
#18573 = ORIENTED_EDGE('',*,*,#18533,.F.);
#18574 = ORIENTED_EDGE('',*,*,#3792,.F.);
#18575 = PLANE('',#18576);
#18576 = AXIS2_PLACEMENT_3D('',#18577,#18578,#18579);
#18577 = CARTESIAN_POINT('',(164.575,-85.2875,0.));
#18578 = DIRECTION('',(-1.,0.,0.));
#18579 = DIRECTION('',(0.,1.,0.));
#18580 = ADVANCED_FACE('',(#18581),#18592,.T.);
#18581 = FACE_BOUND('',#18582,.T.);
#18582 = EDGE_LOOP('',(#18583,#18584,#18585,#18591));
#18583 = ORIENTED_EDGE('',*,*,#18552,.T.);
#18584 = ORIENTED_EDGE('',*,*,#9468,.T.);
#18585 = ORIENTED_EDGE('',*,*,#18586,.F.);
#18586 = EDGE_CURVE('',#3801,#9460,#18587,.T.);
#18587 = LINE('',#18588,#18589);
#18588 = CARTESIAN_POINT('',(164.075,-85.7875,0.));
#18589 = VECTOR('',#18590,1.);
#18590 = DIRECTION('',(0.,0.,1.));
#18591 = ORIENTED_EDGE('',*,*,#3809,.F.);
#18592 = PLANE('',#18593);
#18593 = AXIS2_PLACEMENT_3D('',#18594,#18595,#18596);
#18594 = CARTESIAN_POINT('',(151.075,-85.7875,0.));
#18595 = DIRECTION('',(0.,1.,0.));
#18596 = DIRECTION('',(1.,0.,0.));
#18597 = ADVANCED_FACE('',(#18598),#18604,.F.);
#18598 = FACE_BOUND('',#18599,.T.);
#18599 = EDGE_LOOP('',(#18600,#18601,#18602,#18603));
#18600 = ORIENTED_EDGE('',*,*,#18586,.T.);
#18601 = ORIENTED_EDGE('',*,*,#9459,.T.);
#18602 = ORIENTED_EDGE('',*,*,#18567,.F.);
#18603 = ORIENTED_EDGE('',*,*,#3800,.F.);
#18604 = CYLINDRICAL_SURFACE('',#18605,0.500001333575);
#18605 = AXIS2_PLACEMENT_3D('',#18606,#18607,#18608);
#18606 = CARTESIAN_POINT('',(164.07499866642,-85.28749866642,0.));
#18607 = DIRECTION('',(-0.,-0.,-1.));
#18608 = DIRECTION('',(2.667139134199E-06,-0.999999999996,0.));
#18609 = ADVANCED_FACE('',(#18610),#18626,.F.);
#18610 = FACE_BOUND('',#18611,.T.);
#18611 = EDGE_LOOP('',(#18612,#18618,#18619,#18625));
#18612 = ORIENTED_EDGE('',*,*,#18613,.T.);
#18613 = EDGE_CURVE('',#3835,#9494,#18614,.T.);
#18614 = LINE('',#18615,#18616);
#18615 = CARTESIAN_POINT('',(170.175,-71.7875,0.));
#18616 = VECTOR('',#18617,1.);
#18617 = DIRECTION('',(0.,0.,1.));
#18618 = ORIENTED_EDGE('',*,*,#9493,.T.);
#18619 = ORIENTED_EDGE('',*,*,#18620,.F.);
#18620 = EDGE_CURVE('',#3837,#9496,#18621,.T.);
#18621 = LINE('',#18622,#18623);
#18622 = CARTESIAN_POINT('',(169.675,-72.2875,0.));
#18623 = VECTOR('',#18624,1.);
#18624 = DIRECTION('',(0.,0.,1.));
#18625 = ORIENTED_EDGE('',*,*,#3834,.F.);
#18626 = CYLINDRICAL_SURFACE('',#18627,0.500001333575);
#18627 = AXIS2_PLACEMENT_3D('',#18628,#18629,#18630);
#18628 = CARTESIAN_POINT('',(170.17500133357,-72.28750133357,0.));
#18629 = DIRECTION('',(-0.,-0.,-1.));
#18630 = DIRECTION('',(-2.667139191042E-06,0.999999999996,0.));
#18631 = ADVANCED_FACE('',(#18632),#18643,.T.);
#18632 = FACE_BOUND('',#18633,.T.);
#18633 = EDGE_LOOP('',(#18634,#18640,#18641,#18642));
#18634 = ORIENTED_EDGE('',*,*,#18635,.T.);
#18635 = EDGE_CURVE('',#3846,#9505,#18636,.T.);
#18636 = LINE('',#18637,#18638);
#18637 = CARTESIAN_POINT('',(183.175,-71.7875,0.));
#18638 = VECTOR('',#18639,1.);
#18639 = DIRECTION('',(0.,0.,1.));
#18640 = ORIENTED_EDGE('',*,*,#9504,.T.);
#18641 = ORIENTED_EDGE('',*,*,#18613,.F.);
#18642 = ORIENTED_EDGE('',*,*,#3845,.F.);
#18643 = PLANE('',#18644);
#18644 = AXIS2_PLACEMENT_3D('',#18645,#18646,#18647);
#18645 = CARTESIAN_POINT('',(183.175,-71.7875,0.));
#18646 = DIRECTION('',(0.,-1.,0.));
#18647 = DIRECTION('',(-1.,0.,0.));
#18648 = ADVANCED_FACE('',(#18649),#18660,.T.);
#18649 = FACE_BOUND('',#18650,.T.);
#18650 = EDGE_LOOP('',(#18651,#18652,#18653,#18659));
#18651 = ORIENTED_EDGE('',*,*,#18620,.T.);
#18652 = ORIENTED_EDGE('',*,*,#9555,.T.);
#18653 = ORIENTED_EDGE('',*,*,#18654,.F.);
#18654 = EDGE_CURVE('',#3888,#9547,#18655,.T.);
#18655 = LINE('',#18656,#18657);
#18656 = CARTESIAN_POINT('',(169.675,-85.2875,0.));
#18657 = VECTOR('',#18658,1.);
#18658 = DIRECTION('',(0.,0.,1.));
#18659 = ORIENTED_EDGE('',*,*,#3896,.F.);
#18660 = PLANE('',#18661);
#18661 = AXIS2_PLACEMENT_3D('',#18662,#18663,#18664);
#18662 = CARTESIAN_POINT('',(169.675,-72.2875,0.));
#18663 = DIRECTION('',(1.,0.,-0.));
#18664 = DIRECTION('',(0.,-1.,0.));
#18665 = ADVANCED_FACE('',(#18666),#18677,.F.);
#18666 = FACE_BOUND('',#18667,.T.);
#18667 = EDGE_LOOP('',(#18668,#18674,#18675,#18676));
#18668 = ORIENTED_EDGE('',*,*,#18669,.T.);
#18669 = EDGE_CURVE('',#3854,#9513,#18670,.T.);
#18670 = LINE('',#18671,#18672);
#18671 = CARTESIAN_POINT('',(183.675,-72.2875,0.));
#18672 = VECTOR('',#18673,1.);
#18673 = DIRECTION('',(0.,0.,1.));
#18674 = ORIENTED_EDGE('',*,*,#9512,.T.);
#18675 = ORIENTED_EDGE('',*,*,#18635,.F.);
#18676 = ORIENTED_EDGE('',*,*,#3853,.F.);
#18677 = CYLINDRICAL_SURFACE('',#18678,0.500001333575);
#18678 = AXIS2_PLACEMENT_3D('',#18679,#18680,#18681);
#18679 = CARTESIAN_POINT('',(183.17499866642,-72.28750133357,0.));
#18680 = DIRECTION('',(-0.,-0.,-1.));
#18681 = DIRECTION('',(0.999999999996,2.667139304729E-06,-0.));
#18682 = ADVANCED_FACE('',(#18683),#18694,.F.);
#18683 = FACE_BOUND('',#18684,.T.);
#18684 = EDGE_LOOP('',(#18685,#18686,#18687,#18693));
#18685 = ORIENTED_EDGE('',*,*,#18654,.T.);
#18686 = ORIENTED_EDGE('',*,*,#9546,.T.);
#18687 = ORIENTED_EDGE('',*,*,#18688,.F.);
#18688 = EDGE_CURVE('',#3880,#9539,#18689,.T.);
#18689 = LINE('',#18690,#18691);
#18690 = CARTESIAN_POINT('',(170.175,-85.7875,0.));
#18691 = VECTOR('',#18692,1.);
#18692 = DIRECTION('',(0.,0.,1.));
#18693 = ORIENTED_EDGE('',*,*,#3887,.F.);
#18694 = CYLINDRICAL_SURFACE('',#18695,0.500001333575);
#18695 = AXIS2_PLACEMENT_3D('',#18696,#18697,#18698);
#18696 = CARTESIAN_POINT('',(170.17500133357,-85.28749866642,0.));
#18697 = DIRECTION('',(-0.,-0.,-1.));
#18698 = DIRECTION('',(-0.999999999996,-2.667139134199E-06,0.));
#18699 = ADVANCED_FACE('',(#18700),#18711,.T.);
#18700 = FACE_BOUND('',#18701,.T.);
#18701 = EDGE_LOOP('',(#18702,#18708,#18709,#18710));
#18702 = ORIENTED_EDGE('',*,*,#18703,.T.);
#18703 = EDGE_CURVE('',#3863,#9522,#18704,.T.);
#18704 = LINE('',#18705,#18706);
#18705 = CARTESIAN_POINT('',(183.675,-85.2875,0.));
#18706 = VECTOR('',#18707,1.);
#18707 = DIRECTION('',(0.,0.,1.));
#18708 = ORIENTED_EDGE('',*,*,#9521,.T.);
#18709 = ORIENTED_EDGE('',*,*,#18669,.F.);
#18710 = ORIENTED_EDGE('',*,*,#3862,.F.);
#18711 = PLANE('',#18712);
#18712 = AXIS2_PLACEMENT_3D('',#18713,#18714,#18715);
#18713 = CARTESIAN_POINT('',(183.675,-85.2875,0.));
#18714 = DIRECTION('',(-1.,0.,0.));
#18715 = DIRECTION('',(0.,1.,0.));
#18716 = ADVANCED_FACE('',(#18717),#18728,.T.);
#18717 = FACE_BOUND('',#18718,.T.);
#18718 = EDGE_LOOP('',(#18719,#18720,#18721,#18727));
#18719 = ORIENTED_EDGE('',*,*,#18688,.T.);
#18720 = ORIENTED_EDGE('',*,*,#9538,.T.);
#18721 = ORIENTED_EDGE('',*,*,#18722,.F.);
#18722 = EDGE_CURVE('',#3871,#9530,#18723,.T.);
#18723 = LINE('',#18724,#18725);
#18724 = CARTESIAN_POINT('',(183.175,-85.7875,0.));
#18725 = VECTOR('',#18726,1.);
#18726 = DIRECTION('',(0.,0.,1.));
#18727 = ORIENTED_EDGE('',*,*,#3879,.F.);
#18728 = PLANE('',#18729);
#18729 = AXIS2_PLACEMENT_3D('',#18730,#18731,#18732);
#18730 = CARTESIAN_POINT('',(170.175,-85.7875,0.));
#18731 = DIRECTION('',(0.,1.,0.));
#18732 = DIRECTION('',(1.,0.,0.));
#18733 = ADVANCED_FACE('',(#18734),#18740,.F.);
#18734 = FACE_BOUND('',#18735,.T.);
#18735 = EDGE_LOOP('',(#18736,#18737,#18738,#18739));
#18736 = ORIENTED_EDGE('',*,*,#18722,.T.);
#18737 = ORIENTED_EDGE('',*,*,#9529,.T.);
#18738 = ORIENTED_EDGE('',*,*,#18703,.F.);
#18739 = ORIENTED_EDGE('',*,*,#3870,.F.);
#18740 = CYLINDRICAL_SURFACE('',#18741,0.500001333575);
#18741 = AXIS2_PLACEMENT_3D('',#18742,#18743,#18744);
#18742 = CARTESIAN_POINT('',(183.17499866642,-85.28749866642,0.));
#18743 = DIRECTION('',(-0.,-0.,-1.));
#18744 = DIRECTION('',(2.667139247886E-06,-0.999999999996,0.));
#18745 = ADVANCED_FACE('',(#18746),#18762,.F.);
#18746 = FACE_BOUND('',#18747,.T.);
#18747 = EDGE_LOOP('',(#18748,#18754,#18755,#18761));
#18748 = ORIENTED_EDGE('',*,*,#18749,.T.);
#18749 = EDGE_CURVE('',#3905,#9564,#18750,.T.);
#18750 = LINE('',#18751,#18752);
#18751 = CARTESIAN_POINT('',(189.275,-71.7875,0.));
#18752 = VECTOR('',#18753,1.);
#18753 = DIRECTION('',(0.,0.,1.));
#18754 = ORIENTED_EDGE('',*,*,#9563,.T.);
#18755 = ORIENTED_EDGE('',*,*,#18756,.F.);
#18756 = EDGE_CURVE('',#3907,#9566,#18757,.T.);
#18757 = LINE('',#18758,#18759);
#18758 = CARTESIAN_POINT('',(188.775,-72.2875,0.));
#18759 = VECTOR('',#18760,1.);
#18760 = DIRECTION('',(0.,0.,1.));
#18761 = ORIENTED_EDGE('',*,*,#3904,.F.);
#18762 = CYLINDRICAL_SURFACE('',#18763,0.500001333575);
#18763 = AXIS2_PLACEMENT_3D('',#18764,#18765,#18766);
#18764 = CARTESIAN_POINT('',(189.27500133357,-72.28750133357,0.));
#18765 = DIRECTION('',(-0.,-0.,-1.));
#18766 = DIRECTION('',(-2.667139247886E-06,0.999999999996,0.));
#18767 = ADVANCED_FACE('',(#18768),#18779,.T.);
#18768 = FACE_BOUND('',#18769,.T.);
#18769 = EDGE_LOOP('',(#18770,#18776,#18777,#18778));
#18770 = ORIENTED_EDGE('',*,*,#18771,.T.);
#18771 = EDGE_CURVE('',#3916,#9575,#18772,.T.);
#18772 = LINE('',#18773,#18774);
#18773 = CARTESIAN_POINT('',(202.275,-71.7875,0.));
#18774 = VECTOR('',#18775,1.);
#18775 = DIRECTION('',(0.,0.,1.));
#18776 = ORIENTED_EDGE('',*,*,#9574,.T.);
#18777 = ORIENTED_EDGE('',*,*,#18749,.F.);
#18778 = ORIENTED_EDGE('',*,*,#3915,.F.);
#18779 = PLANE('',#18780);
#18780 = AXIS2_PLACEMENT_3D('',#18781,#18782,#18783);
#18781 = CARTESIAN_POINT('',(202.275,-71.7875,0.));
#18782 = DIRECTION('',(0.,-1.,0.));
#18783 = DIRECTION('',(-1.,0.,0.));
#18784 = ADVANCED_FACE('',(#18785),#18796,.T.);
#18785 = FACE_BOUND('',#18786,.T.);
#18786 = EDGE_LOOP('',(#18787,#18788,#18789,#18795));
#18787 = ORIENTED_EDGE('',*,*,#18756,.T.);
#18788 = ORIENTED_EDGE('',*,*,#9625,.T.);
#18789 = ORIENTED_EDGE('',*,*,#18790,.F.);
#18790 = EDGE_CURVE('',#3958,#9617,#18791,.T.);
#18791 = LINE('',#18792,#18793);
#18792 = CARTESIAN_POINT('',(188.775,-85.2875,0.));
#18793 = VECTOR('',#18794,1.);
#18794 = DIRECTION('',(0.,0.,1.));
#18795 = ORIENTED_EDGE('',*,*,#3966,.F.);
#18796 = PLANE('',#18797);
#18797 = AXIS2_PLACEMENT_3D('',#18798,#18799,#18800);
#18798 = CARTESIAN_POINT('',(188.775,-72.2875,0.));
#18799 = DIRECTION('',(1.,0.,-0.));
#18800 = DIRECTION('',(0.,-1.,0.));
#18801 = ADVANCED_FACE('',(#18802),#18813,.F.);
#18802 = FACE_BOUND('',#18803,.T.);
#18803 = EDGE_LOOP('',(#18804,#18810,#18811,#18812));
#18804 = ORIENTED_EDGE('',*,*,#18805,.T.);
#18805 = EDGE_CURVE('',#3924,#9583,#18806,.T.);
#18806 = LINE('',#18807,#18808);
#18807 = CARTESIAN_POINT('',(202.775,-72.2875,0.));
#18808 = VECTOR('',#18809,1.);
#18809 = DIRECTION('',(0.,0.,1.));
#18810 = ORIENTED_EDGE('',*,*,#9582,.T.);
#18811 = ORIENTED_EDGE('',*,*,#18771,.F.);
#18812 = ORIENTED_EDGE('',*,*,#3923,.F.);
#18813 = CYLINDRICAL_SURFACE('',#18814,0.500001333575);
#18814 = AXIS2_PLACEMENT_3D('',#18815,#18816,#18817);
#18815 = CARTESIAN_POINT('',(202.27499866642,-72.28750133357,0.));
#18816 = DIRECTION('',(-0.,-0.,-1.));
#18817 = DIRECTION('',(0.999999999996,2.667139219464E-06,-0.));
#18818 = ADVANCED_FACE('',(#18819),#18830,.F.);
#18819 = FACE_BOUND('',#18820,.T.);
#18820 = EDGE_LOOP('',(#18821,#18822,#18823,#18829));
#18821 = ORIENTED_EDGE('',*,*,#18790,.T.);
#18822 = ORIENTED_EDGE('',*,*,#9616,.T.);
#18823 = ORIENTED_EDGE('',*,*,#18824,.F.);
#18824 = EDGE_CURVE('',#3950,#9609,#18825,.T.);
#18825 = LINE('',#18826,#18827);
#18826 = CARTESIAN_POINT('',(189.275,-85.7875,0.));
#18827 = VECTOR('',#18828,1.);
#18828 = DIRECTION('',(0.,0.,1.));
#18829 = ORIENTED_EDGE('',*,*,#3957,.F.);
#18830 = CYLINDRICAL_SURFACE('',#18831,0.500001333575);
#18831 = AXIS2_PLACEMENT_3D('',#18832,#18833,#18834);
#18832 = CARTESIAN_POINT('',(189.27500133357,-85.28749866642,0.));
#18833 = DIRECTION('',(-0.,-0.,-1.));
#18834 = DIRECTION('',(-0.999999999996,-2.667139134199E-06,0.));
#18835 = ADVANCED_FACE('',(#18836),#18847,.T.);
#18836 = FACE_BOUND('',#18837,.T.);
#18837 = EDGE_LOOP('',(#18838,#18844,#18845,#18846));
#18838 = ORIENTED_EDGE('',*,*,#18839,.T.);
#18839 = EDGE_CURVE('',#3933,#9592,#18840,.T.);
#18840 = LINE('',#18841,#18842);
#18841 = CARTESIAN_POINT('',(202.775,-85.2875,0.));
#18842 = VECTOR('',#18843,1.);
#18843 = DIRECTION('',(0.,0.,1.));
#18844 = ORIENTED_EDGE('',*,*,#9591,.T.);
#18845 = ORIENTED_EDGE('',*,*,#18805,.F.);
#18846 = ORIENTED_EDGE('',*,*,#3932,.F.);
#18847 = PLANE('',#18848);
#18848 = AXIS2_PLACEMENT_3D('',#18849,#18850,#18851);
#18849 = CARTESIAN_POINT('',(202.775,-85.2875,0.));
#18850 = DIRECTION('',(-1.,0.,0.));
#18851 = DIRECTION('',(0.,1.,0.));
#18852 = ADVANCED_FACE('',(#18853),#18864,.T.);
#18853 = FACE_BOUND('',#18854,.T.);
#18854 = EDGE_LOOP('',(#18855,#18856,#18857,#18863));
#18855 = ORIENTED_EDGE('',*,*,#18824,.T.);
#18856 = ORIENTED_EDGE('',*,*,#9608,.T.);
#18857 = ORIENTED_EDGE('',*,*,#18858,.F.);
#18858 = EDGE_CURVE('',#3941,#9600,#18859,.T.);
#18859 = LINE('',#18860,#18861);
#18860 = CARTESIAN_POINT('',(202.275,-85.7875,0.));
#18861 = VECTOR('',#18862,1.);
#18862 = DIRECTION('',(0.,0.,1.));
#18863 = ORIENTED_EDGE('',*,*,#3949,.F.);
#18864 = PLANE('',#18865);
#18865 = AXIS2_PLACEMENT_3D('',#18866,#18867,#18868);
#18866 = CARTESIAN_POINT('',(189.275,-85.7875,0.));
#18867 = DIRECTION('',(0.,1.,0.));
#18868 = DIRECTION('',(1.,0.,0.));
#18869 = ADVANCED_FACE('',(#18870),#18876,.F.);
#18870 = FACE_BOUND('',#18871,.T.);
#18871 = EDGE_LOOP('',(#18872,#18873,#18874,#18875));
#18872 = ORIENTED_EDGE('',*,*,#18858,.T.);
#18873 = ORIENTED_EDGE('',*,*,#9599,.T.);
#18874 = ORIENTED_EDGE('',*,*,#18839,.F.);
#18875 = ORIENTED_EDGE('',*,*,#3940,.F.);
#18876 = CYLINDRICAL_SURFACE('',#18877,0.500001333575);
#18877 = AXIS2_PLACEMENT_3D('',#18878,#18879,#18880);
#18878 = CARTESIAN_POINT('',(202.27499866642,-85.28749866642,0.));
#18879 = DIRECTION('',(-0.,-0.,-1.));
#18880 = DIRECTION('',(2.667139191043E-06,-0.999999999996,0.));
#18881 = ADVANCED_FACE('',(#18882),#18898,.F.);
#18882 = FACE_BOUND('',#18883,.T.);
#18883 = EDGE_LOOP('',(#18884,#18890,#18891,#18897));
#18884 = ORIENTED_EDGE('',*,*,#18885,.T.);
#18885 = EDGE_CURVE('',#3975,#9634,#18886,.T.);
#18886 = LINE('',#18887,#18888);
#18887 = CARTESIAN_POINT('',(203.6,-109.9875,0.));
#18888 = VECTOR('',#18889,1.);
#18889 = DIRECTION('',(0.,0.,1.));
#18890 = ORIENTED_EDGE('',*,*,#9633,.T.);
#18891 = ORIENTED_EDGE('',*,*,#18892,.F.);
#18892 = EDGE_CURVE('',#3977,#9636,#18893,.T.);
#18893 = LINE('',#18894,#18895);
#18894 = CARTESIAN_POINT('',(203.1,-110.4875,0.));
#18895 = VECTOR('',#18896,1.);
#18896 = DIRECTION('',(0.,0.,1.));
#18897 = ORIENTED_EDGE('',*,*,#3974,.F.);
#18898 = CYLINDRICAL_SURFACE('',#18899,0.500001333575);
#18899 = AXIS2_PLACEMENT_3D('',#18900,#18901,#18902);
#18900 = CARTESIAN_POINT('',(203.60000133357,-110.4875013335,0.));
#18901 = DIRECTION('',(-0.,-0.,-1.));
#18902 = DIRECTION('',(-2.667139247886E-06,0.999999999996,0.));
#18903 = ADVANCED_FACE('',(#18904),#18915,.T.);
#18904 = FACE_BOUND('',#18905,.T.);
#18905 = EDGE_LOOP('',(#18906,#18912,#18913,#18914));
#18906 = ORIENTED_EDGE('',*,*,#18907,.T.);
#18907 = EDGE_CURVE('',#3986,#9645,#18908,.T.);
#18908 = LINE('',#18909,#18910);
#18909 = CARTESIAN_POINT('',(216.6,-109.9875,0.));
#18910 = VECTOR('',#18911,1.);
#18911 = DIRECTION('',(0.,0.,1.));
#18912 = ORIENTED_EDGE('',*,*,#9644,.T.);
#18913 = ORIENTED_EDGE('',*,*,#18885,.F.);
#18914 = ORIENTED_EDGE('',*,*,#3985,.F.);
#18915 = PLANE('',#18916);
#18916 = AXIS2_PLACEMENT_3D('',#18917,#18918,#18919);
#18917 = CARTESIAN_POINT('',(216.6,-109.9875,0.));
#18918 = DIRECTION('',(0.,-1.,0.));
#18919 = DIRECTION('',(-1.,0.,0.));
#18920 = ADVANCED_FACE('',(#18921),#18932,.T.);
#18921 = FACE_BOUND('',#18922,.T.);
#18922 = EDGE_LOOP('',(#18923,#18924,#18925,#18931));
#18923 = ORIENTED_EDGE('',*,*,#18892,.T.);
#18924 = ORIENTED_EDGE('',*,*,#9695,.T.);
#18925 = ORIENTED_EDGE('',*,*,#18926,.F.);
#18926 = EDGE_CURVE('',#4028,#9687,#18927,.T.);
#18927 = LINE('',#18928,#18929);
#18928 = CARTESIAN_POINT('',(203.1,-123.4875,0.));
#18929 = VECTOR('',#18930,1.);
#18930 = DIRECTION('',(0.,0.,1.));
#18931 = ORIENTED_EDGE('',*,*,#4036,.F.);
#18932 = PLANE('',#18933);
#18933 = AXIS2_PLACEMENT_3D('',#18934,#18935,#18936);
#18934 = CARTESIAN_POINT('',(203.1,-110.4875,0.));
#18935 = DIRECTION('',(1.,0.,-0.));
#18936 = DIRECTION('',(0.,-1.,0.));
#18937 = ADVANCED_FACE('',(#18938),#18949,.F.);
#18938 = FACE_BOUND('',#18939,.T.);
#18939 = EDGE_LOOP('',(#18940,#18946,#18947,#18948));
#18940 = ORIENTED_EDGE('',*,*,#18941,.T.);
#18941 = EDGE_CURVE('',#3994,#9653,#18942,.T.);
#18942 = LINE('',#18943,#18944);
#18943 = CARTESIAN_POINT('',(217.1,-110.4875,0.));
#18944 = VECTOR('',#18945,1.);
#18945 = DIRECTION('',(0.,0.,1.));
#18946 = ORIENTED_EDGE('',*,*,#9652,.T.);
#18947 = ORIENTED_EDGE('',*,*,#18907,.F.);
#18948 = ORIENTED_EDGE('',*,*,#3993,.F.);
#18949 = CYLINDRICAL_SURFACE('',#18950,0.500001333575);
#18950 = AXIS2_PLACEMENT_3D('',#18951,#18952,#18953);
#18951 = CARTESIAN_POINT('',(216.59999866642,-110.4875013335,0.));
#18952 = DIRECTION('',(-0.,-0.,-1.));
#18953 = DIRECTION('',(0.999999999996,2.667139191042E-06,-0.));
#18954 = ADVANCED_FACE('',(#18955),#18966,.F.);
#18955 = FACE_BOUND('',#18956,.T.);
#18956 = EDGE_LOOP('',(#18957,#18958,#18959,#18965));
#18957 = ORIENTED_EDGE('',*,*,#18926,.T.);
#18958 = ORIENTED_EDGE('',*,*,#9686,.T.);
#18959 = ORIENTED_EDGE('',*,*,#18960,.F.);
#18960 = EDGE_CURVE('',#4020,#9679,#18961,.T.);
#18961 = LINE('',#18962,#18963);
#18962 = CARTESIAN_POINT('',(203.6,-123.9875,0.));
#18963 = VECTOR('',#18964,1.);
#18964 = DIRECTION('',(0.,0.,1.));
#18965 = ORIENTED_EDGE('',*,*,#4027,.F.);
#18966 = CYLINDRICAL_SURFACE('',#18967,0.500001333575);
#18967 = AXIS2_PLACEMENT_3D('',#18968,#18969,#18970);
#18968 = CARTESIAN_POINT('',(203.60000133357,-123.4874986664,0.));
#18969 = DIRECTION('',(-0.,-0.,-1.));
#18970 = DIRECTION('',(-0.999999999996,-2.667139134199E-06,0.));
#18971 = ADVANCED_FACE('',(#18972),#18983,.T.);
#18972 = FACE_BOUND('',#18973,.T.);
#18973 = EDGE_LOOP('',(#18974,#18980,#18981,#18982));
#18974 = ORIENTED_EDGE('',*,*,#18975,.T.);
#18975 = EDGE_CURVE('',#4003,#9662,#18976,.T.);
#18976 = LINE('',#18977,#18978);
#18977 = CARTESIAN_POINT('',(217.1,-123.4875,0.));
#18978 = VECTOR('',#18979,1.);
#18979 = DIRECTION('',(0.,0.,1.));
#18980 = ORIENTED_EDGE('',*,*,#9661,.T.);
#18981 = ORIENTED_EDGE('',*,*,#18941,.F.);
#18982 = ORIENTED_EDGE('',*,*,#4002,.F.);
#18983 = PLANE('',#18984);
#18984 = AXIS2_PLACEMENT_3D('',#18985,#18986,#18987);
#18985 = CARTESIAN_POINT('',(217.1,-123.4875,0.));
#18986 = DIRECTION('',(-1.,0.,0.));
#18987 = DIRECTION('',(0.,1.,0.));
#18988 = ADVANCED_FACE('',(#18989),#19000,.T.);
#18989 = FACE_BOUND('',#18990,.T.);
#18990 = EDGE_LOOP('',(#18991,#18992,#18993,#18999));
#18991 = ORIENTED_EDGE('',*,*,#18960,.T.);
#18992 = ORIENTED_EDGE('',*,*,#9678,.T.);
#18993 = ORIENTED_EDGE('',*,*,#18994,.F.);
#18994 = EDGE_CURVE('',#4011,#9670,#18995,.T.);
#18995 = LINE('',#18996,#18997);
#18996 = CARTESIAN_POINT('',(216.6,-123.9875,0.));
#18997 = VECTOR('',#18998,1.);
#18998 = DIRECTION('',(0.,0.,1.));
#18999 = ORIENTED_EDGE('',*,*,#4019,.F.);
#19000 = PLANE('',#19001);
#19001 = AXIS2_PLACEMENT_3D('',#19002,#19003,#19004);
#19002 = CARTESIAN_POINT('',(203.6,-123.9875,0.));
#19003 = DIRECTION('',(0.,1.,0.));
#19004 = DIRECTION('',(1.,0.,0.));
#19005 = ADVANCED_FACE('',(#19006),#19012,.F.);
#19006 = FACE_BOUND('',#19007,.T.);
#19007 = EDGE_LOOP('',(#19008,#19009,#19010,#19011));
#19008 = ORIENTED_EDGE('',*,*,#18994,.T.);
#19009 = ORIENTED_EDGE('',*,*,#9669,.T.);
#19010 = ORIENTED_EDGE('',*,*,#18975,.F.);
#19011 = ORIENTED_EDGE('',*,*,#4010,.F.);
#19012 = CYLINDRICAL_SURFACE('',#19013,0.500001333575);
#19013 = AXIS2_PLACEMENT_3D('',#19014,#19015,#19016);
#19014 = CARTESIAN_POINT('',(216.59999866642,-123.4874986664,0.));
#19015 = DIRECTION('',(-0.,-0.,-1.));
#19016 = DIRECTION('',(2.667139191043E-06,-0.999999999996,0.));
#19017 = ADVANCED_FACE('',(#19018),#19034,.F.);
#19018 = FACE_BOUND('',#19019,.T.);
#19019 = EDGE_LOOP('',(#19020,#19026,#19027,#19033));
#19020 = ORIENTED_EDGE('',*,*,#19021,.T.);
#19021 = EDGE_CURVE('',#4045,#9704,#19022,.T.);
#19022 = LINE('',#19023,#19024);
#19023 = CARTESIAN_POINT('',(222.7,-109.9875,0.));
#19024 = VECTOR('',#19025,1.);
#19025 = DIRECTION('',(0.,0.,1.));
#19026 = ORIENTED_EDGE('',*,*,#9703,.T.);
#19027 = ORIENTED_EDGE('',*,*,#19028,.F.);
#19028 = EDGE_CURVE('',#4047,#9706,#19029,.T.);
#19029 = LINE('',#19030,#19031);
#19030 = CARTESIAN_POINT('',(222.2,-110.4875,0.));
#19031 = VECTOR('',#19032,1.);
#19032 = DIRECTION('',(0.,0.,1.));
#19033 = ORIENTED_EDGE('',*,*,#4044,.F.);
#19034 = CYLINDRICAL_SURFACE('',#19035,0.500001333575);
#19035 = AXIS2_PLACEMENT_3D('',#19036,#19037,#19038);
#19036 = CARTESIAN_POINT('',(222.70000133357,-110.4875013335,0.));
#19037 = DIRECTION('',(-0.,-0.,-1.));
#19038 = DIRECTION('',(-2.667139304729E-06,0.999999999996,0.));
#19039 = ADVANCED_FACE('',(#19040),#19051,.T.);
#19040 = FACE_BOUND('',#19041,.T.);
#19041 = EDGE_LOOP('',(#19042,#19048,#19049,#19050));
#19042 = ORIENTED_EDGE('',*,*,#19043,.T.);
#19043 = EDGE_CURVE('',#4056,#9715,#19044,.T.);
#19044 = LINE('',#19045,#19046);
#19045 = CARTESIAN_POINT('',(235.7,-109.9875,0.));
#19046 = VECTOR('',#19047,1.);
#19047 = DIRECTION('',(0.,0.,1.));
#19048 = ORIENTED_EDGE('',*,*,#9714,.T.);
#19049 = ORIENTED_EDGE('',*,*,#19021,.F.);
#19050 = ORIENTED_EDGE('',*,*,#4055,.F.);
#19051 = PLANE('',#19052);
#19052 = AXIS2_PLACEMENT_3D('',#19053,#19054,#19055);
#19053 = CARTESIAN_POINT('',(235.7,-109.9875,0.));
#19054 = DIRECTION('',(0.,-1.,0.));
#19055 = DIRECTION('',(-1.,0.,0.));
#19056 = ADVANCED_FACE('',(#19057),#19068,.T.);
#19057 = FACE_BOUND('',#19058,.T.);
#19058 = EDGE_LOOP('',(#19059,#19060,#19061,#19067));
#19059 = ORIENTED_EDGE('',*,*,#19028,.T.);
#19060 = ORIENTED_EDGE('',*,*,#9765,.T.);
#19061 = ORIENTED_EDGE('',*,*,#19062,.F.);
#19062 = EDGE_CURVE('',#4098,#9757,#19063,.T.);
#19063 = LINE('',#19064,#19065);
#19064 = CARTESIAN_POINT('',(222.2,-123.4875,0.));
#19065 = VECTOR('',#19066,1.);
#19066 = DIRECTION('',(0.,0.,1.));
#19067 = ORIENTED_EDGE('',*,*,#4106,.F.);
#19068 = PLANE('',#19069);
#19069 = AXIS2_PLACEMENT_3D('',#19070,#19071,#19072);
#19070 = CARTESIAN_POINT('',(222.2,-110.4875,0.));
#19071 = DIRECTION('',(1.,0.,-0.));
#19072 = DIRECTION('',(0.,-1.,0.));
#19073 = ADVANCED_FACE('',(#19074),#19085,.F.);
#19074 = FACE_BOUND('',#19075,.T.);
#19075 = EDGE_LOOP('',(#19076,#19082,#19083,#19084));
#19076 = ORIENTED_EDGE('',*,*,#19077,.T.);
#19077 = EDGE_CURVE('',#4064,#9723,#19078,.T.);
#19078 = LINE('',#19079,#19080);
#19079 = CARTESIAN_POINT('',(236.2,-110.4875,0.));
#19080 = VECTOR('',#19081,1.);
#19081 = DIRECTION('',(0.,0.,1.));
#19082 = ORIENTED_EDGE('',*,*,#9722,.T.);
#19083 = ORIENTED_EDGE('',*,*,#19043,.F.);
#19084 = ORIENTED_EDGE('',*,*,#4063,.F.);
#19085 = CYLINDRICAL_SURFACE('',#19086,0.500001333575);
#19086 = AXIS2_PLACEMENT_3D('',#19087,#19088,#19089);
#19087 = CARTESIAN_POINT('',(235.69999866642,-110.4875013335,0.));
#19088 = DIRECTION('',(-0.,-0.,-1.));
#19089 = DIRECTION('',(0.999999999996,2.667139191042E-06,-0.));
#19090 = ADVANCED_FACE('',(#19091),#19102,.F.);
#19091 = FACE_BOUND('',#19092,.T.);
#19092 = EDGE_LOOP('',(#19093,#19094,#19095,#19101));
#19093 = ORIENTED_EDGE('',*,*,#19062,.T.);
#19094 = ORIENTED_EDGE('',*,*,#9756,.T.);
#19095 = ORIENTED_EDGE('',*,*,#19096,.F.);
#19096 = EDGE_CURVE('',#4090,#9749,#19097,.T.);
#19097 = LINE('',#19098,#19099);
#19098 = CARTESIAN_POINT('',(222.7,-123.9875,0.));
#19099 = VECTOR('',#19100,1.);
#19100 = DIRECTION('',(0.,0.,1.));
#19101 = ORIENTED_EDGE('',*,*,#4097,.F.);
#19102 = CYLINDRICAL_SURFACE('',#19103,0.500001333575);
#19103 = AXIS2_PLACEMENT_3D('',#19104,#19105,#19106);
#19104 = CARTESIAN_POINT('',(222.70000133357,-123.4874986664,0.));
#19105 = DIRECTION('',(-0.,-0.,-1.));
#19106 = DIRECTION('',(-0.999999999996,-2.667139247886E-06,0.));
#19107 = ADVANCED_FACE('',(#19108),#19119,.T.);
#19108 = FACE_BOUND('',#19109,.T.);
#19109 = EDGE_LOOP('',(#19110,#19116,#19117,#19118));
#19110 = ORIENTED_EDGE('',*,*,#19111,.T.);
#19111 = EDGE_CURVE('',#4073,#9732,#19112,.T.);
#19112 = LINE('',#19113,#19114);
#19113 = CARTESIAN_POINT('',(236.2,-123.4875,0.));
#19114 = VECTOR('',#19115,1.);
#19115 = DIRECTION('',(0.,0.,1.));
#19116 = ORIENTED_EDGE('',*,*,#9731,.T.);
#19117 = ORIENTED_EDGE('',*,*,#19077,.F.);
#19118 = ORIENTED_EDGE('',*,*,#4072,.F.);
#19119 = PLANE('',#19120);
#19120 = AXIS2_PLACEMENT_3D('',#19121,#19122,#19123);
#19121 = CARTESIAN_POINT('',(236.2,-123.4875,0.));
#19122 = DIRECTION('',(-1.,0.,0.));
#19123 = DIRECTION('',(0.,1.,0.));
#19124 = ADVANCED_FACE('',(#19125),#19136,.T.);
#19125 = FACE_BOUND('',#19126,.T.);
#19126 = EDGE_LOOP('',(#19127,#19128,#19129,#19135));
#19127 = ORIENTED_EDGE('',*,*,#19096,.T.);
#19128 = ORIENTED_EDGE('',*,*,#9748,.T.);
#19129 = ORIENTED_EDGE('',*,*,#19130,.F.);
#19130 = EDGE_CURVE('',#4081,#9740,#19131,.T.);
#19131 = LINE('',#19132,#19133);
#19132 = CARTESIAN_POINT('',(235.7,-123.9875,0.));
#19133 = VECTOR('',#19134,1.);
#19134 = DIRECTION('',(0.,0.,1.));
#19135 = ORIENTED_EDGE('',*,*,#4089,.F.);
#19136 = PLANE('',#19137);
#19137 = AXIS2_PLACEMENT_3D('',#19138,#19139,#19140);
#19138 = CARTESIAN_POINT('',(222.7,-123.9875,0.));
#19139 = DIRECTION('',(0.,1.,0.));
#19140 = DIRECTION('',(1.,0.,0.));
#19141 = ADVANCED_FACE('',(#19142),#19148,.F.);
#19142 = FACE_BOUND('',#19143,.T.);
#19143 = EDGE_LOOP('',(#19144,#19145,#19146,#19147));
#19144 = ORIENTED_EDGE('',*,*,#19130,.T.);
#19145 = ORIENTED_EDGE('',*,*,#9739,.T.);
#19146 = ORIENTED_EDGE('',*,*,#19111,.F.);
#19147 = ORIENTED_EDGE('',*,*,#4080,.F.);
#19148 = CYLINDRICAL_SURFACE('',#19149,0.500001333575);
#19149 = AXIS2_PLACEMENT_3D('',#19150,#19151,#19152);
#19150 = CARTESIAN_POINT('',(235.69999866642,-123.4874986664,0.));
#19151 = DIRECTION('',(-0.,-0.,-1.));
#19152 = DIRECTION('',(2.667139134199E-06,-0.999999999996,0.));
#19153 = ADVANCED_FACE('',(#19154),#19170,.F.);
#19154 = FACE_BOUND('',#19155,.T.);
#19155 = EDGE_LOOP('',(#19156,#19162,#19163,#19169));
#19156 = ORIENTED_EDGE('',*,*,#19157,.T.);
#19157 = EDGE_CURVE('',#4115,#9774,#19158,.T.);
#19158 = LINE('',#19159,#19160);
#19159 = CARTESIAN_POINT('',(241.8,-109.9875,0.));
#19160 = VECTOR('',#19161,1.);
#19161 = DIRECTION('',(0.,0.,1.));
#19162 = ORIENTED_EDGE('',*,*,#9773,.T.);
#19163 = ORIENTED_EDGE('',*,*,#19164,.F.);
#19164 = EDGE_CURVE('',#4117,#9776,#19165,.T.);
#19165 = LINE('',#19166,#19167);
#19166 = CARTESIAN_POINT('',(241.3,-110.4875,0.));
#19167 = VECTOR('',#19168,1.);
#19168 = DIRECTION('',(0.,0.,1.));
#19169 = ORIENTED_EDGE('',*,*,#4114,.F.);
#19170 = CYLINDRICAL_SURFACE('',#19171,0.500001333575);
#19171 = AXIS2_PLACEMENT_3D('',#19172,#19173,#19174);
#19172 = CARTESIAN_POINT('',(241.80000133357,-110.4875013335,0.));
#19173 = DIRECTION('',(-0.,-0.,-1.));
#19174 = DIRECTION('',(-2.667139191042E-06,0.999999999996,0.));
#19175 = ADVANCED_FACE('',(#19176),#19187,.T.);
#19176 = FACE_BOUND('',#19177,.T.);
#19177 = EDGE_LOOP('',(#19178,#19184,#19185,#19186));
#19178 = ORIENTED_EDGE('',*,*,#19179,.T.);
#19179 = EDGE_CURVE('',#4126,#9785,#19180,.T.);
#19180 = LINE('',#19181,#19182);
#19181 = CARTESIAN_POINT('',(254.8,-109.9875,0.));
#19182 = VECTOR('',#19183,1.);
#19183 = DIRECTION('',(0.,0.,1.));
#19184 = ORIENTED_EDGE('',*,*,#9784,.T.);
#19185 = ORIENTED_EDGE('',*,*,#19157,.F.);
#19186 = ORIENTED_EDGE('',*,*,#4125,.F.);
#19187 = PLANE('',#19188);
#19188 = AXIS2_PLACEMENT_3D('',#19189,#19190,#19191);
#19189 = CARTESIAN_POINT('',(254.8,-109.9875,0.));
#19190 = DIRECTION('',(0.,-1.,0.));
#19191 = DIRECTION('',(-1.,0.,0.));
#19192 = ADVANCED_FACE('',(#19193),#19204,.T.);
#19193 = FACE_BOUND('',#19194,.T.);
#19194 = EDGE_LOOP('',(#19195,#19196,#19197,#19203));
#19195 = ORIENTED_EDGE('',*,*,#19164,.T.);
#19196 = ORIENTED_EDGE('',*,*,#9835,.T.);
#19197 = ORIENTED_EDGE('',*,*,#19198,.F.);
#19198 = EDGE_CURVE('',#4168,#9827,#19199,.T.);
#19199 = LINE('',#19200,#19201);
#19200 = CARTESIAN_POINT('',(241.3,-123.4875,0.));
#19201 = VECTOR('',#19202,1.);
#19202 = DIRECTION('',(0.,0.,1.));
#19203 = ORIENTED_EDGE('',*,*,#4176,.F.);
#19204 = PLANE('',#19205);
#19205 = AXIS2_PLACEMENT_3D('',#19206,#19207,#19208);
#19206 = CARTESIAN_POINT('',(241.3,-110.4875,0.));
#19207 = DIRECTION('',(1.,0.,-0.));
#19208 = DIRECTION('',(0.,-1.,0.));
#19209 = ADVANCED_FACE('',(#19210),#19221,.F.);
#19210 = FACE_BOUND('',#19211,.T.);
#19211 = EDGE_LOOP('',(#19212,#19218,#19219,#19220));
#19212 = ORIENTED_EDGE('',*,*,#19213,.T.);
#19213 = EDGE_CURVE('',#4134,#9793,#19214,.T.);
#19214 = LINE('',#19215,#19216);
#19215 = CARTESIAN_POINT('',(255.3,-110.4875,0.));
#19216 = VECTOR('',#19217,1.);
#19217 = DIRECTION('',(0.,0.,1.));
#19218 = ORIENTED_EDGE('',*,*,#9792,.T.);
#19219 = ORIENTED_EDGE('',*,*,#19179,.F.);
#19220 = ORIENTED_EDGE('',*,*,#4133,.F.);
#19221 = CYLINDRICAL_SURFACE('',#19222,0.500001333575);
#19222 = AXIS2_PLACEMENT_3D('',#19223,#19224,#19225);
#19223 = CARTESIAN_POINT('',(254.79999866642,-110.4875013335,0.));
#19224 = DIRECTION('',(-0.,-0.,-1.));
#19225 = DIRECTION('',(0.999999999996,2.667139276307E-06,-0.));
#19226 = ADVANCED_FACE('',(#19227),#19238,.F.);
#19227 = FACE_BOUND('',#19228,.T.);
#19228 = EDGE_LOOP('',(#19229,#19230,#19231,#19237));
#19229 = ORIENTED_EDGE('',*,*,#19198,.T.);
#19230 = ORIENTED_EDGE('',*,*,#9826,.T.);
#19231 = ORIENTED_EDGE('',*,*,#19232,.F.);
#19232 = EDGE_CURVE('',#4160,#9819,#19233,.T.);
#19233 = LINE('',#19234,#19235);
#19234 = CARTESIAN_POINT('',(241.8,-123.9875,0.));
#19235 = VECTOR('',#19236,1.);
#19236 = DIRECTION('',(0.,0.,1.));
#19237 = ORIENTED_EDGE('',*,*,#4167,.F.);
#19238 = CYLINDRICAL_SURFACE('',#19239,0.500001333575);
#19239 = AXIS2_PLACEMENT_3D('',#19240,#19241,#19242);
#19240 = CARTESIAN_POINT('',(241.80000133357,-123.4874986664,0.));
#19241 = DIRECTION('',(-0.,-0.,-1.));
#19242 = DIRECTION('',(-0.999999999996,-2.667139134199E-06,0.));
#19243 = ADVANCED_FACE('',(#19244),#19255,.T.);
#19244 = FACE_BOUND('',#19245,.T.);
#19245 = EDGE_LOOP('',(#19246,#19252,#19253,#19254));
#19246 = ORIENTED_EDGE('',*,*,#19247,.T.);
#19247 = EDGE_CURVE('',#4143,#9802,#19248,.T.);
#19248 = LINE('',#19249,#19250);
#19249 = CARTESIAN_POINT('',(255.3,-123.4875,0.));
#19250 = VECTOR('',#19251,1.);
#19251 = DIRECTION('',(0.,0.,1.));
#19252 = ORIENTED_EDGE('',*,*,#9801,.T.);
#19253 = ORIENTED_EDGE('',*,*,#19213,.F.);
#19254 = ORIENTED_EDGE('',*,*,#4142,.F.);
#19255 = PLANE('',#19256);
#19256 = AXIS2_PLACEMENT_3D('',#19257,#19258,#19259);
#19257 = CARTESIAN_POINT('',(255.3,-123.4875,0.));
#19258 = DIRECTION('',(-1.,0.,0.));
#19259 = DIRECTION('',(0.,1.,0.));
#19260 = ADVANCED_FACE('',(#19261),#19272,.T.);
#19261 = FACE_BOUND('',#19262,.T.);
#19262 = EDGE_LOOP('',(#19263,#19264,#19265,#19271));
#19263 = ORIENTED_EDGE('',*,*,#19232,.T.);
#19264 = ORIENTED_EDGE('',*,*,#9818,.T.);
#19265 = ORIENTED_EDGE('',*,*,#19266,.F.);
#19266 = EDGE_CURVE('',#4151,#9810,#19267,.T.);
#19267 = LINE('',#19268,#19269);
#19268 = CARTESIAN_POINT('',(254.8,-123.9875,0.));
#19269 = VECTOR('',#19270,1.);
#19270 = DIRECTION('',(0.,0.,1.));
#19271 = ORIENTED_EDGE('',*,*,#4159,.F.);
#19272 = PLANE('',#19273);
#19273 = AXIS2_PLACEMENT_3D('',#19274,#19275,#19276);
#19274 = CARTESIAN_POINT('',(241.8,-123.9875,0.));
#19275 = DIRECTION('',(0.,1.,0.));
#19276 = DIRECTION('',(1.,0.,0.));
#19277 = ADVANCED_FACE('',(#19278),#19284,.F.);
#19278 = FACE_BOUND('',#19279,.T.);
#19279 = EDGE_LOOP('',(#19280,#19281,#19282,#19283));
#19280 = ORIENTED_EDGE('',*,*,#19266,.T.);
#19281 = ORIENTED_EDGE('',*,*,#9809,.T.);
#19282 = ORIENTED_EDGE('',*,*,#19247,.F.);
#19283 = ORIENTED_EDGE('',*,*,#4150,.F.);
#19284 = CYLINDRICAL_SURFACE('',#19285,0.500001333575);
#19285 = AXIS2_PLACEMENT_3D('',#19286,#19287,#19288);
#19286 = CARTESIAN_POINT('',(254.79999866642,-123.4874986664,0.));
#19287 = DIRECTION('',(-0.,-0.,-1.));
#19288 = DIRECTION('',(2.667139247886E-06,-0.999999999996,0.));
#19289 = ADVANCED_FACE('',(#19290),#19306,.F.);
#19290 = FACE_BOUND('',#19291,.T.);
#19291 = EDGE_LOOP('',(#19292,#19298,#19299,#19305));
#19292 = ORIENTED_EDGE('',*,*,#19293,.T.);
#19293 = EDGE_CURVE('',#4185,#9844,#19294,.T.);
#19294 = LINE('',#19295,#19296);
#19295 = CARTESIAN_POINT('',(260.9,-109.9875,0.));
#19296 = VECTOR('',#19297,1.);
#19297 = DIRECTION('',(0.,0.,1.));
#19298 = ORIENTED_EDGE('',*,*,#9843,.T.);
#19299 = ORIENTED_EDGE('',*,*,#19300,.F.);
#19300 = EDGE_CURVE('',#4187,#9846,#19301,.T.);
#19301 = LINE('',#19302,#19303);
#19302 = CARTESIAN_POINT('',(260.4,-110.4875,0.));
#19303 = VECTOR('',#19304,1.);
#19304 = DIRECTION('',(0.,0.,1.));
#19305 = ORIENTED_EDGE('',*,*,#4184,.F.);
#19306 = CYLINDRICAL_SURFACE('',#19307,0.500001333575);
#19307 = AXIS2_PLACEMENT_3D('',#19308,#19309,#19310);
#19308 = CARTESIAN_POINT('',(260.90000133357,-110.4875013335,0.));
#19309 = DIRECTION('',(-0.,-0.,-1.));
#19310 = DIRECTION('',(-2.667139304729E-06,0.999999999996,0.));
#19311 = ADVANCED_FACE('',(#19312),#19323,.T.);
#19312 = FACE_BOUND('',#19313,.T.);
#19313 = EDGE_LOOP('',(#19314,#19320,#19321,#19322));
#19314 = ORIENTED_EDGE('',*,*,#19315,.T.);
#19315 = EDGE_CURVE('',#4196,#9855,#19316,.T.);
#19316 = LINE('',#19317,#19318);
#19317 = CARTESIAN_POINT('',(273.9,-109.9875,0.));
#19318 = VECTOR('',#19319,1.);
#19319 = DIRECTION('',(0.,0.,1.));
#19320 = ORIENTED_EDGE('',*,*,#9854,.T.);
#19321 = ORIENTED_EDGE('',*,*,#19293,.F.);
#19322 = ORIENTED_EDGE('',*,*,#4195,.F.);
#19323 = PLANE('',#19324);
#19324 = AXIS2_PLACEMENT_3D('',#19325,#19326,#19327);
#19325 = CARTESIAN_POINT('',(273.9,-109.9875,0.));
#19326 = DIRECTION('',(0.,-1.,0.));
#19327 = DIRECTION('',(-1.,0.,0.));
#19328 = ADVANCED_FACE('',(#19329),#19340,.T.);
#19329 = FACE_BOUND('',#19330,.T.);
#19330 = EDGE_LOOP('',(#19331,#19332,#19333,#19339));
#19331 = ORIENTED_EDGE('',*,*,#19300,.T.);
#19332 = ORIENTED_EDGE('',*,*,#9905,.T.);
#19333 = ORIENTED_EDGE('',*,*,#19334,.F.);
#19334 = EDGE_CURVE('',#4238,#9897,#19335,.T.);
#19335 = LINE('',#19336,#19337);
#19336 = CARTESIAN_POINT('',(260.4,-123.4875,0.));
#19337 = VECTOR('',#19338,1.);
#19338 = DIRECTION('',(0.,0.,1.));
#19339 = ORIENTED_EDGE('',*,*,#4246,.F.);
#19340 = PLANE('',#19341);
#19341 = AXIS2_PLACEMENT_3D('',#19342,#19343,#19344);
#19342 = CARTESIAN_POINT('',(260.4,-110.4875,0.));
#19343 = DIRECTION('',(1.,0.,-0.));
#19344 = DIRECTION('',(0.,-1.,0.));
#19345 = ADVANCED_FACE('',(#19346),#19357,.F.);
#19346 = FACE_BOUND('',#19347,.T.);
#19347 = EDGE_LOOP('',(#19348,#19354,#19355,#19356));
#19348 = ORIENTED_EDGE('',*,*,#19349,.T.);
#19349 = EDGE_CURVE('',#4204,#9863,#19350,.T.);
#19350 = LINE('',#19351,#19352);
#19351 = CARTESIAN_POINT('',(274.4,-110.4875,0.));
#19352 = VECTOR('',#19353,1.);
#19353 = DIRECTION('',(0.,0.,1.));
#19354 = ORIENTED_EDGE('',*,*,#9862,.T.);
#19355 = ORIENTED_EDGE('',*,*,#19315,.F.);
#19356 = ORIENTED_EDGE('',*,*,#4203,.F.);
#19357 = CYLINDRICAL_SURFACE('',#19358,0.500001333575);
#19358 = AXIS2_PLACEMENT_3D('',#19359,#19360,#19361);
#19359 = CARTESIAN_POINT('',(273.89999866642,-110.4875013335,0.));
#19360 = DIRECTION('',(-0.,-0.,-1.));
#19361 = DIRECTION('',(0.999999999996,2.667139077356E-06,-0.));
#19362 = ADVANCED_FACE('',(#19363),#19374,.F.);
#19363 = FACE_BOUND('',#19364,.T.);
#19364 = EDGE_LOOP('',(#19365,#19366,#19367,#19373));
#19365 = ORIENTED_EDGE('',*,*,#19334,.T.);
#19366 = ORIENTED_EDGE('',*,*,#9896,.T.);
#19367 = ORIENTED_EDGE('',*,*,#19368,.F.);
#19368 = EDGE_CURVE('',#4230,#9889,#19369,.T.);
#19369 = LINE('',#19370,#19371);
#19370 = CARTESIAN_POINT('',(260.9,-123.9875,0.));
#19371 = VECTOR('',#19372,1.);
#19372 = DIRECTION('',(0.,0.,1.));
#19373 = ORIENTED_EDGE('',*,*,#4237,.F.);
#19374 = CYLINDRICAL_SURFACE('',#19375,0.500001333575);
#19375 = AXIS2_PLACEMENT_3D('',#19376,#19377,#19378);
#19376 = CARTESIAN_POINT('',(260.90000133357,-123.4874986664,0.));
#19377 = DIRECTION('',(-0.,-0.,-1.));
#19378 = DIRECTION('',(-0.999999999996,-2.667139247885E-06,0.));
#19379 = ADVANCED_FACE('',(#19380),#19391,.T.);
#19380 = FACE_BOUND('',#19381,.T.);
#19381 = EDGE_LOOP('',(#19382,#19388,#19389,#19390));
#19382 = ORIENTED_EDGE('',*,*,#19383,.T.);
#19383 = EDGE_CURVE('',#4213,#9872,#19384,.T.);
#19384 = LINE('',#19385,#19386);
#19385 = CARTESIAN_POINT('',(274.4,-123.4875,0.));
#19386 = VECTOR('',#19387,1.);
#19387 = DIRECTION('',(0.,0.,1.));
#19388 = ORIENTED_EDGE('',*,*,#9871,.T.);
#19389 = ORIENTED_EDGE('',*,*,#19349,.F.);
#19390 = ORIENTED_EDGE('',*,*,#4212,.F.);
#19391 = PLANE('',#19392);
#19392 = AXIS2_PLACEMENT_3D('',#19393,#19394,#19395);
#19393 = CARTESIAN_POINT('',(274.4,-123.4875,0.));
#19394 = DIRECTION('',(-1.,0.,0.));
#19395 = DIRECTION('',(0.,1.,0.));
#19396 = ADVANCED_FACE('',(#19397),#19408,.T.);
#19397 = FACE_BOUND('',#19398,.T.);
#19398 = EDGE_LOOP('',(#19399,#19400,#19401,#19407));
#19399 = ORIENTED_EDGE('',*,*,#19368,.T.);
#19400 = ORIENTED_EDGE('',*,*,#9888,.T.);
#19401 = ORIENTED_EDGE('',*,*,#19402,.F.);
#19402 = EDGE_CURVE('',#4221,#9880,#19403,.T.);
#19403 = LINE('',#19404,#19405);
#19404 = CARTESIAN_POINT('',(273.9,-123.9875,0.));
#19405 = VECTOR('',#19406,1.);
#19406 = DIRECTION('',(0.,0.,1.));
#19407 = ORIENTED_EDGE('',*,*,#4229,.F.);
#19408 = PLANE('',#19409);
#19409 = AXIS2_PLACEMENT_3D('',#19410,#19411,#19412);
#19410 = CARTESIAN_POINT('',(260.9,-123.9875,0.));
#19411 = DIRECTION('',(0.,1.,0.));
#19412 = DIRECTION('',(1.,0.,0.));
#19413 = ADVANCED_FACE('',(#19414),#19420,.F.);
#19414 = FACE_BOUND('',#19415,.T.);
#19415 = EDGE_LOOP('',(#19416,#19417,#19418,#19419));
#19416 = ORIENTED_EDGE('',*,*,#19402,.T.);
#19417 = ORIENTED_EDGE('',*,*,#9879,.T.);
#19418 = ORIENTED_EDGE('',*,*,#19383,.F.);
#19419 = ORIENTED_EDGE('',*,*,#4220,.F.);
#19420 = CYLINDRICAL_SURFACE('',#19421,0.500001333575);
#19421 = AXIS2_PLACEMENT_3D('',#19422,#19423,#19424);
#19422 = CARTESIAN_POINT('',(273.89999866642,-123.4874986664,0.));
#19423 = DIRECTION('',(-0.,-0.,-1.));
#19424 = DIRECTION('',(2.667139077356E-06,-0.999999999996,0.));
#19425 = ADVANCED_FACE('',(#19426),#19442,.F.);
#19426 = FACE_BOUND('',#19427,.T.);
#19427 = EDGE_LOOP('',(#19428,#19434,#19435,#19441));
#19428 = ORIENTED_EDGE('',*,*,#19429,.T.);
#19429 = EDGE_CURVE('',#4255,#9914,#19430,.T.);
#19430 = LINE('',#19431,#19432);
#19431 = CARTESIAN_POINT('',(217.925,-90.8875,0.));
#19432 = VECTOR('',#19433,1.);
#19433 = DIRECTION('',(0.,0.,1.));
#19434 = ORIENTED_EDGE('',*,*,#9913,.T.);
#19435 = ORIENTED_EDGE('',*,*,#19436,.F.);
#19436 = EDGE_CURVE('',#4257,#9916,#19437,.T.);
#19437 = LINE('',#19438,#19439);
#19438 = CARTESIAN_POINT('',(217.425,-91.3875,0.));
#19439 = VECTOR('',#19440,1.);
#19440 = DIRECTION('',(0.,0.,1.));
#19441 = ORIENTED_EDGE('',*,*,#4254,.F.);
#19442 = CYLINDRICAL_SURFACE('',#19443,0.500001333575);
#19443 = AXIS2_PLACEMENT_3D('',#19444,#19445,#19446);
#19444 = CARTESIAN_POINT('',(217.92500133357,-91.38750133357,0.));
#19445 = DIRECTION('',(-0.,-0.,-1.));
#19446 = DIRECTION('',(-2.667139134199E-06,0.999999999996,0.));
#19447 = ADVANCED_FACE('',(#19448),#19459,.T.);
#19448 = FACE_BOUND('',#19449,.T.);
#19449 = EDGE_LOOP('',(#19450,#19456,#19457,#19458));
#19450 = ORIENTED_EDGE('',*,*,#19451,.T.);
#19451 = EDGE_CURVE('',#4266,#9925,#19452,.T.);
#19452 = LINE('',#19453,#19454);
#19453 = CARTESIAN_POINT('',(230.925,-90.8875,0.));
#19454 = VECTOR('',#19455,1.);
#19455 = DIRECTION('',(0.,0.,1.));
#19456 = ORIENTED_EDGE('',*,*,#9924,.T.);
#19457 = ORIENTED_EDGE('',*,*,#19429,.F.);
#19458 = ORIENTED_EDGE('',*,*,#4265,.F.);
#19459 = PLANE('',#19460);
#19460 = AXIS2_PLACEMENT_3D('',#19461,#19462,#19463);
#19461 = CARTESIAN_POINT('',(230.925,-90.8875,0.));
#19462 = DIRECTION('',(0.,-1.,0.));
#19463 = DIRECTION('',(-1.,0.,0.));
#19464 = ADVANCED_FACE('',(#19465),#19476,.T.);
#19465 = FACE_BOUND('',#19466,.T.);
#19466 = EDGE_LOOP('',(#19467,#19468,#19469,#19475));
#19467 = ORIENTED_EDGE('',*,*,#19436,.T.);
#19468 = ORIENTED_EDGE('',*,*,#9975,.T.);
#19469 = ORIENTED_EDGE('',*,*,#19470,.F.);
#19470 = EDGE_CURVE('',#4308,#9967,#19471,.T.);
#19471 = LINE('',#19472,#19473);
#19472 = CARTESIAN_POINT('',(217.425,-104.3875,0.));
#19473 = VECTOR('',#19474,1.);
#19474 = DIRECTION('',(0.,0.,1.));
#19475 = ORIENTED_EDGE('',*,*,#4316,.F.);
#19476 = PLANE('',#19477);
#19477 = AXIS2_PLACEMENT_3D('',#19478,#19479,#19480);
#19478 = CARTESIAN_POINT('',(217.425,-91.3875,0.));
#19479 = DIRECTION('',(1.,0.,-0.));
#19480 = DIRECTION('',(0.,-1.,0.));
#19481 = ADVANCED_FACE('',(#19482),#19493,.F.);
#19482 = FACE_BOUND('',#19483,.T.);
#19483 = EDGE_LOOP('',(#19484,#19490,#19491,#19492));
#19484 = ORIENTED_EDGE('',*,*,#19485,.T.);
#19485 = EDGE_CURVE('',#4274,#9933,#19486,.T.);
#19486 = LINE('',#19487,#19488);
#19487 = CARTESIAN_POINT('',(231.425,-91.3875,0.));
#19488 = VECTOR('',#19489,1.);
#19489 = DIRECTION('',(0.,0.,1.));
#19490 = ORIENTED_EDGE('',*,*,#9932,.T.);
#19491 = ORIENTED_EDGE('',*,*,#19451,.F.);
#19492 = ORIENTED_EDGE('',*,*,#4273,.F.);
#19493 = CYLINDRICAL_SURFACE('',#19494,0.500001333575);
#19494 = AXIS2_PLACEMENT_3D('',#19495,#19496,#19497);
#19495 = CARTESIAN_POINT('',(230.92499866642,-91.38750133357,0.));
#19496 = DIRECTION('',(-0.,-0.,-1.));
#19497 = DIRECTION('',(0.999999999996,2.667139247886E-06,-0.));
#19498 = ADVANCED_FACE('',(#19499),#19510,.F.);
#19499 = FACE_BOUND('',#19500,.T.);
#19500 = EDGE_LOOP('',(#19501,#19502,#19503,#19509));
#19501 = ORIENTED_EDGE('',*,*,#19470,.T.);
#19502 = ORIENTED_EDGE('',*,*,#9966,.T.);
#19503 = ORIENTED_EDGE('',*,*,#19504,.F.);
#19504 = EDGE_CURVE('',#4300,#9959,#19505,.T.);
#19505 = LINE('',#19506,#19507);
#19506 = CARTESIAN_POINT('',(217.925,-104.8875,0.));
#19507 = VECTOR('',#19508,1.);
#19508 = DIRECTION('',(0.,0.,1.));
#19509 = ORIENTED_EDGE('',*,*,#4307,.F.);
#19510 = CYLINDRICAL_SURFACE('',#19511,0.500001333575);
#19511 = AXIS2_PLACEMENT_3D('',#19512,#19513,#19514);
#19512 = CARTESIAN_POINT('',(217.92500133357,-104.3874986664,0.));
#19513 = DIRECTION('',(-0.,-0.,-1.));
#19514 = DIRECTION('',(-0.999999999996,-2.667139191042E-06,0.));
#19515 = ADVANCED_FACE('',(#19516),#19527,.T.);
#19516 = FACE_BOUND('',#19517,.T.);
#19517 = EDGE_LOOP('',(#19518,#19524,#19525,#19526));
#19518 = ORIENTED_EDGE('',*,*,#19519,.T.);
#19519 = EDGE_CURVE('',#4283,#9942,#19520,.T.);
#19520 = LINE('',#19521,#19522);
#19521 = CARTESIAN_POINT('',(231.425,-104.3875,0.));
#19522 = VECTOR('',#19523,1.);
#19523 = DIRECTION('',(0.,0.,1.));
#19524 = ORIENTED_EDGE('',*,*,#9941,.T.);
#19525 = ORIENTED_EDGE('',*,*,#19485,.F.);
#19526 = ORIENTED_EDGE('',*,*,#4282,.F.);
#19527 = PLANE('',#19528);
#19528 = AXIS2_PLACEMENT_3D('',#19529,#19530,#19531);
#19529 = CARTESIAN_POINT('',(231.425,-104.3875,0.));
#19530 = DIRECTION('',(-1.,0.,0.));
#19531 = DIRECTION('',(0.,1.,0.));
#19532 = ADVANCED_FACE('',(#19533),#19544,.T.);
#19533 = FACE_BOUND('',#19534,.T.);
#19534 = EDGE_LOOP('',(#19535,#19536,#19537,#19543));
#19535 = ORIENTED_EDGE('',*,*,#19504,.T.);
#19536 = ORIENTED_EDGE('',*,*,#9958,.T.);
#19537 = ORIENTED_EDGE('',*,*,#19538,.F.);
#19538 = EDGE_CURVE('',#4291,#9950,#19539,.T.);
#19539 = LINE('',#19540,#19541);
#19540 = CARTESIAN_POINT('',(230.925,-104.8875,0.));
#19541 = VECTOR('',#19542,1.);
#19542 = DIRECTION('',(0.,0.,1.));
#19543 = ORIENTED_EDGE('',*,*,#4299,.F.);
#19544 = PLANE('',#19545);
#19545 = AXIS2_PLACEMENT_3D('',#19546,#19547,#19548);
#19546 = CARTESIAN_POINT('',(217.925,-104.8875,0.));
#19547 = DIRECTION('',(0.,1.,0.));
#19548 = DIRECTION('',(1.,0.,0.));
#19549 = ADVANCED_FACE('',(#19550),#19556,.F.);
#19550 = FACE_BOUND('',#19551,.T.);
#19551 = EDGE_LOOP('',(#19552,#19553,#19554,#19555));
#19552 = ORIENTED_EDGE('',*,*,#19538,.T.);
#19553 = ORIENTED_EDGE('',*,*,#9949,.T.);
#19554 = ORIENTED_EDGE('',*,*,#19519,.F.);
#19555 = ORIENTED_EDGE('',*,*,#4290,.F.);
#19556 = CYLINDRICAL_SURFACE('',#19557,0.500001333575);
#19557 = AXIS2_PLACEMENT_3D('',#19558,#19559,#19560);
#19558 = CARTESIAN_POINT('',(230.92499866642,-104.3874986664,0.));
#19559 = DIRECTION('',(-0.,-0.,-1.));
#19560 = DIRECTION('',(2.667139304729E-06,-0.999999999996,0.));
#19561 = ADVANCED_FACE('',(#19562),#19578,.F.);
#19562 = FACE_BOUND('',#19563,.T.);
#19563 = EDGE_LOOP('',(#19564,#19570,#19571,#19577));
#19564 = ORIENTED_EDGE('',*,*,#19565,.T.);
#19565 = EDGE_CURVE('',#4325,#9984,#19566,.T.);
#19566 = LINE('',#19567,#19568);
#19567 = CARTESIAN_POINT('',(237.025,-90.8875,0.));
#19568 = VECTOR('',#19569,1.);
#19569 = DIRECTION('',(0.,0.,1.));
#19570 = ORIENTED_EDGE('',*,*,#9983,.T.);
#19571 = ORIENTED_EDGE('',*,*,#19572,.F.);
#19572 = EDGE_CURVE('',#4327,#9986,#19573,.T.);
#19573 = LINE('',#19574,#19575);
#19574 = CARTESIAN_POINT('',(236.525,-91.3875,0.));
#19575 = VECTOR('',#19576,1.);
#19576 = DIRECTION('',(0.,0.,1.));
#19577 = ORIENTED_EDGE('',*,*,#4324,.F.);
#19578 = CYLINDRICAL_SURFACE('',#19579,0.500001333575);
#19579 = AXIS2_PLACEMENT_3D('',#19580,#19581,#19582);
#19580 = CARTESIAN_POINT('',(237.02500133357,-91.38750133357,0.));
#19581 = DIRECTION('',(-0.,-0.,-1.));
#19582 = DIRECTION('',(-2.667139191043E-06,0.999999999996,0.));
#19583 = ADVANCED_FACE('',(#19584),#19595,.T.);
#19584 = FACE_BOUND('',#19585,.T.);
#19585 = EDGE_LOOP('',(#19586,#19592,#19593,#19594));
#19586 = ORIENTED_EDGE('',*,*,#19587,.T.);
#19587 = EDGE_CURVE('',#4336,#9995,#19588,.T.);
#19588 = LINE('',#19589,#19590);
#19589 = CARTESIAN_POINT('',(250.025,-90.8875,0.));
#19590 = VECTOR('',#19591,1.);
#19591 = DIRECTION('',(0.,0.,1.));
#19592 = ORIENTED_EDGE('',*,*,#9994,.T.);
#19593 = ORIENTED_EDGE('',*,*,#19565,.F.);
#19594 = ORIENTED_EDGE('',*,*,#4335,.F.);
#19595 = PLANE('',#19596);
#19596 = AXIS2_PLACEMENT_3D('',#19597,#19598,#19599);
#19597 = CARTESIAN_POINT('',(250.025,-90.8875,0.));
#19598 = DIRECTION('',(0.,-1.,0.));
#19599 = DIRECTION('',(-1.,0.,0.));
#19600 = ADVANCED_FACE('',(#19601),#19612,.T.);
#19601 = FACE_BOUND('',#19602,.T.);
#19602 = EDGE_LOOP('',(#19603,#19604,#19605,#19611));
#19603 = ORIENTED_EDGE('',*,*,#19572,.T.);
#19604 = ORIENTED_EDGE('',*,*,#10045,.T.);
#19605 = ORIENTED_EDGE('',*,*,#19606,.F.);
#19606 = EDGE_CURVE('',#4378,#10037,#19607,.T.);
#19607 = LINE('',#19608,#19609);
#19608 = CARTESIAN_POINT('',(236.525,-104.3875,0.));
#19609 = VECTOR('',#19610,1.);
#19610 = DIRECTION('',(0.,0.,1.));
#19611 = ORIENTED_EDGE('',*,*,#4386,.F.);
#19612 = PLANE('',#19613);
#19613 = AXIS2_PLACEMENT_3D('',#19614,#19615,#19616);
#19614 = CARTESIAN_POINT('',(236.525,-91.3875,0.));
#19615 = DIRECTION('',(1.,0.,-0.));
#19616 = DIRECTION('',(0.,-1.,0.));
#19617 = ADVANCED_FACE('',(#19618),#19629,.F.);
#19618 = FACE_BOUND('',#19619,.T.);
#19619 = EDGE_LOOP('',(#19620,#19626,#19627,#19628));
#19620 = ORIENTED_EDGE('',*,*,#19621,.T.);
#19621 = EDGE_CURVE('',#4344,#10003,#19622,.T.);
#19622 = LINE('',#19623,#19624);
#19623 = CARTESIAN_POINT('',(250.525,-91.3875,0.));
#19624 = VECTOR('',#19625,1.);
#19625 = DIRECTION('',(0.,0.,1.));
#19626 = ORIENTED_EDGE('',*,*,#10002,.T.);
#19627 = ORIENTED_EDGE('',*,*,#19587,.F.);
#19628 = ORIENTED_EDGE('',*,*,#4343,.F.);
#19629 = CYLINDRICAL_SURFACE('',#19630,0.500001333575);
#19630 = AXIS2_PLACEMENT_3D('',#19631,#19632,#19633);
#19631 = CARTESIAN_POINT('',(250.02499866642,-91.38750133357,0.));
#19632 = DIRECTION('',(-0.,-0.,-1.));
#19633 = DIRECTION('',(0.999999999996,2.667139134199E-06,-0.));
#19634 = ADVANCED_FACE('',(#19635),#19646,.F.);
#19635 = FACE_BOUND('',#19636,.T.);
#19636 = EDGE_LOOP('',(#19637,#19638,#19639,#19645));
#19637 = ORIENTED_EDGE('',*,*,#19606,.T.);
#19638 = ORIENTED_EDGE('',*,*,#10036,.T.);
#19639 = ORIENTED_EDGE('',*,*,#19640,.F.);
#19640 = EDGE_CURVE('',#4370,#10029,#19641,.T.);
#19641 = LINE('',#19642,#19643);
#19642 = CARTESIAN_POINT('',(237.025,-104.8875,0.));
#19643 = VECTOR('',#19644,1.);
#19644 = DIRECTION('',(0.,0.,1.));
#19645 = ORIENTED_EDGE('',*,*,#4377,.F.);
#19646 = CYLINDRICAL_SURFACE('',#19647,0.500001333575);
#19647 = AXIS2_PLACEMENT_3D('',#19648,#19649,#19650);
#19648 = CARTESIAN_POINT('',(237.02500133357,-104.3874986664,0.));
#19649 = DIRECTION('',(-0.,-0.,-1.));
#19650 = DIRECTION('',(-0.999999999996,-2.667139191042E-06,0.));
#19651 = ADVANCED_FACE('',(#19652),#19663,.T.);
#19652 = FACE_BOUND('',#19653,.T.);
#19653 = EDGE_LOOP('',(#19654,#19660,#19661,#19662));
#19654 = ORIENTED_EDGE('',*,*,#19655,.T.);
#19655 = EDGE_CURVE('',#4353,#10012,#19656,.T.);
#19656 = LINE('',#19657,#19658);
#19657 = CARTESIAN_POINT('',(250.525,-104.3875,0.));
#19658 = VECTOR('',#19659,1.);
#19659 = DIRECTION('',(0.,0.,1.));
#19660 = ORIENTED_EDGE('',*,*,#10011,.T.);
#19661 = ORIENTED_EDGE('',*,*,#19621,.F.);
#19662 = ORIENTED_EDGE('',*,*,#4352,.F.);
#19663 = PLANE('',#19664);
#19664 = AXIS2_PLACEMENT_3D('',#19665,#19666,#19667);
#19665 = CARTESIAN_POINT('',(250.525,-104.3875,0.));
#19666 = DIRECTION('',(-1.,0.,0.));
#19667 = DIRECTION('',(0.,1.,0.));
#19668 = ADVANCED_FACE('',(#19669),#19680,.T.);
#19669 = FACE_BOUND('',#19670,.T.);
#19670 = EDGE_LOOP('',(#19671,#19672,#19673,#19679));
#19671 = ORIENTED_EDGE('',*,*,#19640,.T.);
#19672 = ORIENTED_EDGE('',*,*,#10028,.T.);
#19673 = ORIENTED_EDGE('',*,*,#19674,.F.);
#19674 = EDGE_CURVE('',#4361,#10020,#19675,.T.);
#19675 = LINE('',#19676,#19677);
#19676 = CARTESIAN_POINT('',(250.025,-104.8875,0.));
#19677 = VECTOR('',#19678,1.);
#19678 = DIRECTION('',(0.,0.,1.));
#19679 = ORIENTED_EDGE('',*,*,#4369,.F.);
#19680 = PLANE('',#19681);
#19681 = AXIS2_PLACEMENT_3D('',#19682,#19683,#19684);
#19682 = CARTESIAN_POINT('',(237.025,-104.8875,0.));
#19683 = DIRECTION('',(0.,1.,0.));
#19684 = DIRECTION('',(1.,0.,0.));
#19685 = ADVANCED_FACE('',(#19686),#19692,.F.);
#19686 = FACE_BOUND('',#19687,.T.);
#19687 = EDGE_LOOP('',(#19688,#19689,#19690,#19691));
#19688 = ORIENTED_EDGE('',*,*,#19674,.T.);
#19689 = ORIENTED_EDGE('',*,*,#10019,.T.);
#19690 = ORIENTED_EDGE('',*,*,#19655,.F.);
#19691 = ORIENTED_EDGE('',*,*,#4360,.F.);
#19692 = CYLINDRICAL_SURFACE('',#19693,0.500001333575);
#19693 = AXIS2_PLACEMENT_3D('',#19694,#19695,#19696);
#19694 = CARTESIAN_POINT('',(250.02499866642,-104.3874986664,0.));
#19695 = DIRECTION('',(-0.,-0.,-1.));
#19696 = DIRECTION('',(2.667139247886E-06,-0.999999999996,0.));
#19697 = ADVANCED_FACE('',(#19698),#19714,.F.);
#19698 = FACE_BOUND('',#19699,.T.);
#19699 = EDGE_LOOP('',(#19700,#19706,#19707,#19713));
#19700 = ORIENTED_EDGE('',*,*,#19701,.T.);
#19701 = EDGE_CURVE('',#4395,#10054,#19702,.T.);
#19702 = LINE('',#19703,#19704);
#19703 = CARTESIAN_POINT('',(256.125,-90.8875,0.));
#19704 = VECTOR('',#19705,1.);
#19705 = DIRECTION('',(0.,0.,1.));
#19706 = ORIENTED_EDGE('',*,*,#10053,.T.);
#19707 = ORIENTED_EDGE('',*,*,#19708,.F.);
#19708 = EDGE_CURVE('',#4397,#10056,#19709,.T.);
#19709 = LINE('',#19710,#19711);
#19710 = CARTESIAN_POINT('',(255.625,-91.3875,0.));
#19711 = VECTOR('',#19712,1.);
#19712 = DIRECTION('',(0.,0.,1.));
#19713 = ORIENTED_EDGE('',*,*,#4394,.F.);
#19714 = CYLINDRICAL_SURFACE('',#19715,0.500001333575);
#19715 = AXIS2_PLACEMENT_3D('',#19716,#19717,#19718);
#19716 = CARTESIAN_POINT('',(256.12500133357,-91.38750133357,0.));
#19717 = DIRECTION('',(-0.,-0.,-1.));
#19718 = DIRECTION('',(-2.667139077356E-06,0.999999999996,0.));
#19719 = ADVANCED_FACE('',(#19720),#19731,.T.);
#19720 = FACE_BOUND('',#19721,.T.);
#19721 = EDGE_LOOP('',(#19722,#19728,#19729,#19730));
#19722 = ORIENTED_EDGE('',*,*,#19723,.T.);
#19723 = EDGE_CURVE('',#4406,#10065,#19724,.T.);
#19724 = LINE('',#19725,#19726);
#19725 = CARTESIAN_POINT('',(269.125,-90.8875,0.));
#19726 = VECTOR('',#19727,1.);
#19727 = DIRECTION('',(0.,0.,1.));
#19728 = ORIENTED_EDGE('',*,*,#10064,.T.);
#19729 = ORIENTED_EDGE('',*,*,#19701,.F.);
#19730 = ORIENTED_EDGE('',*,*,#4405,.F.);
#19731 = PLANE('',#19732);
#19732 = AXIS2_PLACEMENT_3D('',#19733,#19734,#19735);
#19733 = CARTESIAN_POINT('',(269.125,-90.8875,0.));
#19734 = DIRECTION('',(0.,-1.,0.));
#19735 = DIRECTION('',(-1.,0.,0.));
#19736 = ADVANCED_FACE('',(#19737),#19748,.T.);
#19737 = FACE_BOUND('',#19738,.T.);
#19738 = EDGE_LOOP('',(#19739,#19740,#19741,#19747));
#19739 = ORIENTED_EDGE('',*,*,#19708,.T.);
#19740 = ORIENTED_EDGE('',*,*,#10115,.T.);
#19741 = ORIENTED_EDGE('',*,*,#19742,.F.);
#19742 = EDGE_CURVE('',#4448,#10107,#19743,.T.);
#19743 = LINE('',#19744,#19745);
#19744 = CARTESIAN_POINT('',(255.625,-104.3875,0.));
#19745 = VECTOR('',#19746,1.);
#19746 = DIRECTION('',(0.,0.,1.));
#19747 = ORIENTED_EDGE('',*,*,#4456,.F.);
#19748 = PLANE('',#19749);
#19749 = AXIS2_PLACEMENT_3D('',#19750,#19751,#19752);
#19750 = CARTESIAN_POINT('',(255.625,-91.3875,0.));
#19751 = DIRECTION('',(1.,0.,-0.));
#19752 = DIRECTION('',(0.,-1.,0.));
#19753 = ADVANCED_FACE('',(#19754),#19765,.F.);
#19754 = FACE_BOUND('',#19755,.T.);
#19755 = EDGE_LOOP('',(#19756,#19762,#19763,#19764));
#19756 = ORIENTED_EDGE('',*,*,#19757,.T.);
#19757 = EDGE_CURVE('',#4414,#10073,#19758,.T.);
#19758 = LINE('',#19759,#19760);
#19759 = CARTESIAN_POINT('',(269.625,-91.3875,0.));
#19760 = VECTOR('',#19761,1.);
#19761 = DIRECTION('',(0.,0.,1.));
#19762 = ORIENTED_EDGE('',*,*,#10072,.T.);
#19763 = ORIENTED_EDGE('',*,*,#19723,.F.);
#19764 = ORIENTED_EDGE('',*,*,#4413,.F.);
#19765 = CYLINDRICAL_SURFACE('',#19766,0.500001333575);
#19766 = AXIS2_PLACEMENT_3D('',#19767,#19768,#19769);
#19767 = CARTESIAN_POINT('',(269.12499866642,-91.38750133357,0.));
#19768 = DIRECTION('',(-0.,-0.,-1.));
#19769 = DIRECTION('',(0.999999999996,2.667139247885E-06,-0.));
#19770 = ADVANCED_FACE('',(#19771),#19782,.F.);
#19771 = FACE_BOUND('',#19772,.T.);
#19772 = EDGE_LOOP('',(#19773,#19774,#19775,#19781));
#19773 = ORIENTED_EDGE('',*,*,#19742,.T.);
#19774 = ORIENTED_EDGE('',*,*,#10106,.T.);
#19775 = ORIENTED_EDGE('',*,*,#19776,.F.);
#19776 = EDGE_CURVE('',#4440,#10099,#19777,.T.);
#19777 = LINE('',#19778,#19779);
#19778 = CARTESIAN_POINT('',(256.125,-104.8875,0.));
#19779 = VECTOR('',#19780,1.);
#19780 = DIRECTION('',(0.,0.,1.));
#19781 = ORIENTED_EDGE('',*,*,#4447,.F.);
#19782 = CYLINDRICAL_SURFACE('',#19783,0.500001333575);
#19783 = AXIS2_PLACEMENT_3D('',#19784,#19785,#19786);
#19784 = CARTESIAN_POINT('',(256.12500133357,-104.3874986664,0.));
#19785 = DIRECTION('',(-0.,-0.,-1.));
#19786 = DIRECTION('',(-0.999999999996,-2.667139191042E-06,0.));
#19787 = ADVANCED_FACE('',(#19788),#19799,.T.);
#19788 = FACE_BOUND('',#19789,.T.);
#19789 = EDGE_LOOP('',(#19790,#19796,#19797,#19798));
#19790 = ORIENTED_EDGE('',*,*,#19791,.T.);
#19791 = EDGE_CURVE('',#4423,#10082,#19792,.T.);
#19792 = LINE('',#19793,#19794);
#19793 = CARTESIAN_POINT('',(269.625,-104.3875,0.));
#19794 = VECTOR('',#19795,1.);
#19795 = DIRECTION('',(0.,0.,1.));
#19796 = ORIENTED_EDGE('',*,*,#10081,.T.);
#19797 = ORIENTED_EDGE('',*,*,#19757,.F.);
#19798 = ORIENTED_EDGE('',*,*,#4422,.F.);
#19799 = PLANE('',#19800);
#19800 = AXIS2_PLACEMENT_3D('',#19801,#19802,#19803);
#19801 = CARTESIAN_POINT('',(269.625,-104.3875,0.));
#19802 = DIRECTION('',(-1.,0.,0.));
#19803 = DIRECTION('',(0.,1.,0.));
#19804 = ADVANCED_FACE('',(#19805),#19816,.T.);
#19805 = FACE_BOUND('',#19806,.T.);
#19806 = EDGE_LOOP('',(#19807,#19808,#19809,#19815));
#19807 = ORIENTED_EDGE('',*,*,#19776,.T.);
#19808 = ORIENTED_EDGE('',*,*,#10098,.T.);
#19809 = ORIENTED_EDGE('',*,*,#19810,.F.);
#19810 = EDGE_CURVE('',#4431,#10090,#19811,.T.);
#19811 = LINE('',#19812,#19813);
#19812 = CARTESIAN_POINT('',(269.125,-104.8875,0.));
#19813 = VECTOR('',#19814,1.);
#19814 = DIRECTION('',(0.,0.,1.));
#19815 = ORIENTED_EDGE('',*,*,#4439,.F.);
#19816 = PLANE('',#19817);
#19817 = AXIS2_PLACEMENT_3D('',#19818,#19819,#19820);
#19818 = CARTESIAN_POINT('',(256.125,-104.8875,0.));
#19819 = DIRECTION('',(0.,1.,0.));
#19820 = DIRECTION('',(1.,0.,0.));
#19821 = ADVANCED_FACE('',(#19822),#19828,.F.);
#19822 = FACE_BOUND('',#19823,.T.);
#19823 = EDGE_LOOP('',(#19824,#19825,#19826,#19827));
#19824 = ORIENTED_EDGE('',*,*,#19810,.T.);
#19825 = ORIENTED_EDGE('',*,*,#10089,.T.);
#19826 = ORIENTED_EDGE('',*,*,#19791,.F.);
#19827 = ORIENTED_EDGE('',*,*,#4430,.F.);
#19828 = CYLINDRICAL_SURFACE('',#19829,0.500001333575);
#19829 = AXIS2_PLACEMENT_3D('',#19830,#19831,#19832);
#19830 = CARTESIAN_POINT('',(269.12499866642,-104.3874986664,0.));
#19831 = DIRECTION('',(-0.,-0.,-1.));
#19832 = DIRECTION('',(2.667139304729E-06,-0.999999999996,0.));
#19833 = ADVANCED_FACE('',(#19834),#19850,.F.);
#19834 = FACE_BOUND('',#19835,.T.);
#19835 = EDGE_LOOP('',(#19836,#19842,#19843,#19849));
#19836 = ORIENTED_EDGE('',*,*,#19837,.T.);
#19837 = EDGE_CURVE('',#4465,#10124,#19838,.T.);
#19838 = LINE('',#19839,#19840);
#19839 = CARTESIAN_POINT('',(275.225,-90.8875,0.));
#19840 = VECTOR('',#19841,1.);
#19841 = DIRECTION('',(0.,0.,1.));
#19842 = ORIENTED_EDGE('',*,*,#10123,.T.);
#19843 = ORIENTED_EDGE('',*,*,#19844,.F.);
#19844 = EDGE_CURVE('',#4467,#10126,#19845,.T.);
#19845 = LINE('',#19846,#19847);
#19846 = CARTESIAN_POINT('',(274.725,-91.3875,0.));
#19847 = VECTOR('',#19848,1.);
#19848 = DIRECTION('',(0.,0.,1.));
#19849 = ORIENTED_EDGE('',*,*,#4464,.F.);
#19850 = CYLINDRICAL_SURFACE('',#19851,0.500001333575);
#19851 = AXIS2_PLACEMENT_3D('',#19852,#19853,#19854);
#19852 = CARTESIAN_POINT('',(275.22500133357,-91.38750133357,0.));
#19853 = DIRECTION('',(-0.,-0.,-1.));
#19854 = DIRECTION('',(-2.667139077356E-06,0.999999999996,0.));
#19855 = ADVANCED_FACE('',(#19856),#19867,.T.);
#19856 = FACE_BOUND('',#19857,.T.);
#19857 = EDGE_LOOP('',(#19858,#19864,#19865,#19866));
#19858 = ORIENTED_EDGE('',*,*,#19859,.T.);
#19859 = EDGE_CURVE('',#4476,#10135,#19860,.T.);
#19860 = LINE('',#19861,#19862);
#19861 = CARTESIAN_POINT('',(288.225,-90.8875,0.));
#19862 = VECTOR('',#19863,1.);
#19863 = DIRECTION('',(0.,0.,1.));
#19864 = ORIENTED_EDGE('',*,*,#10134,.T.);
#19865 = ORIENTED_EDGE('',*,*,#19837,.F.);
#19866 = ORIENTED_EDGE('',*,*,#4475,.F.);
#19867 = PLANE('',#19868);
#19868 = AXIS2_PLACEMENT_3D('',#19869,#19870,#19871);
#19869 = CARTESIAN_POINT('',(288.225,-90.8875,0.));
#19870 = DIRECTION('',(0.,-1.,0.));
#19871 = DIRECTION('',(-1.,0.,0.));
#19872 = ADVANCED_FACE('',(#19873),#19884,.T.);
#19873 = FACE_BOUND('',#19874,.T.);
#19874 = EDGE_LOOP('',(#19875,#19876,#19877,#19883));
#19875 = ORIENTED_EDGE('',*,*,#19844,.T.);
#19876 = ORIENTED_EDGE('',*,*,#10185,.T.);
#19877 = ORIENTED_EDGE('',*,*,#19878,.F.);
#19878 = EDGE_CURVE('',#4518,#10177,#19879,.T.);
#19879 = LINE('',#19880,#19881);
#19880 = CARTESIAN_POINT('',(274.725,-104.3875,0.));
#19881 = VECTOR('',#19882,1.);
#19882 = DIRECTION('',(0.,0.,1.));
#19883 = ORIENTED_EDGE('',*,*,#4526,.F.);
#19884 = PLANE('',#19885);
#19885 = AXIS2_PLACEMENT_3D('',#19886,#19887,#19888);
#19886 = CARTESIAN_POINT('',(274.725,-91.3875,0.));
#19887 = DIRECTION('',(1.,0.,-0.));
#19888 = DIRECTION('',(0.,-1.,0.));
#19889 = ADVANCED_FACE('',(#19890),#19901,.F.);
#19890 = FACE_BOUND('',#19891,.T.);
#19891 = EDGE_LOOP('',(#19892,#19898,#19899,#19900));
#19892 = ORIENTED_EDGE('',*,*,#19893,.T.);
#19893 = EDGE_CURVE('',#4484,#10143,#19894,.T.);
#19894 = LINE('',#19895,#19896);
#19895 = CARTESIAN_POINT('',(288.725,-91.3875,0.));
#19896 = VECTOR('',#19897,1.);
#19897 = DIRECTION('',(0.,0.,1.));
#19898 = ORIENTED_EDGE('',*,*,#10142,.T.);
#19899 = ORIENTED_EDGE('',*,*,#19859,.F.);
#19900 = ORIENTED_EDGE('',*,*,#4483,.F.);
#19901 = CYLINDRICAL_SURFACE('',#19902,0.500001333575);
#19902 = AXIS2_PLACEMENT_3D('',#19903,#19904,#19905);
#19903 = CARTESIAN_POINT('',(288.22499866642,-91.38750133357,0.));
#19904 = DIRECTION('',(-0.,-0.,-1.));
#19905 = DIRECTION('',(0.999999999996,2.667139247885E-06,-0.));
#19906 = ADVANCED_FACE('',(#19907),#19918,.F.);
#19907 = FACE_BOUND('',#19908,.T.);
#19908 = EDGE_LOOP('',(#19909,#19910,#19911,#19917));
#19909 = ORIENTED_EDGE('',*,*,#19878,.T.);
#19910 = ORIENTED_EDGE('',*,*,#10176,.T.);
#19911 = ORIENTED_EDGE('',*,*,#19912,.F.);
#19912 = EDGE_CURVE('',#4510,#10169,#19913,.T.);
#19913 = LINE('',#19914,#19915);
#19914 = CARTESIAN_POINT('',(275.225,-104.8875,0.));
#19915 = VECTOR('',#19916,1.);
#19916 = DIRECTION('',(0.,0.,1.));
#19917 = ORIENTED_EDGE('',*,*,#4517,.F.);
#19918 = CYLINDRICAL_SURFACE('',#19919,0.500001333575);
#19919 = AXIS2_PLACEMENT_3D('',#19920,#19921,#19922);
#19920 = CARTESIAN_POINT('',(275.22500133357,-104.3874986664,0.));
#19921 = DIRECTION('',(-0.,-0.,-1.));
#19922 = DIRECTION('',(-0.999999999996,-2.667139077356E-06,0.));
#19923 = ADVANCED_FACE('',(#19924),#19935,.T.);
#19924 = FACE_BOUND('',#19925,.T.);
#19925 = EDGE_LOOP('',(#19926,#19932,#19933,#19934));
#19926 = ORIENTED_EDGE('',*,*,#19927,.T.);
#19927 = EDGE_CURVE('',#4493,#10152,#19928,.T.);
#19928 = LINE('',#19929,#19930);
#19929 = CARTESIAN_POINT('',(288.725,-104.3875,0.));
#19930 = VECTOR('',#19931,1.);
#19931 = DIRECTION('',(0.,0.,1.));
#19932 = ORIENTED_EDGE('',*,*,#10151,.T.);
#19933 = ORIENTED_EDGE('',*,*,#19893,.F.);
#19934 = ORIENTED_EDGE('',*,*,#4492,.F.);
#19935 = PLANE('',#19936);
#19936 = AXIS2_PLACEMENT_3D('',#19937,#19938,#19939);
#19937 = CARTESIAN_POINT('',(288.725,-104.3875,0.));
#19938 = DIRECTION('',(-1.,0.,0.));
#19939 = DIRECTION('',(0.,1.,0.));
#19940 = ADVANCED_FACE('',(#19941),#19952,.T.);
#19941 = FACE_BOUND('',#19942,.T.);
#19942 = EDGE_LOOP('',(#19943,#19944,#19945,#19951));
#19943 = ORIENTED_EDGE('',*,*,#19912,.T.);
#19944 = ORIENTED_EDGE('',*,*,#10168,.T.);
#19945 = ORIENTED_EDGE('',*,*,#19946,.F.);
#19946 = EDGE_CURVE('',#4501,#10160,#19947,.T.);
#19947 = LINE('',#19948,#19949);
#19948 = CARTESIAN_POINT('',(288.225,-104.8875,0.));
#19949 = VECTOR('',#19950,1.);
#19950 = DIRECTION('',(0.,0.,1.));
#19951 = ORIENTED_EDGE('',*,*,#4509,.F.);
#19952 = PLANE('',#19953);
#19953 = AXIS2_PLACEMENT_3D('',#19954,#19955,#19956);
#19954 = CARTESIAN_POINT('',(275.225,-104.8875,0.));
#19955 = DIRECTION('',(0.,1.,0.));
#19956 = DIRECTION('',(1.,0.,0.));
#19957 = ADVANCED_FACE('',(#19958),#19964,.F.);
#19958 = FACE_BOUND('',#19959,.T.);
#19959 = EDGE_LOOP('',(#19960,#19961,#19962,#19963));
#19960 = ORIENTED_EDGE('',*,*,#19946,.T.);
#19961 = ORIENTED_EDGE('',*,*,#10159,.T.);
#19962 = ORIENTED_EDGE('',*,*,#19927,.F.);
#19963 = ORIENTED_EDGE('',*,*,#4500,.F.);
#19964 = CYLINDRICAL_SURFACE('',#19965,0.500001333575);
#19965 = AXIS2_PLACEMENT_3D('',#19966,#19967,#19968);
#19966 = CARTESIAN_POINT('',(288.22499866642,-104.3874986664,0.));
#19967 = DIRECTION('',(-0.,-0.,-1.));
#19968 = DIRECTION('',(2.667139304729E-06,-0.999999999996,0.));
#19969 = ADVANCED_FACE('',(#19970),#19986,.F.);
#19970 = FACE_BOUND('',#19971,.T.);
#19971 = EDGE_LOOP('',(#19972,#19978,#19979,#19985));
#19972 = ORIENTED_EDGE('',*,*,#19973,.T.);
#19973 = EDGE_CURVE('',#4535,#10194,#19974,.T.);
#19974 = LINE('',#19975,#19976);
#19975 = CARTESIAN_POINT('',(280.,-109.9875,0.));
#19976 = VECTOR('',#19977,1.);
#19977 = DIRECTION('',(0.,0.,1.));
#19978 = ORIENTED_EDGE('',*,*,#10193,.T.);
#19979 = ORIENTED_EDGE('',*,*,#19980,.F.);
#19980 = EDGE_CURVE('',#4537,#10196,#19981,.T.);
#19981 = LINE('',#19982,#19983);
#19982 = CARTESIAN_POINT('',(279.5,-110.4875,0.));
#19983 = VECTOR('',#19984,1.);
#19984 = DIRECTION('',(0.,0.,1.));
#19985 = ORIENTED_EDGE('',*,*,#4534,.F.);
#19986 = CYLINDRICAL_SURFACE('',#19987,0.500001333575);
#19987 = AXIS2_PLACEMENT_3D('',#19988,#19989,#19990);
#19988 = CARTESIAN_POINT('',(280.00000133357,-110.4875013335,0.));
#19989 = DIRECTION('',(-0.,-0.,-1.));
#19990 = DIRECTION('',(-2.667139304729E-06,0.999999999996,0.));
#19991 = ADVANCED_FACE('',(#19992),#20003,.T.);
#19992 = FACE_BOUND('',#19993,.T.);
#19993 = EDGE_LOOP('',(#19994,#20000,#20001,#20002));
#19994 = ORIENTED_EDGE('',*,*,#19995,.T.);
#19995 = EDGE_CURVE('',#4546,#10205,#19996,.T.);
#19996 = LINE('',#19997,#19998);
#19997 = CARTESIAN_POINT('',(293.,-109.9875,0.));
#19998 = VECTOR('',#19999,1.);
#19999 = DIRECTION('',(0.,0.,1.));
#20000 = ORIENTED_EDGE('',*,*,#10204,.T.);
#20001 = ORIENTED_EDGE('',*,*,#19973,.F.);
#20002 = ORIENTED_EDGE('',*,*,#4545,.F.);
#20003 = PLANE('',#20004);
#20004 = AXIS2_PLACEMENT_3D('',#20005,#20006,#20007);
#20005 = CARTESIAN_POINT('',(293.,-109.9875,0.));
#20006 = DIRECTION('',(0.,-1.,0.));
#20007 = DIRECTION('',(-1.,0.,0.));
#20008 = ADVANCED_FACE('',(#20009),#20020,.T.);
#20009 = FACE_BOUND('',#20010,.T.);
#20010 = EDGE_LOOP('',(#20011,#20012,#20013,#20019));
#20011 = ORIENTED_EDGE('',*,*,#19980,.T.);
#20012 = ORIENTED_EDGE('',*,*,#10255,.T.);
#20013 = ORIENTED_EDGE('',*,*,#20014,.F.);
#20014 = EDGE_CURVE('',#4588,#10247,#20015,.T.);
#20015 = LINE('',#20016,#20017);
#20016 = CARTESIAN_POINT('',(279.5,-123.4875,0.));
#20017 = VECTOR('',#20018,1.);
#20018 = DIRECTION('',(0.,0.,1.));
#20019 = ORIENTED_EDGE('',*,*,#4596,.F.);
#20020 = PLANE('',#20021);
#20021 = AXIS2_PLACEMENT_3D('',#20022,#20023,#20024);
#20022 = CARTESIAN_POINT('',(279.5,-110.4875,0.));
#20023 = DIRECTION('',(1.,0.,-0.));
#20024 = DIRECTION('',(0.,-1.,0.));
#20025 = ADVANCED_FACE('',(#20026),#20037,.F.);
#20026 = FACE_BOUND('',#20027,.T.);
#20027 = EDGE_LOOP('',(#20028,#20034,#20035,#20036));
#20028 = ORIENTED_EDGE('',*,*,#20029,.T.);
#20029 = EDGE_CURVE('',#4554,#10213,#20030,.T.);
#20030 = LINE('',#20031,#20032);
#20031 = CARTESIAN_POINT('',(293.5,-110.4875,0.));
#20032 = VECTOR('',#20033,1.);
#20033 = DIRECTION('',(0.,0.,1.));
#20034 = ORIENTED_EDGE('',*,*,#10212,.T.);
#20035 = ORIENTED_EDGE('',*,*,#19995,.F.);
#20036 = ORIENTED_EDGE('',*,*,#4553,.F.);
#20037 = CYLINDRICAL_SURFACE('',#20038,0.500001333575);
#20038 = AXIS2_PLACEMENT_3D('',#20039,#20040,#20041);
#20039 = CARTESIAN_POINT('',(292.99999866642,-110.4875013335,0.));
#20040 = DIRECTION('',(-0.,-0.,-1.));
#20041 = DIRECTION('',(0.999999999996,2.667139276307E-06,-0.));
#20042 = ADVANCED_FACE('',(#20043),#20054,.F.);
#20043 = FACE_BOUND('',#20044,.T.);
#20044 = EDGE_LOOP('',(#20045,#20046,#20047,#20053));
#20045 = ORIENTED_EDGE('',*,*,#20014,.T.);
#20046 = ORIENTED_EDGE('',*,*,#10246,.T.);
#20047 = ORIENTED_EDGE('',*,*,#20048,.F.);
#20048 = EDGE_CURVE('',#4580,#10239,#20049,.T.);
#20049 = LINE('',#20050,#20051);
#20050 = CARTESIAN_POINT('',(280.,-123.9875,0.));
#20051 = VECTOR('',#20052,1.);
#20052 = DIRECTION('',(0.,0.,1.));
#20053 = ORIENTED_EDGE('',*,*,#4587,.F.);
#20054 = CYLINDRICAL_SURFACE('',#20055,0.500001333575);
#20055 = AXIS2_PLACEMENT_3D('',#20056,#20057,#20058);
#20056 = CARTESIAN_POINT('',(280.00000133357,-123.4874986664,0.));
#20057 = DIRECTION('',(-0.,-0.,-1.));
#20058 = DIRECTION('',(-0.999999999996,-2.667139247885E-06,0.));
#20059 = ADVANCED_FACE('',(#20060),#20071,.T.);
#20060 = FACE_BOUND('',#20061,.T.);
#20061 = EDGE_LOOP('',(#20062,#20068,#20069,#20070));
#20062 = ORIENTED_EDGE('',*,*,#20063,.T.);
#20063 = EDGE_CURVE('',#4563,#10222,#20064,.T.);
#20064 = LINE('',#20065,#20066);
#20065 = CARTESIAN_POINT('',(293.5,-123.4875,0.));
#20066 = VECTOR('',#20067,1.);
#20067 = DIRECTION('',(0.,0.,1.));
#20068 = ORIENTED_EDGE('',*,*,#10221,.T.);
#20069 = ORIENTED_EDGE('',*,*,#20029,.F.);
#20070 = ORIENTED_EDGE('',*,*,#4562,.F.);
#20071 = PLANE('',#20072);
#20072 = AXIS2_PLACEMENT_3D('',#20073,#20074,#20075);
#20073 = CARTESIAN_POINT('',(293.5,-123.4875,0.));
#20074 = DIRECTION('',(-1.,0.,0.));
#20075 = DIRECTION('',(0.,1.,0.));
#20076 = ADVANCED_FACE('',(#20077),#20088,.T.);
#20077 = FACE_BOUND('',#20078,.T.);
#20078 = EDGE_LOOP('',(#20079,#20080,#20081,#20087));
#20079 = ORIENTED_EDGE('',*,*,#20048,.T.);
#20080 = ORIENTED_EDGE('',*,*,#10238,.T.);
#20081 = ORIENTED_EDGE('',*,*,#20082,.F.);
#20082 = EDGE_CURVE('',#4571,#10230,#20083,.T.);
#20083 = LINE('',#20084,#20085);
#20084 = CARTESIAN_POINT('',(293.,-123.9875,0.));
#20085 = VECTOR('',#20086,1.);
#20086 = DIRECTION('',(0.,0.,1.));
#20087 = ORIENTED_EDGE('',*,*,#4579,.F.);
#20088 = PLANE('',#20089);
#20089 = AXIS2_PLACEMENT_3D('',#20090,#20091,#20092);
#20090 = CARTESIAN_POINT('',(280.,-123.9875,0.));
#20091 = DIRECTION('',(0.,1.,0.));
#20092 = DIRECTION('',(1.,0.,0.));
#20093 = ADVANCED_FACE('',(#20094),#20100,.F.);
#20094 = FACE_BOUND('',#20095,.T.);
#20095 = EDGE_LOOP('',(#20096,#20097,#20098,#20099));
#20096 = ORIENTED_EDGE('',*,*,#20082,.T.);
#20097 = ORIENTED_EDGE('',*,*,#10229,.T.);
#20098 = ORIENTED_EDGE('',*,*,#20063,.F.);
#20099 = ORIENTED_EDGE('',*,*,#4570,.F.);
#20100 = CYLINDRICAL_SURFACE('',#20101,0.500001333575);
#20101 = AXIS2_PLACEMENT_3D('',#20102,#20103,#20104);
#20102 = CARTESIAN_POINT('',(292.99999866642,-123.4874986664,0.));
#20103 = DIRECTION('',(-0.,-0.,-1.));
#20104 = DIRECTION('',(2.667139304729E-06,-0.999999999996,0.));
#20105 = ADVANCED_FACE('',(#20106),#20117,.F.);
#20106 = FACE_BOUND('',#20107,.T.);
#20107 = EDGE_LOOP('',(#20108,#20109,#20115,#20116));
#20108 = ORIENTED_EDGE('',*,*,#4604,.T.);
#20109 = ORIENTED_EDGE('',*,*,#20110,.T.);
#20110 = EDGE_CURVE('',#4605,#10264,#20111,.T.);
#20111 = LINE('',#20112,#20113);
#20112 = CARTESIAN_POINT('',(360.5125,-120.975,-4.5E-02));
#20113 = VECTOR('',#20114,1.);
#20114 = DIRECTION('',(0.,0.,1.));
#20115 = ORIENTED_EDGE('',*,*,#10263,.F.);
#20116 = ORIENTED_EDGE('',*,*,#20110,.F.);
#20117 = CYLINDRICAL_SURFACE('',#20118,1.6);
#20118 = AXIS2_PLACEMENT_3D('',#20119,#20120,#20121);
#20119 = CARTESIAN_POINT('',(360.5125,-119.375,-4.5E-02));
#20120 = DIRECTION('',(-0.,-0.,-1.));
#20121 = DIRECTION('',(-3.552713678801E-14,-1.,0.));
#20122 = ADVANCED_FACE('',(#20123),#20139,.F.);
#20123 = FACE_BOUND('',#20124,.T.);
#20124 = EDGE_LOOP('',(#20125,#20131,#20132,#20138));
#20125 = ORIENTED_EDGE('',*,*,#20126,.T.);
#20126 = EDGE_CURVE('',#4616,#10275,#20127,.T.);
#20127 = LINE('',#20128,#20129);
#20128 = CARTESIAN_POINT('',(342.075,-109.9875,0.));
#20129 = VECTOR('',#20130,1.);
#20130 = DIRECTION('',(0.,0.,1.));
#20131 = ORIENTED_EDGE('',*,*,#10274,.T.);
#20132 = ORIENTED_EDGE('',*,*,#20133,.F.);
#20133 = EDGE_CURVE('',#4618,#10277,#20134,.T.);
#20134 = LINE('',#20135,#20136);
#20135 = CARTESIAN_POINT('',(341.575,-110.4875,0.));
#20136 = VECTOR('',#20137,1.);
#20137 = DIRECTION('',(0.,0.,1.));
#20138 = ORIENTED_EDGE('',*,*,#4615,.F.);
#20139 = CYLINDRICAL_SURFACE('',#20140,0.500001333575);
#20140 = AXIS2_PLACEMENT_3D('',#20141,#20142,#20143);
#20141 = CARTESIAN_POINT('',(342.07500133357,-110.4875013335,0.));
#20142 = DIRECTION('',(-0.,-0.,-1.));
#20143 = DIRECTION('',(-2.667139191042E-06,0.999999999996,0.));
#20144 = ADVANCED_FACE('',(#20145),#20156,.T.);
#20145 = FACE_BOUND('',#20146,.T.);
#20146 = EDGE_LOOP('',(#20147,#20153,#20154,#20155));
#20147 = ORIENTED_EDGE('',*,*,#20148,.T.);
#20148 = EDGE_CURVE('',#4627,#10286,#20149,.T.);
#20149 = LINE('',#20150,#20151);
#20150 = CARTESIAN_POINT('',(355.075,-109.9875,0.));
#20151 = VECTOR('',#20152,1.);
#20152 = DIRECTION('',(0.,0.,1.));
#20153 = ORIENTED_EDGE('',*,*,#10285,.T.);
#20154 = ORIENTED_EDGE('',*,*,#20126,.F.);
#20155 = ORIENTED_EDGE('',*,*,#4626,.F.);
#20156 = PLANE('',#20157);
#20157 = AXIS2_PLACEMENT_3D('',#20158,#20159,#20160);
#20158 = CARTESIAN_POINT('',(355.075,-109.9875,0.));
#20159 = DIRECTION('',(0.,-1.,0.));
#20160 = DIRECTION('',(-1.,0.,0.));
#20161 = ADVANCED_FACE('',(#20162),#20173,.T.);
#20162 = FACE_BOUND('',#20163,.T.);
#20163 = EDGE_LOOP('',(#20164,#20165,#20166,#20172));
#20164 = ORIENTED_EDGE('',*,*,#20133,.T.);
#20165 = ORIENTED_EDGE('',*,*,#10336,.T.);
#20166 = ORIENTED_EDGE('',*,*,#20167,.F.);
#20167 = EDGE_CURVE('',#4669,#10328,#20168,.T.);
#20168 = LINE('',#20169,#20170);
#20169 = CARTESIAN_POINT('',(341.575,-123.4875,0.));
#20170 = VECTOR('',#20171,1.);
#20171 = DIRECTION('',(0.,0.,1.));
#20172 = ORIENTED_EDGE('',*,*,#4677,.F.);
#20173 = PLANE('',#20174);
#20174 = AXIS2_PLACEMENT_3D('',#20175,#20176,#20177);
#20175 = CARTESIAN_POINT('',(341.575,-110.4875,0.));
#20176 = DIRECTION('',(1.,0.,-0.));
#20177 = DIRECTION('',(0.,-1.,0.));
#20178 = ADVANCED_FACE('',(#20179),#20190,.F.);
#20179 = FACE_BOUND('',#20180,.T.);
#20180 = EDGE_LOOP('',(#20181,#20187,#20188,#20189));
#20181 = ORIENTED_EDGE('',*,*,#20182,.T.);
#20182 = EDGE_CURVE('',#4635,#10294,#20183,.T.);
#20183 = LINE('',#20184,#20185);
#20184 = CARTESIAN_POINT('',(355.575,-110.4875,0.));
#20185 = VECTOR('',#20186,1.);
#20186 = DIRECTION('',(0.,0.,1.));
#20187 = ORIENTED_EDGE('',*,*,#10293,.T.);
#20188 = ORIENTED_EDGE('',*,*,#20148,.F.);
#20189 = ORIENTED_EDGE('',*,*,#4634,.F.);
#20190 = CYLINDRICAL_SURFACE('',#20191,0.500001333575);
#20191 = AXIS2_PLACEMENT_3D('',#20192,#20193,#20194);
#20192 = CARTESIAN_POINT('',(355.07499866642,-110.4875013335,0.));
#20193 = DIRECTION('',(-0.,-0.,-1.));
#20194 = DIRECTION('',(0.999999999996,2.667139077356E-06,-0.));
#20195 = ADVANCED_FACE('',(#20196),#20207,.F.);
#20196 = FACE_BOUND('',#20197,.T.);
#20197 = EDGE_LOOP('',(#20198,#20199,#20200,#20206));
#20198 = ORIENTED_EDGE('',*,*,#20167,.T.);
#20199 = ORIENTED_EDGE('',*,*,#10327,.T.);
#20200 = ORIENTED_EDGE('',*,*,#20201,.F.);
#20201 = EDGE_CURVE('',#4661,#10320,#20202,.T.);
#20202 = LINE('',#20203,#20204);
#20203 = CARTESIAN_POINT('',(342.075,-123.9875,0.));
#20204 = VECTOR('',#20205,1.);
#20205 = DIRECTION('',(0.,0.,1.));
#20206 = ORIENTED_EDGE('',*,*,#4668,.F.);
#20207 = CYLINDRICAL_SURFACE('',#20208,0.500001333575);
#20208 = AXIS2_PLACEMENT_3D('',#20209,#20210,#20211);
#20209 = CARTESIAN_POINT('',(342.07500133357,-123.4874986664,0.));
#20210 = DIRECTION('',(-0.,-0.,-1.));
#20211 = DIRECTION('',(-0.999999999996,-2.667139247886E-06,0.));
#20212 = ADVANCED_FACE('',(#20213),#20224,.T.);
#20213 = FACE_BOUND('',#20214,.T.);
#20214 = EDGE_LOOP('',(#20215,#20221,#20222,#20223));
#20215 = ORIENTED_EDGE('',*,*,#20216,.T.);
#20216 = EDGE_CURVE('',#4644,#10303,#20217,.T.);
#20217 = LINE('',#20218,#20219);
#20218 = CARTESIAN_POINT('',(355.575,-123.4875,0.));
#20219 = VECTOR('',#20220,1.);
#20220 = DIRECTION('',(0.,0.,1.));
#20221 = ORIENTED_EDGE('',*,*,#10302,.T.);
#20222 = ORIENTED_EDGE('',*,*,#20182,.F.);
#20223 = ORIENTED_EDGE('',*,*,#4643,.F.);
#20224 = PLANE('',#20225);
#20225 = AXIS2_PLACEMENT_3D('',#20226,#20227,#20228);
#20226 = CARTESIAN_POINT('',(355.575,-123.4875,0.));
#20227 = DIRECTION('',(-1.,0.,0.));
#20228 = DIRECTION('',(0.,1.,0.));
#20229 = ADVANCED_FACE('',(#20230),#20241,.T.);
#20230 = FACE_BOUND('',#20231,.T.);
#20231 = EDGE_LOOP('',(#20232,#20233,#20234,#20240));
#20232 = ORIENTED_EDGE('',*,*,#20201,.T.);
#20233 = ORIENTED_EDGE('',*,*,#10319,.T.);
#20234 = ORIENTED_EDGE('',*,*,#20235,.F.);
#20235 = EDGE_CURVE('',#4652,#10311,#20236,.T.);
#20236 = LINE('',#20237,#20238);
#20237 = CARTESIAN_POINT('',(355.075,-123.9875,0.));
#20238 = VECTOR('',#20239,1.);
#20239 = DIRECTION('',(0.,0.,1.));
#20240 = ORIENTED_EDGE('',*,*,#4660,.F.);
#20241 = PLANE('',#20242);
#20242 = AXIS2_PLACEMENT_3D('',#20243,#20244,#20245);
#20243 = CARTESIAN_POINT('',(342.075,-123.9875,0.));
#20244 = DIRECTION('',(0.,1.,0.));
#20245 = DIRECTION('',(1.,0.,0.));
#20246 = ADVANCED_FACE('',(#20247),#20253,.F.);
#20247 = FACE_BOUND('',#20248,.T.);
#20248 = EDGE_LOOP('',(#20249,#20250,#20251,#20252));
#20249 = ORIENTED_EDGE('',*,*,#20235,.T.);
#20250 = ORIENTED_EDGE('',*,*,#10310,.T.);
#20251 = ORIENTED_EDGE('',*,*,#20216,.F.);
#20252 = ORIENTED_EDGE('',*,*,#4651,.F.);
#20253 = CYLINDRICAL_SURFACE('',#20254,0.500001333575);
#20254 = AXIS2_PLACEMENT_3D('',#20255,#20256,#20257);
#20255 = CARTESIAN_POINT('',(355.07499866642,-123.4874986664,0.));
#20256 = DIRECTION('',(-0.,-0.,-1.));
#20257 = DIRECTION('',(2.667139077356E-06,-0.999999999996,0.));
#20258 = ADVANCED_FACE('',(#20259),#20275,.F.);
#20259 = FACE_BOUND('',#20260,.T.);
#20260 = EDGE_LOOP('',(#20261,#20267,#20268,#20274));
#20261 = ORIENTED_EDGE('',*,*,#20262,.T.);
#20262 = EDGE_CURVE('',#4686,#10345,#20263,.T.);
#20263 = LINE('',#20264,#20265);
#20264 = CARTESIAN_POINT('',(318.2,-90.8875,0.));
#20265 = VECTOR('',#20266,1.);
#20266 = DIRECTION('',(0.,0.,1.));
#20267 = ORIENTED_EDGE('',*,*,#10344,.T.);
#20268 = ORIENTED_EDGE('',*,*,#20269,.F.);
#20269 = EDGE_CURVE('',#4688,#10347,#20270,.T.);
#20270 = LINE('',#20271,#20272);
#20271 = CARTESIAN_POINT('',(317.7,-91.3875,0.));
#20272 = VECTOR('',#20273,1.);
#20273 = DIRECTION('',(0.,0.,1.));
#20274 = ORIENTED_EDGE('',*,*,#4685,.F.);
#20275 = CYLINDRICAL_SURFACE('',#20276,0.500001333575);
#20276 = AXIS2_PLACEMENT_3D('',#20277,#20278,#20279);
#20277 = CARTESIAN_POINT('',(318.20000133357,-91.38750133357,0.));
#20278 = DIRECTION('',(-0.,-0.,-1.));
#20279 = DIRECTION('',(-2.667139191042E-06,0.999999999996,0.));
#20280 = ADVANCED_FACE('',(#20281),#20292,.T.);
#20281 = FACE_BOUND('',#20282,.T.);
#20282 = EDGE_LOOP('',(#20283,#20289,#20290,#20291));
#20283 = ORIENTED_EDGE('',*,*,#20284,.T.);
#20284 = EDGE_CURVE('',#4697,#10356,#20285,.T.);
#20285 = LINE('',#20286,#20287);
#20286 = CARTESIAN_POINT('',(331.2,-90.8875,0.));
#20287 = VECTOR('',#20288,1.);
#20288 = DIRECTION('',(0.,0.,1.));
#20289 = ORIENTED_EDGE('',*,*,#10355,.T.);
#20290 = ORIENTED_EDGE('',*,*,#20262,.F.);
#20291 = ORIENTED_EDGE('',*,*,#4696,.F.);
#20292 = PLANE('',#20293);
#20293 = AXIS2_PLACEMENT_3D('',#20294,#20295,#20296);
#20294 = CARTESIAN_POINT('',(331.2,-90.8875,0.));
#20295 = DIRECTION('',(0.,-1.,0.));
#20296 = DIRECTION('',(-1.,0.,0.));
#20297 = ADVANCED_FACE('',(#20298),#20309,.T.);
#20298 = FACE_BOUND('',#20299,.T.);
#20299 = EDGE_LOOP('',(#20300,#20301,#20302,#20308));
#20300 = ORIENTED_EDGE('',*,*,#20269,.T.);
#20301 = ORIENTED_EDGE('',*,*,#10706,.T.);
#20302 = ORIENTED_EDGE('',*,*,#20303,.F.);
#20303 = EDGE_CURVE('',#5039,#10698,#20304,.T.);
#20304 = LINE('',#20305,#20306);
#20305 = CARTESIAN_POINT('',(317.7,-104.3875,0.));
#20306 = VECTOR('',#20307,1.);
#20307 = DIRECTION('',(0.,0.,1.));
#20308 = ORIENTED_EDGE('',*,*,#5047,.F.);
#20309 = PLANE('',#20310);
#20310 = AXIS2_PLACEMENT_3D('',#20311,#20312,#20313);
#20311 = CARTESIAN_POINT('',(317.7,-91.3875,0.));
#20312 = DIRECTION('',(1.,0.,-0.));
#20313 = DIRECTION('',(0.,-1.,0.));
#20314 = ADVANCED_FACE('',(#20315),#20326,.F.);
#20315 = FACE_BOUND('',#20316,.T.);
#20316 = EDGE_LOOP('',(#20317,#20323,#20324,#20325));
#20317 = ORIENTED_EDGE('',*,*,#20318,.T.);
#20318 = EDGE_CURVE('',#4705,#10364,#20319,.T.);
#20319 = LINE('',#20320,#20321);
#20320 = CARTESIAN_POINT('',(331.7,-91.3875,0.));
#20321 = VECTOR('',#20322,1.);
#20322 = DIRECTION('',(0.,0.,1.));
#20323 = ORIENTED_EDGE('',*,*,#10363,.T.);
#20324 = ORIENTED_EDGE('',*,*,#20284,.F.);
#20325 = ORIENTED_EDGE('',*,*,#4704,.F.);
#20326 = CYLINDRICAL_SURFACE('',#20327,0.500001333575);
#20327 = AXIS2_PLACEMENT_3D('',#20328,#20329,#20330);
#20328 = CARTESIAN_POINT('',(331.19999866642,-91.38750133357,0.));
#20329 = DIRECTION('',(-0.,-0.,-1.));
#20330 = DIRECTION('',(0.999999999996,2.667139048935E-06,-0.));
#20331 = ADVANCED_FACE('',(#20332),#20343,.F.);
#20332 = FACE_BOUND('',#20333,.T.);
#20333 = EDGE_LOOP('',(#20334,#20335,#20336,#20342));
#20334 = ORIENTED_EDGE('',*,*,#20303,.T.);
#20335 = ORIENTED_EDGE('',*,*,#10697,.T.);
#20336 = ORIENTED_EDGE('',*,*,#20337,.F.);
#20337 = EDGE_CURVE('',#5031,#10690,#20338,.T.);
#20338 = LINE('',#20339,#20340);
#20339 = CARTESIAN_POINT('',(318.2,-104.8875,0.));
#20340 = VECTOR('',#20341,1.);
#20341 = DIRECTION('',(0.,0.,1.));
#20342 = ORIENTED_EDGE('',*,*,#5038,.F.);
#20343 = CYLINDRICAL_SURFACE('',#20344,0.500001333575);
#20344 = AXIS2_PLACEMENT_3D('',#20345,#20346,#20347);
#20345 = CARTESIAN_POINT('',(318.20000133357,-104.3874986664,0.));
#20346 = DIRECTION('',(-0.,-0.,-1.));
#20347 = DIRECTION('',(-0.999999999996,-2.667139276307E-06,0.));
#20348 = ADVANCED_FACE('',(#20349),#20360,.T.);
#20349 = FACE_BOUND('',#20350,.T.);
#20350 = EDGE_LOOP('',(#20351,#20357,#20358,#20359));
#20351 = ORIENTED_EDGE('',*,*,#20352,.T.);
#20352 = EDGE_CURVE('',#4714,#10373,#20353,.T.);
#20353 = LINE('',#20354,#20355);
#20354 = CARTESIAN_POINT('',(331.7,-91.9995,0.));
#20355 = VECTOR('',#20356,1.);
#20356 = DIRECTION('',(0.,0.,1.));
#20357 = ORIENTED_EDGE('',*,*,#10372,.T.);
#20358 = ORIENTED_EDGE('',*,*,#20318,.F.);
#20359 = ORIENTED_EDGE('',*,*,#4713,.F.);
#20360 = PLANE('',#20361);
#20361 = AXIS2_PLACEMENT_3D('',#20362,#20363,#20364);
#20362 = CARTESIAN_POINT('',(331.7,-91.9995,0.));
#20363 = DIRECTION('',(-1.,0.,0.));
#20364 = DIRECTION('',(0.,1.,0.));
#20365 = ADVANCED_FACE('',(#20366),#20377,.T.);
#20366 = FACE_BOUND('',#20367,.T.);
#20367 = EDGE_LOOP('',(#20368,#20369,#20370,#20376));
#20368 = ORIENTED_EDGE('',*,*,#20337,.T.);
#20369 = ORIENTED_EDGE('',*,*,#10689,.T.);
#20370 = ORIENTED_EDGE('',*,*,#20371,.F.);
#20371 = EDGE_CURVE('',#5023,#10682,#20372,.T.);
#20372 = LINE('',#20373,#20374);
#20373 = CARTESIAN_POINT('',(320.0875,-104.8875,0.));
#20374 = VECTOR('',#20375,1.);
#20375 = DIRECTION('',(0.,0.,1.));
#20376 = ORIENTED_EDGE('',*,*,#5030,.F.);
#20377 = PLANE('',#20378);
#20378 = AXIS2_PLACEMENT_3D('',#20379,#20380,#20381);
#20379 = CARTESIAN_POINT('',(318.2,-104.8875,0.));
#20380 = DIRECTION('',(0.,1.,0.));
#20381 = DIRECTION('',(1.,0.,0.));
#20382 = ADVANCED_FACE('',(#20383),#20394,.T.);
#20383 = FACE_BOUND('',#20384,.T.);
#20384 = EDGE_LOOP('',(#20385,#20391,#20392,#20393));
#20385 = ORIENTED_EDGE('',*,*,#20386,.T.);
#20386 = EDGE_CURVE('',#4722,#10381,#20387,.T.);
#20387 = LINE('',#20388,#20389);
#20388 = CARTESIAN_POINT('',(333.5875,-91.9995,0.));
#20389 = VECTOR('',#20390,1.);
#20390 = DIRECTION('',(0.,0.,1.));
#20391 = ORIENTED_EDGE('',*,*,#10380,.T.);
#20392 = ORIENTED_EDGE('',*,*,#20352,.F.);
#20393 = ORIENTED_EDGE('',*,*,#4721,.F.);
#20394 = PLANE('',#20395);
#20395 = AXIS2_PLACEMENT_3D('',#20396,#20397,#20398);
#20396 = CARTESIAN_POINT('',(333.5875,-91.9995,0.));
#20397 = DIRECTION('',(0.,-1.,0.));
#20398 = DIRECTION('',(-1.,0.,0.));
#20399 = ADVANCED_FACE('',(#20400),#20411,.T.);
#20400 = FACE_BOUND('',#20401,.T.);
#20401 = EDGE_LOOP('',(#20402,#20403,#20404,#20410));
#20402 = ORIENTED_EDGE('',*,*,#20371,.T.);
#20403 = ORIENTED_EDGE('',*,*,#10681,.T.);
#20404 = ORIENTED_EDGE('',*,*,#20405,.F.);
#20405 = EDGE_CURVE('',#5015,#10674,#20406,.T.);
#20406 = LINE('',#20407,#20408);
#20407 = CARTESIAN_POINT('',(320.0875,-109.9875,0.));
#20408 = VECTOR('',#20409,1.);
#20409 = DIRECTION('',(0.,0.,1.));
#20410 = ORIENTED_EDGE('',*,*,#5022,.F.);
#20411 = PLANE('',#20412);
#20412 = AXIS2_PLACEMENT_3D('',#20413,#20414,#20415);
#20413 = CARTESIAN_POINT('',(320.0875,-104.8875,0.));
#20414 = DIRECTION('',(1.,0.,-0.));
#20415 = DIRECTION('',(0.,-1.,0.));
#20416 = ADVANCED_FACE('',(#20417),#20428,.F.);
#20417 = FACE_BOUND('',#20418,.T.);
#20418 = EDGE_LOOP('',(#20419,#20425,#20426,#20427));
#20419 = ORIENTED_EDGE('',*,*,#20420,.T.);
#20420 = EDGE_CURVE('',#4730,#10389,#20421,.T.);
#20421 = LINE('',#20422,#20423);
#20422 = CARTESIAN_POINT('',(334.0875,-92.4995,0.));
#20423 = VECTOR('',#20424,1.);
#20424 = DIRECTION('',(0.,0.,1.));
#20425 = ORIENTED_EDGE('',*,*,#10388,.T.);
#20426 = ORIENTED_EDGE('',*,*,#20386,.F.);
#20427 = ORIENTED_EDGE('',*,*,#4729,.F.);
#20428 = CYLINDRICAL_SURFACE('',#20429,0.500001333575);
#20429 = AXIS2_PLACEMENT_3D('',#20430,#20431,#20432);
#20430 = CARTESIAN_POINT('',(333.58749866642,-92.49950133357,0.));
#20431 = DIRECTION('',(-0.,-0.,-1.));
#20432 = DIRECTION('',(0.999999999996,2.667139077356E-06,-0.));
#20433 = ADVANCED_FACE('',(#20434),#20445,.T.);
#20434 = FACE_BOUND('',#20435,.T.);
#20435 = EDGE_LOOP('',(#20436,#20437,#20438,#20444));
#20436 = ORIENTED_EDGE('',*,*,#20405,.T.);
#20437 = ORIENTED_EDGE('',*,*,#10673,.T.);
#20438 = ORIENTED_EDGE('',*,*,#20439,.F.);
#20439 = EDGE_CURVE('',#5006,#10665,#20440,.T.);
#20440 = LINE('',#20441,#20442);
#20441 = CARTESIAN_POINT('',(299.1,-109.9875,0.));
#20442 = VECTOR('',#20443,1.);
#20443 = DIRECTION('',(0.,0.,1.));
#20444 = ORIENTED_EDGE('',*,*,#5014,.F.);
#20445 = PLANE('',#20446);
#20446 = AXIS2_PLACEMENT_3D('',#20447,#20448,#20449);
#20447 = CARTESIAN_POINT('',(320.0875,-109.9875,0.));
#20448 = DIRECTION('',(0.,-1.,0.));
#20449 = DIRECTION('',(-1.,0.,0.));
#20450 = ADVANCED_FACE('',(#20451),#20462,.T.);
#20451 = FACE_BOUND('',#20452,.T.);
#20452 = EDGE_LOOP('',(#20453,#20459,#20460,#20461));
#20453 = ORIENTED_EDGE('',*,*,#20454,.T.);
#20454 = EDGE_CURVE('',#4739,#10398,#20455,.T.);
#20455 = LINE('',#20456,#20457);
#20456 = CARTESIAN_POINT('',(334.0875,-98.4995,0.));
#20457 = VECTOR('',#20458,1.);
#20458 = DIRECTION('',(0.,0.,1.));
#20459 = ORIENTED_EDGE('',*,*,#10397,.T.);
#20460 = ORIENTED_EDGE('',*,*,#20420,.F.);
#20461 = ORIENTED_EDGE('',*,*,#4738,.F.);
#20462 = PLANE('',#20463);
#20463 = AXIS2_PLACEMENT_3D('',#20464,#20465,#20466);
#20464 = CARTESIAN_POINT('',(334.0875,-98.4995,0.));
#20465 = DIRECTION('',(-1.,0.,0.));
#20466 = DIRECTION('',(0.,1.,0.));
#20467 = ADVANCED_FACE('',(#20468),#20479,.F.);
#20468 = FACE_BOUND('',#20469,.T.);
#20469 = EDGE_LOOP('',(#20470,#20471,#20472,#20478));
#20470 = ORIENTED_EDGE('',*,*,#20439,.T.);
#20471 = ORIENTED_EDGE('',*,*,#10664,.T.);
#20472 = ORIENTED_EDGE('',*,*,#20473,.F.);
#20473 = EDGE_CURVE('',#4998,#10657,#20474,.T.);
#20474 = LINE('',#20475,#20476);
#20475 = CARTESIAN_POINT('',(298.6,-110.4875,0.));
#20476 = VECTOR('',#20477,1.);
#20477 = DIRECTION('',(0.,0.,1.));
#20478 = ORIENTED_EDGE('',*,*,#5005,.F.);
#20479 = CYLINDRICAL_SURFACE('',#20480,0.500001333575);
#20480 = AXIS2_PLACEMENT_3D('',#20481,#20482,#20483);
#20481 = CARTESIAN_POINT('',(299.10000133357,-110.4875013335,0.));
#20482 = DIRECTION('',(-0.,-0.,-1.));
#20483 = DIRECTION('',(-2.667139077356E-06,0.999999999996,0.));
#20484 = ADVANCED_FACE('',(#20485),#20496,.F.);
#20485 = FACE_BOUND('',#20486,.T.);
#20486 = EDGE_LOOP('',(#20487,#20493,#20494,#20495));
#20487 = ORIENTED_EDGE('',*,*,#20488,.T.);
#20488 = EDGE_CURVE('',#4747,#10406,#20489,.T.);
#20489 = LINE('',#20490,#20491);
#20490 = CARTESIAN_POINT('',(333.5875,-98.9995,0.));
#20491 = VECTOR('',#20492,1.);
#20492 = DIRECTION('',(0.,0.,1.));
#20493 = ORIENTED_EDGE('',*,*,#10405,.T.);
#20494 = ORIENTED_EDGE('',*,*,#20454,.F.);
#20495 = ORIENTED_EDGE('',*,*,#4746,.F.);
#20496 = CYLINDRICAL_SURFACE('',#20497,0.500001333575);
#20497 = AXIS2_PLACEMENT_3D('',#20498,#20499,#20500);
#20498 = CARTESIAN_POINT('',(333.58749866642,-98.49949866642,0.));
#20499 = DIRECTION('',(-0.,-0.,-1.));
#20500 = DIRECTION('',(2.667139077356E-06,-0.999999999996,0.));
#20501 = ADVANCED_FACE('',(#20502),#20513,.T.);
#20502 = FACE_BOUND('',#20503,.T.);
#20503 = EDGE_LOOP('',(#20504,#20505,#20506,#20512));
#20504 = ORIENTED_EDGE('',*,*,#20473,.T.);
#20505 = ORIENTED_EDGE('',*,*,#10656,.T.);
#20506 = ORIENTED_EDGE('',*,*,#20507,.F.);
#20507 = EDGE_CURVE('',#4989,#10648,#20508,.T.);
#20508 = LINE('',#20509,#20510);
#20509 = CARTESIAN_POINT('',(298.6,-123.4875,0.));
#20510 = VECTOR('',#20511,1.);
#20511 = DIRECTION('',(0.,0.,1.));
#20512 = ORIENTED_EDGE('',*,*,#4997,.F.);
#20513 = PLANE('',#20514);
#20514 = AXIS2_PLACEMENT_3D('',#20515,#20516,#20517);
#20515 = CARTESIAN_POINT('',(298.6,-110.4875,0.));
#20516 = DIRECTION('',(1.,0.,-0.));
#20517 = DIRECTION('',(0.,-1.,0.));
#20518 = ADVANCED_FACE('',(#20519),#20530,.T.);
#20519 = FACE_BOUND('',#20520,.T.);
#20520 = EDGE_LOOP('',(#20521,#20527,#20528,#20529));
#20521 = ORIENTED_EDGE('',*,*,#20522,.T.);
#20522 = EDGE_CURVE('',#4756,#10415,#20523,.T.);
#20523 = LINE('',#20524,#20525);
#20524 = CARTESIAN_POINT('',(331.7,-98.9995,0.));
#20525 = VECTOR('',#20526,1.);
#20526 = DIRECTION('',(0.,0.,1.));
#20527 = ORIENTED_EDGE('',*,*,#10414,.T.);
#20528 = ORIENTED_EDGE('',*,*,#20488,.F.);
#20529 = ORIENTED_EDGE('',*,*,#4755,.F.);
#20530 = PLANE('',#20531);
#20531 = AXIS2_PLACEMENT_3D('',#20532,#20533,#20534);
#20532 = CARTESIAN_POINT('',(331.7,-98.9995,0.));
#20533 = DIRECTION('',(0.,1.,0.));
#20534 = DIRECTION('',(1.,0.,0.));
#20535 = ADVANCED_FACE('',(#20536),#20547,.F.);
#20536 = FACE_BOUND('',#20537,.T.);
#20537 = EDGE_LOOP('',(#20538,#20539,#20540,#20546));
#20538 = ORIENTED_EDGE('',*,*,#20507,.T.);
#20539 = ORIENTED_EDGE('',*,*,#10647,.T.);
#20540 = ORIENTED_EDGE('',*,*,#20541,.F.);
#20541 = EDGE_CURVE('',#4981,#10640,#20542,.T.);
#20542 = LINE('',#20543,#20544);
#20543 = CARTESIAN_POINT('',(299.1,-123.9875,0.));
#20544 = VECTOR('',#20545,1.);
#20545 = DIRECTION('',(0.,0.,1.));
#20546 = ORIENTED_EDGE('',*,*,#4988,.F.);
#20547 = CYLINDRICAL_SURFACE('',#20548,0.500001333575);
#20548 = AXIS2_PLACEMENT_3D('',#20549,#20550,#20551);
#20549 = CARTESIAN_POINT('',(299.10000133357,-123.4874986664,0.));
#20550 = DIRECTION('',(-0.,-0.,-1.));
#20551 = DIRECTION('',(-0.999999999996,-2.667139048935E-06,0.));
#20552 = ADVANCED_FACE('',(#20553),#20564,.T.);
#20553 = FACE_BOUND('',#20554,.T.);
#20554 = EDGE_LOOP('',(#20555,#20561,#20562,#20563));
#20555 = ORIENTED_EDGE('',*,*,#20556,.T.);
#20556 = EDGE_CURVE('',#4764,#10423,#20557,.T.);
#20557 = LINE('',#20558,#20559);
#20558 = CARTESIAN_POINT('',(331.7,-100.4375,0.));
#20559 = VECTOR('',#20560,1.);
#20560 = DIRECTION('',(0.,0.,1.));
#20561 = ORIENTED_EDGE('',*,*,#10422,.T.);
#20562 = ORIENTED_EDGE('',*,*,#20522,.F.);
#20563 = ORIENTED_EDGE('',*,*,#4763,.F.);
#20564 = PLANE('',#20565);
#20565 = AXIS2_PLACEMENT_3D('',#20566,#20567,#20568);
#20566 = CARTESIAN_POINT('',(331.7,-100.4375,0.));
#20567 = DIRECTION('',(-1.,0.,0.));
#20568 = DIRECTION('',(0.,1.,0.));
#20569 = ADVANCED_FACE('',(#20570),#20581,.T.);
#20570 = FACE_BOUND('',#20571,.T.);
#20571 = EDGE_LOOP('',(#20572,#20573,#20574,#20580));
#20572 = ORIENTED_EDGE('',*,*,#20541,.T.);
#20573 = ORIENTED_EDGE('',*,*,#10639,.T.);
#20574 = ORIENTED_EDGE('',*,*,#20575,.F.);
#20575 = EDGE_CURVE('',#4973,#10632,#20576,.T.);
#20576 = LINE('',#20577,#20578);
#20577 = CARTESIAN_POINT('',(302.0995,-123.9875,0.));
#20578 = VECTOR('',#20579,1.);
#20579 = DIRECTION('',(0.,0.,1.));
#20580 = ORIENTED_EDGE('',*,*,#4980,.F.);
#20581 = PLANE('',#20582);
#20582 = AXIS2_PLACEMENT_3D('',#20583,#20584,#20585);
#20583 = CARTESIAN_POINT('',(299.1,-123.9875,0.));
#20584 = DIRECTION('',(0.,1.,0.));
#20585 = DIRECTION('',(1.,0.,0.));
#20586 = ADVANCED_FACE('',(#20587),#20598,.T.);
#20587 = FACE_BOUND('',#20588,.T.);
#20588 = EDGE_LOOP('',(#20589,#20595,#20596,#20597));
#20589 = ORIENTED_EDGE('',*,*,#20590,.T.);
#20590 = EDGE_CURVE('',#4772,#10431,#20591,.T.);
#20591 = LINE('',#20592,#20593);
#20592 = CARTESIAN_POINT('',(333.5875,-100.4375,0.));
#20593 = VECTOR('',#20594,1.);
#20594 = DIRECTION('',(0.,0.,1.));
#20595 = ORIENTED_EDGE('',*,*,#10430,.T.);
#20596 = ORIENTED_EDGE('',*,*,#20556,.F.);
#20597 = ORIENTED_EDGE('',*,*,#4771,.F.);
#20598 = PLANE('',#20599);
#20599 = AXIS2_PLACEMENT_3D('',#20600,#20601,#20602);
#20600 = CARTESIAN_POINT('',(333.5875,-100.4375,0.));
#20601 = DIRECTION('',(0.,-1.,0.));
#20602 = DIRECTION('',(-1.,0.,0.));
#20603 = ADVANCED_FACE('',(#20604),#20615,.T.);
#20604 = FACE_BOUND('',#20605,.T.);
#20605 = EDGE_LOOP('',(#20606,#20607,#20608,#20614));
#20606 = ORIENTED_EDGE('',*,*,#20575,.T.);
#20607 = ORIENTED_EDGE('',*,*,#10631,.T.);
#20608 = ORIENTED_EDGE('',*,*,#20609,.F.);
#20609 = EDGE_CURVE('',#4964,#10623,#20610,.T.);
#20610 = LINE('',#20611,#20612);
#20611 = CARTESIAN_POINT('',(302.0995,-124.4875,0.));
#20612 = VECTOR('',#20613,1.);
#20613 = DIRECTION('',(0.,0.,1.));
#20614 = ORIENTED_EDGE('',*,*,#4972,.F.);
#20615 = PLANE('',#20616);
#20616 = AXIS2_PLACEMENT_3D('',#20617,#20618,#20619);
#20617 = CARTESIAN_POINT('',(302.0995,-123.9875,0.));
#20618 = DIRECTION('',(1.,0.,-0.));
#20619 = DIRECTION('',(0.,-1.,0.));
#20620 = ADVANCED_FACE('',(#20621),#20632,.F.);
#20621 = FACE_BOUND('',#20622,.T.);
#20622 = EDGE_LOOP('',(#20623,#20629,#20630,#20631));
#20623 = ORIENTED_EDGE('',*,*,#20624,.T.);
#20624 = EDGE_CURVE('',#4780,#10439,#20625,.T.);
#20625 = LINE('',#20626,#20627);
#20626 = CARTESIAN_POINT('',(334.0875,-100.9375,0.));
#20627 = VECTOR('',#20628,1.);
#20628 = DIRECTION('',(0.,0.,1.));
#20629 = ORIENTED_EDGE('',*,*,#10438,.T.);
#20630 = ORIENTED_EDGE('',*,*,#20590,.F.);
#20631 = ORIENTED_EDGE('',*,*,#4779,.F.);
#20632 = CYLINDRICAL_SURFACE('',#20633,0.500001333575);
#20633 = AXIS2_PLACEMENT_3D('',#20634,#20635,#20636);
#20634 = CARTESIAN_POINT('',(333.58749866642,-100.9375013335,0.));
#20635 = DIRECTION('',(-0.,-0.,-1.));
#20636 = DIRECTION('',(0.999999999996,2.667139048935E-06,-0.));
#20637 = ADVANCED_FACE('',(#20638),#20649,.F.);
#20638 = FACE_BOUND('',#20639,.T.);
#20639 = EDGE_LOOP('',(#20640,#20641,#20642,#20648));
#20640 = ORIENTED_EDGE('',*,*,#20609,.T.);
#20641 = ORIENTED_EDGE('',*,*,#10622,.T.);
#20642 = ORIENTED_EDGE('',*,*,#20643,.F.);
#20643 = EDGE_CURVE('',#4956,#10615,#20644,.T.);
#20644 = LINE('',#20645,#20646);
#20645 = CARTESIAN_POINT('',(302.5995,-124.9875,0.));
#20646 = VECTOR('',#20647,1.);
#20647 = DIRECTION('',(0.,0.,1.));
#20648 = ORIENTED_EDGE('',*,*,#4963,.F.);
#20649 = CYLINDRICAL_SURFACE('',#20650,0.500001333575);
#20650 = AXIS2_PLACEMENT_3D('',#20651,#20652,#20653);
#20651 = CARTESIAN_POINT('',(302.59950133357,-124.4874986664,0.));
#20652 = DIRECTION('',(-0.,-0.,-1.));
#20653 = DIRECTION('',(-0.999999999996,-2.667139247886E-06,0.));
#20654 = ADVANCED_FACE('',(#20655),#20666,.T.);
#20655 = FACE_BOUND('',#20656,.T.);
#20656 = EDGE_LOOP('',(#20657,#20663,#20664,#20665));
#20657 = ORIENTED_EDGE('',*,*,#20658,.T.);
#20658 = EDGE_CURVE('',#4789,#10448,#20659,.T.);
#20659 = LINE('',#20660,#20661);
#20660 = CARTESIAN_POINT('',(334.0875,-113.9375,0.));
#20661 = VECTOR('',#20662,1.);
#20662 = DIRECTION('',(0.,0.,1.));
#20663 = ORIENTED_EDGE('',*,*,#10447,.T.);
#20664 = ORIENTED_EDGE('',*,*,#20624,.F.);
#20665 = ORIENTED_EDGE('',*,*,#4788,.F.);
#20666 = PLANE('',#20667);
#20667 = AXIS2_PLACEMENT_3D('',#20668,#20669,#20670);
#20668 = CARTESIAN_POINT('',(334.0875,-113.9375,0.));
#20669 = DIRECTION('',(-1.,0.,0.));
#20670 = DIRECTION('',(0.,1.,0.));
#20671 = ADVANCED_FACE('',(#20672),#20683,.T.);
#20672 = FACE_BOUND('',#20673,.T.);
#20673 = EDGE_LOOP('',(#20674,#20675,#20676,#20682));
#20674 = ORIENTED_EDGE('',*,*,#20643,.T.);
#20675 = ORIENTED_EDGE('',*,*,#10614,.T.);
#20676 = ORIENTED_EDGE('',*,*,#20677,.F.);
#20677 = EDGE_CURVE('',#4947,#10606,#20678,.T.);
#20678 = LINE('',#20679,#20680);
#20679 = CARTESIAN_POINT('',(308.5995,-124.9875,0.));
#20680 = VECTOR('',#20681,1.);
#20681 = DIRECTION('',(0.,0.,1.));
#20682 = ORIENTED_EDGE('',*,*,#4955,.F.);
#20683 = PLANE('',#20684);
#20684 = AXIS2_PLACEMENT_3D('',#20685,#20686,#20687);
#20685 = CARTESIAN_POINT('',(302.5995,-124.9875,0.));
#20686 = DIRECTION('',(0.,1.,0.));
#20687 = DIRECTION('',(1.,0.,0.));
#20688 = ADVANCED_FACE('',(#20689),#20700,.F.);
#20689 = FACE_BOUND('',#20690,.T.);
#20690 = EDGE_LOOP('',(#20691,#20697,#20698,#20699));
#20691 = ORIENTED_EDGE('',*,*,#20692,.T.);
#20692 = EDGE_CURVE('',#4797,#10456,#20693,.T.);
#20693 = LINE('',#20694,#20695);
#20694 = CARTESIAN_POINT('',(333.5875,-114.4375,0.));
#20695 = VECTOR('',#20696,1.);
#20696 = DIRECTION('',(0.,0.,1.));
#20697 = ORIENTED_EDGE('',*,*,#10455,.T.);
#20698 = ORIENTED_EDGE('',*,*,#20658,.F.);
#20699 = ORIENTED_EDGE('',*,*,#4796,.F.);
#20700 = CYLINDRICAL_SURFACE('',#20701,0.500001333575);
#20701 = AXIS2_PLACEMENT_3D('',#20702,#20703,#20704);
#20702 = CARTESIAN_POINT('',(333.58749866642,-113.9374986664,0.));
#20703 = DIRECTION('',(-0.,-0.,-1.));
#20704 = DIRECTION('',(2.667139077356E-06,-0.999999999996,0.));
#20705 = ADVANCED_FACE('',(#20706),#20717,.F.);
#20706 = FACE_BOUND('',#20707,.T.);
#20707 = EDGE_LOOP('',(#20708,#20709,#20710,#20716));
#20708 = ORIENTED_EDGE('',*,*,#20677,.T.);
#20709 = ORIENTED_EDGE('',*,*,#10605,.T.);
#20710 = ORIENTED_EDGE('',*,*,#20711,.F.);
#20711 = EDGE_CURVE('',#4939,#10598,#20712,.T.);
#20712 = LINE('',#20713,#20714);
#20713 = CARTESIAN_POINT('',(309.0995,-124.4875,0.));
#20714 = VECTOR('',#20715,1.);
#20715 = DIRECTION('',(0.,0.,1.));
#20716 = ORIENTED_EDGE('',*,*,#4946,.F.);
#20717 = CYLINDRICAL_SURFACE('',#20718,0.500001333575);
#20718 = AXIS2_PLACEMENT_3D('',#20719,#20720,#20721);
#20719 = CARTESIAN_POINT('',(308.59949866642,-124.4874986664,0.));
#20720 = DIRECTION('',(-0.,-0.,-1.));
#20721 = DIRECTION('',(2.667139077356E-06,-0.999999999996,0.));
#20722 = ADVANCED_FACE('',(#20723),#20734,.T.);
#20723 = FACE_BOUND('',#20724,.T.);
#20724 = EDGE_LOOP('',(#20725,#20731,#20732,#20733));
#20725 = ORIENTED_EDGE('',*,*,#20726,.T.);
#20726 = EDGE_CURVE('',#4806,#10465,#20727,.T.);
#20727 = LINE('',#20728,#20729);
#20728 = CARTESIAN_POINT('',(332.9755,-114.4375,0.));
#20729 = VECTOR('',#20730,1.);
#20730 = DIRECTION('',(0.,0.,1.));
#20731 = ORIENTED_EDGE('',*,*,#10464,.T.);
#20732 = ORIENTED_EDGE('',*,*,#20692,.F.);
#20733 = ORIENTED_EDGE('',*,*,#4805,.F.);
#20734 = PLANE('',#20735);
#20735 = AXIS2_PLACEMENT_3D('',#20736,#20737,#20738);
#20736 = CARTESIAN_POINT('',(332.9755,-114.4375,0.));
#20737 = DIRECTION('',(0.,1.,0.));
#20738 = DIRECTION('',(1.,0.,0.));
#20739 = ADVANCED_FACE('',(#20740),#20751,.T.);
#20740 = FACE_BOUND('',#20741,.T.);
#20741 = EDGE_LOOP('',(#20742,#20743,#20744,#20750));
#20742 = ORIENTED_EDGE('',*,*,#20711,.T.);
#20743 = ORIENTED_EDGE('',*,*,#10597,.T.);
#20744 = ORIENTED_EDGE('',*,*,#20745,.F.);
#20745 = EDGE_CURVE('',#4931,#10590,#20746,.T.);
#20746 = LINE('',#20747,#20748);
#20747 = CARTESIAN_POINT('',(309.0995,-123.9875,0.));
#20748 = VECTOR('',#20749,1.);
#20749 = DIRECTION('',(0.,0.,1.));
#20750 = ORIENTED_EDGE('',*,*,#4938,.F.);
#20751 = PLANE('',#20752);
#20752 = AXIS2_PLACEMENT_3D('',#20753,#20754,#20755);
#20753 = CARTESIAN_POINT('',(309.0995,-124.4875,0.));
#20754 = DIRECTION('',(-1.,0.,0.));
#20755 = DIRECTION('',(0.,1.,0.));
#20756 = ADVANCED_FACE('',(#20757),#20768,.T.);
#20757 = FACE_BOUND('',#20758,.T.);
#20758 = EDGE_LOOP('',(#20759,#20765,#20766,#20767));
#20759 = ORIENTED_EDGE('',*,*,#20760,.T.);
#20760 = EDGE_CURVE('',#4814,#10473,#20761,.T.);
#20761 = LINE('',#20762,#20763);
#20762 = CARTESIAN_POINT('',(332.9755,-115.8755,0.));
#20763 = VECTOR('',#20764,1.);
#20764 = DIRECTION('',(0.,0.,1.));
#20765 = ORIENTED_EDGE('',*,*,#10472,.T.);
#20766 = ORIENTED_EDGE('',*,*,#20726,.F.);
#20767 = ORIENTED_EDGE('',*,*,#4813,.F.);
#20768 = PLANE('',#20769);
#20769 = AXIS2_PLACEMENT_3D('',#20770,#20771,#20772);
#20770 = CARTESIAN_POINT('',(332.9755,-115.8755,0.));
#20771 = DIRECTION('',(-1.,0.,0.));
#20772 = DIRECTION('',(0.,1.,0.));
#20773 = ADVANCED_FACE('',(#20774),#20785,.T.);
#20774 = FACE_BOUND('',#20775,.T.);
#20775 = EDGE_LOOP('',(#20776,#20777,#20778,#20784));
#20776 = ORIENTED_EDGE('',*,*,#20745,.T.);
#20777 = ORIENTED_EDGE('',*,*,#10589,.T.);
#20778 = ORIENTED_EDGE('',*,*,#20779,.F.);
#20779 = EDGE_CURVE('',#4922,#10581,#20780,.T.);
#20780 = LINE('',#20781,#20782);
#20781 = CARTESIAN_POINT('',(324.0375,-123.9875,0.));
#20782 = VECTOR('',#20783,1.);
#20783 = DIRECTION('',(0.,0.,1.));
#20784 = ORIENTED_EDGE('',*,*,#4930,.F.);
#20785 = PLANE('',#20786);
#20786 = AXIS2_PLACEMENT_3D('',#20787,#20788,#20789);
#20787 = CARTESIAN_POINT('',(309.0995,-123.9875,0.));
#20788 = DIRECTION('',(0.,1.,0.));
#20789 = DIRECTION('',(1.,0.,0.));
#20790 = ADVANCED_FACE('',(#20791),#20802,.T.);
#20791 = FACE_BOUND('',#20792,.T.);
#20792 = EDGE_LOOP('',(#20793,#20799,#20800,#20801));
#20793 = ORIENTED_EDGE('',*,*,#20794,.T.);
#20794 = EDGE_CURVE('',#4822,#10481,#20795,.T.);
#20795 = LINE('',#20796,#20797);
#20796 = CARTESIAN_POINT('',(333.5875,-115.8755,0.));
#20797 = VECTOR('',#20798,1.);
#20798 = DIRECTION('',(0.,0.,1.));
#20799 = ORIENTED_EDGE('',*,*,#10480,.T.);
#20800 = ORIENTED_EDGE('',*,*,#20760,.F.);
#20801 = ORIENTED_EDGE('',*,*,#4821,.F.);
#20802 = PLANE('',#20803);
#20803 = AXIS2_PLACEMENT_3D('',#20804,#20805,#20806);
#20804 = CARTESIAN_POINT('',(333.5875,-115.8755,0.));
#20805 = DIRECTION('',(0.,-1.,0.));
#20806 = DIRECTION('',(-1.,0.,0.));
#20807 = ADVANCED_FACE('',(#20808),#20819,.F.);
#20808 = FACE_BOUND('',#20809,.T.);
#20809 = EDGE_LOOP('',(#20810,#20811,#20812,#20818));
#20810 = ORIENTED_EDGE('',*,*,#20779,.T.);
#20811 = ORIENTED_EDGE('',*,*,#10580,.T.);
#20812 = ORIENTED_EDGE('',*,*,#20813,.F.);
#20813 = EDGE_CURVE('',#4914,#10573,#20814,.T.);
#20814 = LINE('',#20815,#20816);
#20815 = CARTESIAN_POINT('',(324.5375,-123.4875,0.));
#20816 = VECTOR('',#20817,1.);
#20817 = DIRECTION('',(0.,0.,1.));
#20818 = ORIENTED_EDGE('',*,*,#4921,.F.);
#20819 = CYLINDRICAL_SURFACE('',#20820,0.500001333575);
#20820 = AXIS2_PLACEMENT_3D('',#20821,#20822,#20823);
#20821 = CARTESIAN_POINT('',(324.03749866642,-123.4874986664,0.));
#20822 = DIRECTION('',(-0.,-0.,-1.));
#20823 = DIRECTION('',(2.667139304729E-06,-0.999999999996,0.));
#20824 = ADVANCED_FACE('',(#20825),#20836,.F.);
#20825 = FACE_BOUND('',#20826,.T.);
#20826 = EDGE_LOOP('',(#20827,#20833,#20834,#20835));
#20827 = ORIENTED_EDGE('',*,*,#20828,.T.);
#20828 = EDGE_CURVE('',#4830,#10489,#20829,.T.);
#20829 = LINE('',#20830,#20831);
#20830 = CARTESIAN_POINT('',(334.0875,-116.3755,0.));
#20831 = VECTOR('',#20832,1.);
#20832 = DIRECTION('',(0.,0.,1.));
#20833 = ORIENTED_EDGE('',*,*,#10488,.T.);
#20834 = ORIENTED_EDGE('',*,*,#20794,.F.);
#20835 = ORIENTED_EDGE('',*,*,#4829,.F.);
#20836 = CYLINDRICAL_SURFACE('',#20837,0.500001333575);
#20837 = AXIS2_PLACEMENT_3D('',#20838,#20839,#20840);
#20838 = CARTESIAN_POINT('',(333.58749866642,-116.3755013335,0.));
#20839 = DIRECTION('',(-0.,-0.,-1.));
#20840 = DIRECTION('',(0.999999999996,2.667139048935E-06,-0.));
#20841 = ADVANCED_FACE('',(#20842),#20853,.T.);
#20842 = FACE_BOUND('',#20843,.T.);
#20843 = EDGE_LOOP('',(#20844,#20845,#20846,#20852));
#20844 = ORIENTED_EDGE('',*,*,#20813,.T.);
#20845 = ORIENTED_EDGE('',*,*,#10572,.T.);
#20846 = ORIENTED_EDGE('',*,*,#20847,.F.);
#20847 = EDGE_CURVE('',#4906,#10565,#20848,.T.);
#20848 = LINE('',#20849,#20850);
#20849 = CARTESIAN_POINT('',(324.5375,-122.8755,0.));
#20850 = VECTOR('',#20851,1.);
#20851 = DIRECTION('',(0.,0.,1.));
#20852 = ORIENTED_EDGE('',*,*,#4913,.F.);
#20853 = PLANE('',#20854);
#20854 = AXIS2_PLACEMENT_3D('',#20855,#20856,#20857);
#20855 = CARTESIAN_POINT('',(324.5375,-123.4875,0.));
#20856 = DIRECTION('',(-1.,0.,0.));
#20857 = DIRECTION('',(0.,1.,0.));
#20858 = ADVANCED_FACE('',(#20859),#20870,.T.);
#20859 = FACE_BOUND('',#20860,.T.);
#20860 = EDGE_LOOP('',(#20861,#20867,#20868,#20869));
#20861 = ORIENTED_EDGE('',*,*,#20862,.T.);
#20862 = EDGE_CURVE('',#4839,#10498,#20863,.T.);
#20863 = LINE('',#20864,#20865);
#20864 = CARTESIAN_POINT('',(334.0875,-122.3755,0.));
#20865 = VECTOR('',#20866,1.);
#20866 = DIRECTION('',(0.,0.,1.));
#20867 = ORIENTED_EDGE('',*,*,#10497,.T.);
#20868 = ORIENTED_EDGE('',*,*,#20828,.F.);
#20869 = ORIENTED_EDGE('',*,*,#4838,.F.);
#20870 = PLANE('',#20871);
#20871 = AXIS2_PLACEMENT_3D('',#20872,#20873,#20874);
#20872 = CARTESIAN_POINT('',(334.0875,-122.3755,0.));
#20873 = DIRECTION('',(-1.,0.,0.));
#20874 = DIRECTION('',(0.,1.,0.));
#20875 = ADVANCED_FACE('',(#20876),#20887,.T.);
#20876 = FACE_BOUND('',#20877,.T.);
#20877 = EDGE_LOOP('',(#20878,#20879,#20880,#20886));
#20878 = ORIENTED_EDGE('',*,*,#20847,.T.);
#20879 = ORIENTED_EDGE('',*,*,#10564,.T.);
#20880 = ORIENTED_EDGE('',*,*,#20881,.F.);
#20881 = EDGE_CURVE('',#4898,#10557,#20882,.T.);
#20882 = LINE('',#20883,#20884);
#20883 = CARTESIAN_POINT('',(325.9755,-122.8755,0.));
#20884 = VECTOR('',#20885,1.);
#20885 = DIRECTION('',(0.,0.,1.));
#20886 = ORIENTED_EDGE('',*,*,#4905,.F.);
#20887 = PLANE('',#20888);
#20888 = AXIS2_PLACEMENT_3D('',#20889,#20890,#20891);
#20889 = CARTESIAN_POINT('',(324.5375,-122.8755,0.));
#20890 = DIRECTION('',(0.,1.,0.));
#20891 = DIRECTION('',(1.,0.,0.));
#20892 = ADVANCED_FACE('',(#20893),#20904,.F.);
#20893 = FACE_BOUND('',#20894,.T.);
#20894 = EDGE_LOOP('',(#20895,#20901,#20902,#20903));
#20895 = ORIENTED_EDGE('',*,*,#20896,.T.);
#20896 = EDGE_CURVE('',#4847,#10506,#20897,.T.);
#20897 = LINE('',#20898,#20899);
#20898 = CARTESIAN_POINT('',(333.5875,-122.8755,0.));
#20899 = VECTOR('',#20900,1.);
#20900 = DIRECTION('',(0.,0.,1.));
#20901 = ORIENTED_EDGE('',*,*,#10505,.T.);
#20902 = ORIENTED_EDGE('',*,*,#20862,.F.);
#20903 = ORIENTED_EDGE('',*,*,#4846,.F.);
#20904 = CYLINDRICAL_SURFACE('',#20905,0.500001333575);
#20905 = AXIS2_PLACEMENT_3D('',#20906,#20907,#20908);
#20906 = CARTESIAN_POINT('',(333.58749866642,-122.3754986664,0.));
#20907 = DIRECTION('',(-0.,-0.,-1.));
#20908 = DIRECTION('',(2.667139077356E-06,-0.999999999996,0.));
#20909 = ADVANCED_FACE('',(#20910),#20921,.T.);
#20910 = FACE_BOUND('',#20911,.T.);
#20911 = EDGE_LOOP('',(#20912,#20913,#20914,#20920));
#20912 = ORIENTED_EDGE('',*,*,#20881,.T.);
#20913 = ORIENTED_EDGE('',*,*,#10556,.T.);
#20914 = ORIENTED_EDGE('',*,*,#20915,.F.);
#20915 = EDGE_CURVE('',#4889,#10548,#20916,.T.);
#20916 = LINE('',#20917,#20918);
#20917 = CARTESIAN_POINT('',(325.9755,-124.4875,0.));
#20918 = VECTOR('',#20919,1.);
#20919 = DIRECTION('',(0.,0.,1.));
#20920 = ORIENTED_EDGE('',*,*,#4897,.F.);
#20921 = PLANE('',#20922);
#20922 = AXIS2_PLACEMENT_3D('',#20923,#20924,#20925);
#20923 = CARTESIAN_POINT('',(325.9755,-122.8755,0.));
#20924 = DIRECTION('',(1.,0.,-0.));
#20925 = DIRECTION('',(0.,-1.,0.));
#20926 = ADVANCED_FACE('',(#20927),#20938,.T.);
#20927 = FACE_BOUND('',#20928,.T.);
#20928 = EDGE_LOOP('',(#20929,#20935,#20936,#20937));
#20929 = ORIENTED_EDGE('',*,*,#20930,.T.);
#20930 = EDGE_CURVE('',#4856,#10515,#20931,.T.);
#20931 = LINE('',#20932,#20933);
#20932 = CARTESIAN_POINT('',(332.9755,-122.8755,0.));
#20933 = VECTOR('',#20934,1.);
#20934 = DIRECTION('',(0.,0.,1.));
#20935 = ORIENTED_EDGE('',*,*,#10514,.T.);
#20936 = ORIENTED_EDGE('',*,*,#20896,.F.);
#20937 = ORIENTED_EDGE('',*,*,#4855,.F.);
#20938 = PLANE('',#20939);
#20939 = AXIS2_PLACEMENT_3D('',#20940,#20941,#20942);
#20940 = CARTESIAN_POINT('',(332.9755,-122.8755,0.));
#20941 = DIRECTION('',(0.,1.,0.));
#20942 = DIRECTION('',(1.,0.,0.));
#20943 = ADVANCED_FACE('',(#20944),#20955,.F.);
#20944 = FACE_BOUND('',#20945,.T.);
#20945 = EDGE_LOOP('',(#20946,#20947,#20948,#20954));
#20946 = ORIENTED_EDGE('',*,*,#20915,.T.);
#20947 = ORIENTED_EDGE('',*,*,#10547,.T.);
#20948 = ORIENTED_EDGE('',*,*,#20949,.F.);
#20949 = EDGE_CURVE('',#4881,#10540,#20950,.T.);
#20950 = LINE('',#20951,#20952);
#20951 = CARTESIAN_POINT('',(326.4755,-124.9875,0.));
#20952 = VECTOR('',#20953,1.);
#20953 = DIRECTION('',(0.,0.,1.));
#20954 = ORIENTED_EDGE('',*,*,#4888,.F.);
#20955 = CYLINDRICAL_SURFACE('',#20956,0.500001333575);
#20956 = AXIS2_PLACEMENT_3D('',#20957,#20958,#20959);
#20957 = CARTESIAN_POINT('',(326.47550133357,-124.4874986664,0.));
#20958 = DIRECTION('',(-0.,-0.,-1.));
#20959 = DIRECTION('',(-0.999999999996,-2.667139048935E-06,0.));
#20960 = ADVANCED_FACE('',(#20961),#20972,.T.);
#20961 = FACE_BOUND('',#20962,.T.);
#20962 = EDGE_LOOP('',(#20963,#20969,#20970,#20971));
#20963 = ORIENTED_EDGE('',*,*,#20964,.T.);
#20964 = EDGE_CURVE('',#4864,#10523,#20965,.T.);
#20965 = LINE('',#20966,#20967);
#20966 = CARTESIAN_POINT('',(332.9755,-124.4875,0.));
#20967 = VECTOR('',#20968,1.);
#20968 = DIRECTION('',(0.,0.,1.));
#20969 = ORIENTED_EDGE('',*,*,#10522,.T.);
#20970 = ORIENTED_EDGE('',*,*,#20930,.F.);
#20971 = ORIENTED_EDGE('',*,*,#4863,.F.);
#20972 = PLANE('',#20973);
#20973 = AXIS2_PLACEMENT_3D('',#20974,#20975,#20976);
#20974 = CARTESIAN_POINT('',(332.9755,-124.4875,0.));
#20975 = DIRECTION('',(-1.,0.,0.));
#20976 = DIRECTION('',(0.,1.,0.));
#20977 = ADVANCED_FACE('',(#20978),#20989,.T.);
#20978 = FACE_BOUND('',#20979,.T.);
#20979 = EDGE_LOOP('',(#20980,#20981,#20982,#20988));
#20980 = ORIENTED_EDGE('',*,*,#20949,.T.);
#20981 = ORIENTED_EDGE('',*,*,#10539,.T.);
#20982 = ORIENTED_EDGE('',*,*,#20983,.F.);
#20983 = EDGE_CURVE('',#4872,#10531,#20984,.T.);
#20984 = LINE('',#20985,#20986);
#20985 = CARTESIAN_POINT('',(332.4755,-124.9875,0.));
#20986 = VECTOR('',#20987,1.);
#20987 = DIRECTION('',(0.,0.,1.));
#20988 = ORIENTED_EDGE('',*,*,#4880,.F.);
#20989 = PLANE('',#20990);
#20990 = AXIS2_PLACEMENT_3D('',#20991,#20992,#20993);
#20991 = CARTESIAN_POINT('',(326.4755,-124.9875,0.));
#20992 = DIRECTION('',(0.,1.,0.));
#20993 = DIRECTION('',(1.,0.,0.));
#20994 = ADVANCED_FACE('',(#20995),#21001,.F.);
#20995 = FACE_BOUND('',#20996,.T.);
#20996 = EDGE_LOOP('',(#20997,#20998,#20999,#21000));
#20997 = ORIENTED_EDGE('',*,*,#20983,.T.);
#20998 = ORIENTED_EDGE('',*,*,#10530,.T.);
#20999 = ORIENTED_EDGE('',*,*,#20964,.F.);
#21000 = ORIENTED_EDGE('',*,*,#4871,.F.);
#21001 = CYLINDRICAL_SURFACE('',#21002,0.500001333575);
#21002 = AXIS2_PLACEMENT_3D('',#21003,#21004,#21005);
#21003 = CARTESIAN_POINT('',(332.47549866642,-124.4874986664,0.));
#21004 = DIRECTION('',(-0.,-0.,-1.));
#21005 = DIRECTION('',(2.667139304729E-06,-0.999999999996,0.));
#21006 = ADVANCED_FACE('',(#21007),#21023,.F.);
#21007 = FACE_BOUND('',#21008,.T.);
#21008 = EDGE_LOOP('',(#21009,#21015,#21016,#21022));
#21009 = ORIENTED_EDGE('',*,*,#21010,.T.);
#21010 = EDGE_CURVE('',#5056,#10715,#21011,.T.);
#21011 = LINE('',#21012,#21013);
#21012 = CARTESIAN_POINT('',(294.325,-90.8875,0.));
#21013 = VECTOR('',#21014,1.);
#21014 = DIRECTION('',(0.,0.,1.));
#21015 = ORIENTED_EDGE('',*,*,#10714,.T.);
#21016 = ORIENTED_EDGE('',*,*,#21017,.F.);
#21017 = EDGE_CURVE('',#5058,#10717,#21018,.T.);
#21018 = LINE('',#21019,#21020);
#21019 = CARTESIAN_POINT('',(293.825,-91.3875,0.));
#21020 = VECTOR('',#21021,1.);
#21021 = DIRECTION('',(0.,0.,1.));
#21022 = ORIENTED_EDGE('',*,*,#5055,.F.);
#21023 = CYLINDRICAL_SURFACE('',#21024,0.500001333575);
#21024 = AXIS2_PLACEMENT_3D('',#21025,#21026,#21027);
#21025 = CARTESIAN_POINT('',(294.32500133357,-91.38750133357,0.));
#21026 = DIRECTION('',(-0.,-0.,-1.));
#21027 = DIRECTION('',(-2.667139191042E-06,0.999999999996,0.));
#21028 = ADVANCED_FACE('',(#21029),#21040,.T.);
#21029 = FACE_BOUND('',#21030,.T.);
#21030 = EDGE_LOOP('',(#21031,#21037,#21038,#21039));
#21031 = ORIENTED_EDGE('',*,*,#21032,.T.);
#21032 = EDGE_CURVE('',#5067,#10726,#21033,.T.);
#21033 = LINE('',#21034,#21035);
#21034 = CARTESIAN_POINT('',(307.325,-90.8875,0.));
#21035 = VECTOR('',#21036,1.);
#21036 = DIRECTION('',(0.,0.,1.));
#21037 = ORIENTED_EDGE('',*,*,#10725,.T.);
#21038 = ORIENTED_EDGE('',*,*,#21010,.F.);
#21039 = ORIENTED_EDGE('',*,*,#5066,.F.);
#21040 = PLANE('',#21041);
#21041 = AXIS2_PLACEMENT_3D('',#21042,#21043,#21044);
#21042 = CARTESIAN_POINT('',(307.325,-90.8875,0.));
#21043 = DIRECTION('',(0.,-1.,0.));
#21044 = DIRECTION('',(-1.,0.,0.));
#21045 = ADVANCED_FACE('',(#21046),#21057,.T.);
#21046 = FACE_BOUND('',#21047,.T.);
#21047 = EDGE_LOOP('',(#21048,#21049,#21050,#21056));
#21048 = ORIENTED_EDGE('',*,*,#21017,.T.);
#21049 = ORIENTED_EDGE('',*,*,#10776,.T.);
#21050 = ORIENTED_EDGE('',*,*,#21051,.F.);
#21051 = EDGE_CURVE('',#5109,#10768,#21052,.T.);
#21052 = LINE('',#21053,#21054);
#21053 = CARTESIAN_POINT('',(293.825,-104.3875,0.));
#21054 = VECTOR('',#21055,1.);
#21055 = DIRECTION('',(0.,0.,1.));
#21056 = ORIENTED_EDGE('',*,*,#5117,.F.);
#21057 = PLANE('',#21058);
#21058 = AXIS2_PLACEMENT_3D('',#21059,#21060,#21061);
#21059 = CARTESIAN_POINT('',(293.825,-91.3875,0.));
#21060 = DIRECTION('',(1.,0.,-0.));
#21061 = DIRECTION('',(0.,-1.,0.));
#21062 = ADVANCED_FACE('',(#21063),#21074,.F.);
#21063 = FACE_BOUND('',#21064,.T.);
#21064 = EDGE_LOOP('',(#21065,#21071,#21072,#21073));
#21065 = ORIENTED_EDGE('',*,*,#21066,.T.);
#21066 = EDGE_CURVE('',#5075,#10734,#21067,.T.);
#21067 = LINE('',#21068,#21069);
#21068 = CARTESIAN_POINT('',(307.825,-91.3875,0.));
#21069 = VECTOR('',#21070,1.);
#21070 = DIRECTION('',(0.,0.,1.));
#21071 = ORIENTED_EDGE('',*,*,#10733,.T.);
#21072 = ORIENTED_EDGE('',*,*,#21032,.F.);
#21073 = ORIENTED_EDGE('',*,*,#5074,.F.);
#21074 = CYLINDRICAL_SURFACE('',#21075,0.500001333575);
#21075 = AXIS2_PLACEMENT_3D('',#21076,#21077,#21078);
#21076 = CARTESIAN_POINT('',(307.32499866642,-91.38750133357,0.));
#21077 = DIRECTION('',(-0.,-0.,-1.));
#21078 = DIRECTION('',(0.999999999996,2.667139048935E-06,-0.));
#21079 = ADVANCED_FACE('',(#21080),#21091,.F.);
#21080 = FACE_BOUND('',#21081,.T.);
#21081 = EDGE_LOOP('',(#21082,#21083,#21084,#21090));
#21082 = ORIENTED_EDGE('',*,*,#21051,.T.);
#21083 = ORIENTED_EDGE('',*,*,#10767,.T.);
#21084 = ORIENTED_EDGE('',*,*,#21085,.F.);
#21085 = EDGE_CURVE('',#5101,#10760,#21086,.T.);
#21086 = LINE('',#21087,#21088);
#21087 = CARTESIAN_POINT('',(294.325,-104.8875,0.));
#21088 = VECTOR('',#21089,1.);
#21089 = DIRECTION('',(0.,0.,1.));
#21090 = ORIENTED_EDGE('',*,*,#5108,.F.);
#21091 = CYLINDRICAL_SURFACE('',#21092,0.500001333575);
#21092 = AXIS2_PLACEMENT_3D('',#21093,#21094,#21095);
#21093 = CARTESIAN_POINT('',(294.32500133357,-104.3874986664,0.));
#21094 = DIRECTION('',(-0.,-0.,-1.));
#21095 = DIRECTION('',(-0.999999999996,-2.667139276307E-06,0.));
#21096 = ADVANCED_FACE('',(#21097),#21108,.T.);
#21097 = FACE_BOUND('',#21098,.T.);
#21098 = EDGE_LOOP('',(#21099,#21105,#21106,#21107));
#21099 = ORIENTED_EDGE('',*,*,#21100,.T.);
#21100 = EDGE_CURVE('',#5084,#10743,#21101,.T.);
#21101 = LINE('',#21102,#21103);
#21102 = CARTESIAN_POINT('',(307.825,-104.3875,0.));
#21103 = VECTOR('',#21104,1.);
#21104 = DIRECTION('',(0.,0.,1.));
#21105 = ORIENTED_EDGE('',*,*,#10742,.T.);
#21106 = ORIENTED_EDGE('',*,*,#21066,.F.);
#21107 = ORIENTED_EDGE('',*,*,#5083,.F.);
#21108 = PLANE('',#21109);
#21109 = AXIS2_PLACEMENT_3D('',#21110,#21111,#21112);
#21110 = CARTESIAN_POINT('',(307.825,-104.3875,0.));
#21111 = DIRECTION('',(-1.,0.,0.));
#21112 = DIRECTION('',(0.,1.,0.));
#21113 = ADVANCED_FACE('',(#21114),#21125,.T.);
#21114 = FACE_BOUND('',#21115,.T.);
#21115 = EDGE_LOOP('',(#21116,#21117,#21118,#21124));
#21116 = ORIENTED_EDGE('',*,*,#21085,.T.);
#21117 = ORIENTED_EDGE('',*,*,#10759,.T.);
#21118 = ORIENTED_EDGE('',*,*,#21119,.F.);
#21119 = EDGE_CURVE('',#5092,#10751,#21120,.T.);
#21120 = LINE('',#21121,#21122);
#21121 = CARTESIAN_POINT('',(307.325,-104.8875,0.));
#21122 = VECTOR('',#21123,1.);
#21123 = DIRECTION('',(0.,0.,1.));
#21124 = ORIENTED_EDGE('',*,*,#5100,.F.);
#21125 = PLANE('',#21126);
#21126 = AXIS2_PLACEMENT_3D('',#21127,#21128,#21129);
#21127 = CARTESIAN_POINT('',(294.325,-104.8875,0.));
#21128 = DIRECTION('',(0.,1.,0.));
#21129 = DIRECTION('',(1.,0.,0.));
#21130 = ADVANCED_FACE('',(#21131),#21137,.F.);
#21131 = FACE_BOUND('',#21132,.T.);
#21132 = EDGE_LOOP('',(#21133,#21134,#21135,#21136));
#21133 = ORIENTED_EDGE('',*,*,#21119,.T.);
#21134 = ORIENTED_EDGE('',*,*,#10750,.T.);
#21135 = ORIENTED_EDGE('',*,*,#21100,.F.);
#21136 = ORIENTED_EDGE('',*,*,#5091,.F.);
#21137 = CYLINDRICAL_SURFACE('',#21138,0.500001333575);
#21138 = AXIS2_PLACEMENT_3D('',#21139,#21140,#21141);
#21139 = CARTESIAN_POINT('',(307.32499866642,-104.3874986664,0.));
#21140 = DIRECTION('',(-0.,-0.,-1.));
#21141 = DIRECTION('',(2.667139077356E-06,-0.999999999996,0.));
#21142 = ADVANCED_FACE('',(#21143),#21159,.F.);
#21143 = FACE_BOUND('',#21144,.T.);
#21144 = EDGE_LOOP('',(#21145,#21151,#21152,#21158));
#21145 = ORIENTED_EDGE('',*,*,#21146,.T.);
#21146 = EDGE_CURVE('',#5126,#10785,#21147,.T.);
#21147 = LINE('',#21148,#21149);
#21148 = CARTESIAN_POINT('',(342.075,-90.8875,0.));
#21149 = VECTOR('',#21150,1.);
#21150 = DIRECTION('',(0.,0.,1.));
#21151 = ORIENTED_EDGE('',*,*,#10784,.T.);
#21152 = ORIENTED_EDGE('',*,*,#21153,.F.);
#21153 = EDGE_CURVE('',#5128,#10787,#21154,.T.);
#21154 = LINE('',#21155,#21156);
#21155 = CARTESIAN_POINT('',(341.575,-91.3875,0.));
#21156 = VECTOR('',#21157,1.);
#21157 = DIRECTION('',(0.,0.,1.));
#21158 = ORIENTED_EDGE('',*,*,#5125,.F.);
#21159 = CYLINDRICAL_SURFACE('',#21160,0.500001333575);
#21160 = AXIS2_PLACEMENT_3D('',#21161,#21162,#21163);
#21161 = CARTESIAN_POINT('',(342.07500133357,-91.38750133357,0.));
#21162 = DIRECTION('',(-0.,-0.,-1.));
#21163 = DIRECTION('',(-2.667139191042E-06,0.999999999996,0.));
#21164 = ADVANCED_FACE('',(#21165),#21176,.T.);
#21165 = FACE_BOUND('',#21166,.T.);
#21166 = EDGE_LOOP('',(#21167,#21173,#21174,#21175));
#21167 = ORIENTED_EDGE('',*,*,#21168,.T.);
#21168 = EDGE_CURVE('',#5137,#10796,#21169,.T.);
#21169 = LINE('',#21170,#21171);
#21170 = CARTESIAN_POINT('',(355.075,-90.8875,0.));
#21171 = VECTOR('',#21172,1.);
#21172 = DIRECTION('',(0.,0.,1.));
#21173 = ORIENTED_EDGE('',*,*,#10795,.T.);
#21174 = ORIENTED_EDGE('',*,*,#21146,.F.);
#21175 = ORIENTED_EDGE('',*,*,#5136,.F.);
#21176 = PLANE('',#21177);
#21177 = AXIS2_PLACEMENT_3D('',#21178,#21179,#21180);
#21178 = CARTESIAN_POINT('',(355.075,-90.8875,0.));
#21179 = DIRECTION('',(0.,-1.,0.));
#21180 = DIRECTION('',(-1.,0.,0.));
#21181 = ADVANCED_FACE('',(#21182),#21193,.T.);
#21182 = FACE_BOUND('',#21183,.T.);
#21183 = EDGE_LOOP('',(#21184,#21185,#21186,#21192));
#21184 = ORIENTED_EDGE('',*,*,#21153,.T.);
#21185 = ORIENTED_EDGE('',*,*,#10846,.T.);
#21186 = ORIENTED_EDGE('',*,*,#21187,.F.);
#21187 = EDGE_CURVE('',#5179,#10838,#21188,.T.);
#21188 = LINE('',#21189,#21190);
#21189 = CARTESIAN_POINT('',(341.575,-104.3875,0.));
#21190 = VECTOR('',#21191,1.);
#21191 = DIRECTION('',(0.,0.,1.));
#21192 = ORIENTED_EDGE('',*,*,#5187,.F.);
#21193 = PLANE('',#21194);
#21194 = AXIS2_PLACEMENT_3D('',#21195,#21196,#21197);
#21195 = CARTESIAN_POINT('',(341.575,-91.3875,0.));
#21196 = DIRECTION('',(1.,0.,-0.));
#21197 = DIRECTION('',(0.,-1.,0.));
#21198 = ADVANCED_FACE('',(#21199),#21210,.F.);
#21199 = FACE_BOUND('',#21200,.T.);
#21200 = EDGE_LOOP('',(#21201,#21207,#21208,#21209));
#21201 = ORIENTED_EDGE('',*,*,#21202,.T.);
#21202 = EDGE_CURVE('',#5145,#10804,#21203,.T.);
#21203 = LINE('',#21204,#21205);
#21204 = CARTESIAN_POINT('',(355.575,-91.3875,0.));
#21205 = VECTOR('',#21206,1.);
#21206 = DIRECTION('',(0.,0.,1.));
#21207 = ORIENTED_EDGE('',*,*,#10803,.T.);
#21208 = ORIENTED_EDGE('',*,*,#21168,.F.);
#21209 = ORIENTED_EDGE('',*,*,#5144,.F.);
#21210 = CYLINDRICAL_SURFACE('',#21211,0.500001333575);
#21211 = AXIS2_PLACEMENT_3D('',#21212,#21213,#21214);
#21212 = CARTESIAN_POINT('',(355.07499866642,-91.38750133357,0.));
#21213 = DIRECTION('',(-0.,-0.,-1.));
#21214 = DIRECTION('',(0.999999999996,2.667139048935E-06,-0.));
#21215 = ADVANCED_FACE('',(#21216),#21227,.F.);
#21216 = FACE_BOUND('',#21217,.T.);
#21217 = EDGE_LOOP('',(#21218,#21219,#21220,#21226));
#21218 = ORIENTED_EDGE('',*,*,#21187,.T.);
#21219 = ORIENTED_EDGE('',*,*,#10837,.T.);
#21220 = ORIENTED_EDGE('',*,*,#21221,.F.);
#21221 = EDGE_CURVE('',#5171,#10830,#21222,.T.);
#21222 = LINE('',#21223,#21224);
#21223 = CARTESIAN_POINT('',(342.075,-104.8875,0.));
#21224 = VECTOR('',#21225,1.);
#21225 = DIRECTION('',(0.,0.,1.));
#21226 = ORIENTED_EDGE('',*,*,#5178,.F.);
#21227 = CYLINDRICAL_SURFACE('',#21228,0.500001333575);
#21228 = AXIS2_PLACEMENT_3D('',#21229,#21230,#21231);
#21229 = CARTESIAN_POINT('',(342.07500133357,-104.3874986664,0.));
#21230 = DIRECTION('',(-0.,-0.,-1.));
#21231 = DIRECTION('',(-0.999999999996,-2.667139276307E-06,0.));
#21232 = ADVANCED_FACE('',(#21233),#21244,.T.);
#21233 = FACE_BOUND('',#21234,.T.);
#21234 = EDGE_LOOP('',(#21235,#21241,#21242,#21243));
#21235 = ORIENTED_EDGE('',*,*,#21236,.T.);
#21236 = EDGE_CURVE('',#5154,#10813,#21237,.T.);
#21237 = LINE('',#21238,#21239);
#21238 = CARTESIAN_POINT('',(355.575,-104.3875,0.));
#21239 = VECTOR('',#21240,1.);
#21240 = DIRECTION('',(0.,0.,1.));
#21241 = ORIENTED_EDGE('',*,*,#10812,.T.);
#21242 = ORIENTED_EDGE('',*,*,#21202,.F.);
#21243 = ORIENTED_EDGE('',*,*,#5153,.F.);
#21244 = PLANE('',#21245);
#21245 = AXIS2_PLACEMENT_3D('',#21246,#21247,#21248);
#21246 = CARTESIAN_POINT('',(355.575,-104.3875,0.));
#21247 = DIRECTION('',(-1.,0.,0.));
#21248 = DIRECTION('',(0.,1.,0.));
#21249 = ADVANCED_FACE('',(#21250),#21261,.T.);
#21250 = FACE_BOUND('',#21251,.T.);
#21251 = EDGE_LOOP('',(#21252,#21253,#21254,#21260));
#21252 = ORIENTED_EDGE('',*,*,#21221,.T.);
#21253 = ORIENTED_EDGE('',*,*,#10829,.T.);
#21254 = ORIENTED_EDGE('',*,*,#21255,.F.);
#21255 = EDGE_CURVE('',#5162,#10821,#21256,.T.);
#21256 = LINE('',#21257,#21258);
#21257 = CARTESIAN_POINT('',(355.075,-104.8875,0.));
#21258 = VECTOR('',#21259,1.);
#21259 = DIRECTION('',(0.,0.,1.));
#21260 = ORIENTED_EDGE('',*,*,#5170,.F.);
#21261 = PLANE('',#21262);
#21262 = AXIS2_PLACEMENT_3D('',#21263,#21264,#21265);
#21263 = CARTESIAN_POINT('',(342.075,-104.8875,0.));
#21264 = DIRECTION('',(0.,1.,0.));
#21265 = DIRECTION('',(1.,0.,0.));
#21266 = ADVANCED_FACE('',(#21267),#21273,.F.);
#21267 = FACE_BOUND('',#21268,.T.);
#21268 = EDGE_LOOP('',(#21269,#21270,#21271,#21272));
#21269 = ORIENTED_EDGE('',*,*,#21255,.T.);
#21270 = ORIENTED_EDGE('',*,*,#10820,.T.);
#21271 = ORIENTED_EDGE('',*,*,#21236,.F.);
#21272 = ORIENTED_EDGE('',*,*,#5161,.F.);
#21273 = CYLINDRICAL_SURFACE('',#21274,0.500001333575);
#21274 = AXIS2_PLACEMENT_3D('',#21275,#21276,#21277);
#21275 = CARTESIAN_POINT('',(355.07499866642,-104.3874986664,0.));
#21276 = DIRECTION('',(-0.,-0.,-1.));
#21277 = DIRECTION('',(2.667139077356E-06,-0.999999999996,0.));
#21278 = ADVANCED_FACE('',(#21279),#21295,.F.);
#21279 = FACE_BOUND('',#21280,.T.);
#21280 = EDGE_LOOP('',(#21281,#21287,#21288,#21294));
#21281 = ORIENTED_EDGE('',*,*,#21282,.T.);
#21282 = EDGE_CURVE('',#5196,#10855,#21283,.T.);
#21283 = LINE('',#21284,#21285);
#21284 = CARTESIAN_POINT('',(208.375,-71.7875,0.));
#21285 = VECTOR('',#21286,1.);
#21286 = DIRECTION('',(0.,0.,1.));
#21287 = ORIENTED_EDGE('',*,*,#10854,.T.);
#21288 = ORIENTED_EDGE('',*,*,#21289,.F.);
#21289 = EDGE_CURVE('',#5198,#10857,#21290,.T.);
#21290 = LINE('',#21291,#21292);
#21291 = CARTESIAN_POINT('',(207.875,-72.2875,0.));
#21292 = VECTOR('',#21293,1.);
#21293 = DIRECTION('',(0.,0.,1.));
#21294 = ORIENTED_EDGE('',*,*,#5195,.F.);
#21295 = CYLINDRICAL_SURFACE('',#21296,0.500001333575);
#21296 = AXIS2_PLACEMENT_3D('',#21297,#21298,#21299);
#21297 = CARTESIAN_POINT('',(208.37500133357,-72.28750133357,0.));
#21298 = DIRECTION('',(-0.,-0.,-1.));
#21299 = DIRECTION('',(-2.667139191042E-06,0.999999999996,0.));
#21300 = ADVANCED_FACE('',(#21301),#21312,.T.);
#21301 = FACE_BOUND('',#21302,.T.);
#21302 = EDGE_LOOP('',(#21303,#21309,#21310,#21311));
#21303 = ORIENTED_EDGE('',*,*,#21304,.T.);
#21304 = EDGE_CURVE('',#5207,#10866,#21305,.T.);
#21305 = LINE('',#21306,#21307);
#21306 = CARTESIAN_POINT('',(221.375,-71.7875,0.));
#21307 = VECTOR('',#21308,1.);
#21308 = DIRECTION('',(0.,0.,1.));
#21309 = ORIENTED_EDGE('',*,*,#10865,.T.);
#21310 = ORIENTED_EDGE('',*,*,#21282,.F.);
#21311 = ORIENTED_EDGE('',*,*,#5206,.F.);
#21312 = PLANE('',#21313);
#21313 = AXIS2_PLACEMENT_3D('',#21314,#21315,#21316);
#21314 = CARTESIAN_POINT('',(221.375,-71.7875,0.));
#21315 = DIRECTION('',(0.,-1.,0.));
#21316 = DIRECTION('',(-1.,0.,0.));
#21317 = ADVANCED_FACE('',(#21318),#21329,.T.);
#21318 = FACE_BOUND('',#21319,.T.);
#21319 = EDGE_LOOP('',(#21320,#21321,#21322,#21328));
#21320 = ORIENTED_EDGE('',*,*,#21289,.T.);
#21321 = ORIENTED_EDGE('',*,*,#10916,.T.);
#21322 = ORIENTED_EDGE('',*,*,#21323,.F.);
#21323 = EDGE_CURVE('',#5249,#10908,#21324,.T.);
#21324 = LINE('',#21325,#21326);
#21325 = CARTESIAN_POINT('',(207.875,-85.2875,0.));
#21326 = VECTOR('',#21327,1.);
#21327 = DIRECTION('',(0.,0.,1.));
#21328 = ORIENTED_EDGE('',*,*,#5257,.F.);
#21329 = PLANE('',#21330);
#21330 = AXIS2_PLACEMENT_3D('',#21331,#21332,#21333);
#21331 = CARTESIAN_POINT('',(207.875,-72.2875,0.));
#21332 = DIRECTION('',(1.,0.,-0.));
#21333 = DIRECTION('',(0.,-1.,0.));
#21334 = ADVANCED_FACE('',(#21335),#21346,.F.);
#21335 = FACE_BOUND('',#21336,.T.);
#21336 = EDGE_LOOP('',(#21337,#21343,#21344,#21345));
#21337 = ORIENTED_EDGE('',*,*,#21338,.T.);
#21338 = EDGE_CURVE('',#5215,#10874,#21339,.T.);
#21339 = LINE('',#21340,#21341);
#21340 = CARTESIAN_POINT('',(221.875,-72.2875,0.));
#21341 = VECTOR('',#21342,1.);
#21342 = DIRECTION('',(0.,0.,1.));
#21343 = ORIENTED_EDGE('',*,*,#10873,.T.);
#21344 = ORIENTED_EDGE('',*,*,#21304,.F.);
#21345 = ORIENTED_EDGE('',*,*,#5214,.F.);
#21346 = CYLINDRICAL_SURFACE('',#21347,0.500001333575);
#21347 = AXIS2_PLACEMENT_3D('',#21348,#21349,#21350);
#21348 = CARTESIAN_POINT('',(221.37499866642,-72.28750133357,0.));
#21349 = DIRECTION('',(-0.,-0.,-1.));
#21350 = DIRECTION('',(0.999999999996,2.667139219464E-06,-0.));
#21351 = ADVANCED_FACE('',(#21352),#21363,.F.);
#21352 = FACE_BOUND('',#21353,.T.);
#21353 = EDGE_LOOP('',(#21354,#21355,#21356,#21362));
#21354 = ORIENTED_EDGE('',*,*,#21323,.T.);
#21355 = ORIENTED_EDGE('',*,*,#10907,.T.);
#21356 = ORIENTED_EDGE('',*,*,#21357,.F.);
#21357 = EDGE_CURVE('',#5241,#10900,#21358,.T.);
#21358 = LINE('',#21359,#21360);
#21359 = CARTESIAN_POINT('',(208.375,-85.7875,0.));
#21360 = VECTOR('',#21361,1.);
#21361 = DIRECTION('',(0.,0.,1.));
#21362 = ORIENTED_EDGE('',*,*,#5248,.F.);
#21363 = CYLINDRICAL_SURFACE('',#21364,0.500001333575);
#21364 = AXIS2_PLACEMENT_3D('',#21365,#21366,#21367);
#21365 = CARTESIAN_POINT('',(208.37500133357,-85.28749866642,0.));
#21366 = DIRECTION('',(-0.,-0.,-1.));
#21367 = DIRECTION('',(-0.999999999996,-2.667139134199E-06,0.));
#21368 = ADVANCED_FACE('',(#21369),#21380,.T.);
#21369 = FACE_BOUND('',#21370,.T.);
#21370 = EDGE_LOOP('',(#21371,#21377,#21378,#21379));
#21371 = ORIENTED_EDGE('',*,*,#21372,.T.);
#21372 = EDGE_CURVE('',#5224,#10883,#21373,.T.);
#21373 = LINE('',#21374,#21375);
#21374 = CARTESIAN_POINT('',(221.875,-85.2875,0.));
#21375 = VECTOR('',#21376,1.);
#21376 = DIRECTION('',(0.,0.,1.));
#21377 = ORIENTED_EDGE('',*,*,#10882,.T.);
#21378 = ORIENTED_EDGE('',*,*,#21338,.F.);
#21379 = ORIENTED_EDGE('',*,*,#5223,.F.);
#21380 = PLANE('',#21381);
#21381 = AXIS2_PLACEMENT_3D('',#21382,#21383,#21384);
#21382 = CARTESIAN_POINT('',(221.875,-85.2875,0.));
#21383 = DIRECTION('',(-1.,0.,0.));
#21384 = DIRECTION('',(0.,1.,0.));
#21385 = ADVANCED_FACE('',(#21386),#21397,.T.);
#21386 = FACE_BOUND('',#21387,.T.);
#21387 = EDGE_LOOP('',(#21388,#21389,#21390,#21396));
#21388 = ORIENTED_EDGE('',*,*,#21357,.T.);
#21389 = ORIENTED_EDGE('',*,*,#10899,.T.);
#21390 = ORIENTED_EDGE('',*,*,#21391,.F.);
#21391 = EDGE_CURVE('',#5232,#10891,#21392,.T.);
#21392 = LINE('',#21393,#21394);
#21393 = CARTESIAN_POINT('',(221.375,-85.7875,0.));
#21394 = VECTOR('',#21395,1.);
#21395 = DIRECTION('',(0.,0.,1.));
#21396 = ORIENTED_EDGE('',*,*,#5240,.F.);
#21397 = PLANE('',#21398);
#21398 = AXIS2_PLACEMENT_3D('',#21399,#21400,#21401);
#21399 = CARTESIAN_POINT('',(208.375,-85.7875,0.));
#21400 = DIRECTION('',(0.,1.,0.));
#21401 = DIRECTION('',(1.,0.,0.));
#21402 = ADVANCED_FACE('',(#21403),#21409,.F.);
#21403 = FACE_BOUND('',#21404,.T.);
#21404 = EDGE_LOOP('',(#21405,#21406,#21407,#21408));
#21405 = ORIENTED_EDGE('',*,*,#21391,.T.);
#21406 = ORIENTED_EDGE('',*,*,#10890,.T.);
#21407 = ORIENTED_EDGE('',*,*,#21372,.F.);
#21408 = ORIENTED_EDGE('',*,*,#5231,.F.);
#21409 = CYLINDRICAL_SURFACE('',#21410,0.500001333575);
#21410 = AXIS2_PLACEMENT_3D('',#21411,#21412,#21413);
#21411 = CARTESIAN_POINT('',(221.37499866642,-85.28749866642,0.));
#21412 = DIRECTION('',(-0.,-0.,-1.));
#21413 = DIRECTION('',(2.667139134199E-06,-0.999999999996,0.));
#21414 = ADVANCED_FACE('',(#21415),#21431,.F.);
#21415 = FACE_BOUND('',#21416,.T.);
#21416 = EDGE_LOOP('',(#21417,#21423,#21424,#21430));
#21417 = ORIENTED_EDGE('',*,*,#21418,.T.);
#21418 = EDGE_CURVE('',#5266,#10925,#21419,.T.);
#21419 = LINE('',#21420,#21421);
#21420 = CARTESIAN_POINT('',(227.475,-71.7875,0.));
#21421 = VECTOR('',#21422,1.);
#21422 = DIRECTION('',(0.,0.,1.));
#21423 = ORIENTED_EDGE('',*,*,#10924,.T.);
#21424 = ORIENTED_EDGE('',*,*,#21425,.F.);
#21425 = EDGE_CURVE('',#5268,#10927,#21426,.T.);
#21426 = LINE('',#21427,#21428);
#21427 = CARTESIAN_POINT('',(226.975,-72.2875,0.));
#21428 = VECTOR('',#21429,1.);
#21429 = DIRECTION('',(0.,0.,1.));
#21430 = ORIENTED_EDGE('',*,*,#5265,.F.);
#21431 = CYLINDRICAL_SURFACE('',#21432,0.500001333575);
#21432 = AXIS2_PLACEMENT_3D('',#21433,#21434,#21435);
#21433 = CARTESIAN_POINT('',(227.47500133357,-72.28750133357,0.));
#21434 = DIRECTION('',(-0.,-0.,-1.));
#21435 = DIRECTION('',(-2.667139247886E-06,0.999999999996,0.));
#21436 = ADVANCED_FACE('',(#21437),#21448,.T.);
#21437 = FACE_BOUND('',#21438,.T.);
#21438 = EDGE_LOOP('',(#21439,#21445,#21446,#21447));
#21439 = ORIENTED_EDGE('',*,*,#21440,.T.);
#21440 = EDGE_CURVE('',#5277,#10936,#21441,.T.);
#21441 = LINE('',#21442,#21443);
#21442 = CARTESIAN_POINT('',(240.475,-71.7875,0.));
#21443 = VECTOR('',#21444,1.);
#21444 = DIRECTION('',(0.,0.,1.));
#21445 = ORIENTED_EDGE('',*,*,#10935,.T.);
#21446 = ORIENTED_EDGE('',*,*,#21418,.F.);
#21447 = ORIENTED_EDGE('',*,*,#5276,.F.);
#21448 = PLANE('',#21449);
#21449 = AXIS2_PLACEMENT_3D('',#21450,#21451,#21452);
#21450 = CARTESIAN_POINT('',(240.475,-71.7875,0.));
#21451 = DIRECTION('',(0.,-1.,0.));
#21452 = DIRECTION('',(-1.,0.,0.));
#21453 = ADVANCED_FACE('',(#21454),#21465,.T.);
#21454 = FACE_BOUND('',#21455,.T.);
#21455 = EDGE_LOOP('',(#21456,#21457,#21458,#21464));
#21456 = ORIENTED_EDGE('',*,*,#21425,.T.);
#21457 = ORIENTED_EDGE('',*,*,#10986,.T.);
#21458 = ORIENTED_EDGE('',*,*,#21459,.F.);
#21459 = EDGE_CURVE('',#5319,#10978,#21460,.T.);
#21460 = LINE('',#21461,#21462);
#21461 = CARTESIAN_POINT('',(226.975,-85.2875,0.));
#21462 = VECTOR('',#21463,1.);
#21463 = DIRECTION('',(0.,0.,1.));
#21464 = ORIENTED_EDGE('',*,*,#5327,.F.);
#21465 = PLANE('',#21466);
#21466 = AXIS2_PLACEMENT_3D('',#21467,#21468,#21469);
#21467 = CARTESIAN_POINT('',(226.975,-72.2875,0.));
#21468 = DIRECTION('',(1.,0.,-0.));
#21469 = DIRECTION('',(0.,-1.,0.));
#21470 = ADVANCED_FACE('',(#21471),#21482,.F.);
#21471 = FACE_BOUND('',#21472,.T.);
#21472 = EDGE_LOOP('',(#21473,#21479,#21480,#21481));
#21473 = ORIENTED_EDGE('',*,*,#21474,.T.);
#21474 = EDGE_CURVE('',#5285,#10944,#21475,.T.);
#21475 = LINE('',#21476,#21477);
#21476 = CARTESIAN_POINT('',(240.975,-72.2875,0.));
#21477 = VECTOR('',#21478,1.);
#21478 = DIRECTION('',(0.,0.,1.));
#21479 = ORIENTED_EDGE('',*,*,#10943,.T.);
#21480 = ORIENTED_EDGE('',*,*,#21440,.F.);
#21481 = ORIENTED_EDGE('',*,*,#5284,.F.);
#21482 = CYLINDRICAL_SURFACE('',#21483,0.500001333575);
#21483 = AXIS2_PLACEMENT_3D('',#21484,#21485,#21486);
#21484 = CARTESIAN_POINT('',(240.47499866642,-72.28750133357,0.));
#21485 = DIRECTION('',(-0.,-0.,-1.));
#21486 = DIRECTION('',(0.999999999996,2.667139219464E-06,-0.));
#21487 = ADVANCED_FACE('',(#21488),#21499,.F.);
#21488 = FACE_BOUND('',#21489,.T.);
#21489 = EDGE_LOOP('',(#21490,#21491,#21492,#21498));
#21490 = ORIENTED_EDGE('',*,*,#21459,.T.);
#21491 = ORIENTED_EDGE('',*,*,#10977,.T.);
#21492 = ORIENTED_EDGE('',*,*,#21493,.F.);
#21493 = EDGE_CURVE('',#5311,#10970,#21494,.T.);
#21494 = LINE('',#21495,#21496);
#21495 = CARTESIAN_POINT('',(227.475,-85.7875,0.));
#21496 = VECTOR('',#21497,1.);
#21497 = DIRECTION('',(0.,0.,1.));
#21498 = ORIENTED_EDGE('',*,*,#5318,.F.);
#21499 = CYLINDRICAL_SURFACE('',#21500,0.500001333575);
#21500 = AXIS2_PLACEMENT_3D('',#21501,#21502,#21503);
#21501 = CARTESIAN_POINT('',(227.47500133357,-85.28749866642,0.));
#21502 = DIRECTION('',(-0.,-0.,-1.));
#21503 = DIRECTION('',(-0.999999999996,-2.667139134199E-06,0.));
#21504 = ADVANCED_FACE('',(#21505),#21516,.T.);
#21505 = FACE_BOUND('',#21506,.T.);
#21506 = EDGE_LOOP('',(#21507,#21513,#21514,#21515));
#21507 = ORIENTED_EDGE('',*,*,#21508,.T.);
#21508 = EDGE_CURVE('',#5294,#10953,#21509,.T.);
#21509 = LINE('',#21510,#21511);
#21510 = CARTESIAN_POINT('',(240.975,-85.2875,0.));
#21511 = VECTOR('',#21512,1.);
#21512 = DIRECTION('',(0.,0.,1.));
#21513 = ORIENTED_EDGE('',*,*,#10952,.T.);
#21514 = ORIENTED_EDGE('',*,*,#21474,.F.);
#21515 = ORIENTED_EDGE('',*,*,#5293,.F.);
#21516 = PLANE('',#21517);
#21517 = AXIS2_PLACEMENT_3D('',#21518,#21519,#21520);
#21518 = CARTESIAN_POINT('',(240.975,-85.2875,0.));
#21519 = DIRECTION('',(-1.,0.,0.));
#21520 = DIRECTION('',(0.,1.,0.));
#21521 = ADVANCED_FACE('',(#21522),#21533,.T.);
#21522 = FACE_BOUND('',#21523,.T.);
#21523 = EDGE_LOOP('',(#21524,#21525,#21526,#21532));
#21524 = ORIENTED_EDGE('',*,*,#21493,.T.);
#21525 = ORIENTED_EDGE('',*,*,#10969,.T.);
#21526 = ORIENTED_EDGE('',*,*,#21527,.F.);
#21527 = EDGE_CURVE('',#5302,#10961,#21528,.T.);
#21528 = LINE('',#21529,#21530);
#21529 = CARTESIAN_POINT('',(240.475,-85.7875,0.));
#21530 = VECTOR('',#21531,1.);
#21531 = DIRECTION('',(0.,0.,1.));
#21532 = ORIENTED_EDGE('',*,*,#5310,.F.);
#21533 = PLANE('',#21534);
#21534 = AXIS2_PLACEMENT_3D('',#21535,#21536,#21537);
#21535 = CARTESIAN_POINT('',(227.475,-85.7875,0.));
#21536 = DIRECTION('',(0.,1.,0.));
#21537 = DIRECTION('',(1.,0.,0.));
#21538 = ADVANCED_FACE('',(#21539),#21545,.F.);
#21539 = FACE_BOUND('',#21540,.T.);
#21540 = EDGE_LOOP('',(#21541,#21542,#21543,#21544));
#21541 = ORIENTED_EDGE('',*,*,#21527,.T.);
#21542 = ORIENTED_EDGE('',*,*,#10960,.T.);
#21543 = ORIENTED_EDGE('',*,*,#21508,.F.);
#21544 = ORIENTED_EDGE('',*,*,#5301,.F.);
#21545 = CYLINDRICAL_SURFACE('',#21546,0.500001333575);
#21546 = AXIS2_PLACEMENT_3D('',#21547,#21548,#21549);
#21547 = CARTESIAN_POINT('',(240.47499866642,-85.28749866642,0.));
#21548 = DIRECTION('',(-0.,-0.,-1.));
#21549 = DIRECTION('',(2.667139191043E-06,-0.999999999996,0.));
#21550 = ADVANCED_FACE('',(#21551),#21567,.F.);
#21551 = FACE_BOUND('',#21552,.T.);
#21552 = EDGE_LOOP('',(#21553,#21559,#21560,#21566));
#21553 = ORIENTED_EDGE('',*,*,#21554,.T.);
#21554 = EDGE_CURVE('',#5336,#10995,#21555,.T.);
#21555 = LINE('',#21556,#21557);
#21556 = CARTESIAN_POINT('',(246.575,-71.7875,0.));
#21557 = VECTOR('',#21558,1.);
#21558 = DIRECTION('',(0.,0.,1.));
#21559 = ORIENTED_EDGE('',*,*,#10994,.T.);
#21560 = ORIENTED_EDGE('',*,*,#21561,.F.);
#21561 = EDGE_CURVE('',#5338,#10997,#21562,.T.);
#21562 = LINE('',#21563,#21564);
#21563 = CARTESIAN_POINT('',(246.075,-72.2875,0.));
#21564 = VECTOR('',#21565,1.);
#21565 = DIRECTION('',(0.,0.,1.));
#21566 = ORIENTED_EDGE('',*,*,#5335,.F.);
#21567 = CYLINDRICAL_SURFACE('',#21568,0.500001333575);
#21568 = AXIS2_PLACEMENT_3D('',#21569,#21570,#21571);
#21569 = CARTESIAN_POINT('',(246.57500133357,-72.28750133357,0.));
#21570 = DIRECTION('',(-0.,-0.,-1.));
#21571 = DIRECTION('',(-2.667139304729E-06,0.999999999996,0.));
#21572 = ADVANCED_FACE('',(#21573),#21584,.T.);
#21573 = FACE_BOUND('',#21574,.T.);
#21574 = EDGE_LOOP('',(#21575,#21581,#21582,#21583));
#21575 = ORIENTED_EDGE('',*,*,#21576,.T.);
#21576 = EDGE_CURVE('',#5347,#11006,#21577,.T.);
#21577 = LINE('',#21578,#21579);
#21578 = CARTESIAN_POINT('',(259.575,-71.7875,0.));
#21579 = VECTOR('',#21580,1.);
#21580 = DIRECTION('',(0.,0.,1.));
#21581 = ORIENTED_EDGE('',*,*,#11005,.T.);
#21582 = ORIENTED_EDGE('',*,*,#21554,.F.);
#21583 = ORIENTED_EDGE('',*,*,#5346,.F.);
#21584 = PLANE('',#21585);
#21585 = AXIS2_PLACEMENT_3D('',#21586,#21587,#21588);
#21586 = CARTESIAN_POINT('',(259.575,-71.7875,0.));
#21587 = DIRECTION('',(0.,-1.,0.));
#21588 = DIRECTION('',(-1.,0.,0.));
#21589 = ADVANCED_FACE('',(#21590),#21601,.T.);
#21590 = FACE_BOUND('',#21591,.T.);
#21591 = EDGE_LOOP('',(#21592,#21593,#21594,#21600));
#21592 = ORIENTED_EDGE('',*,*,#21561,.T.);
#21593 = ORIENTED_EDGE('',*,*,#11056,.T.);
#21594 = ORIENTED_EDGE('',*,*,#21595,.F.);
#21595 = EDGE_CURVE('',#5389,#11048,#21596,.T.);
#21596 = LINE('',#21597,#21598);
#21597 = CARTESIAN_POINT('',(246.075,-85.2875,0.));
#21598 = VECTOR('',#21599,1.);
#21599 = DIRECTION('',(0.,0.,1.));
#21600 = ORIENTED_EDGE('',*,*,#5397,.F.);
#21601 = PLANE('',#21602);
#21602 = AXIS2_PLACEMENT_3D('',#21603,#21604,#21605);
#21603 = CARTESIAN_POINT('',(246.075,-72.2875,0.));
#21604 = DIRECTION('',(1.,0.,-0.));
#21605 = DIRECTION('',(0.,-1.,0.));
#21606 = ADVANCED_FACE('',(#21607),#21618,.F.);
#21607 = FACE_BOUND('',#21608,.T.);
#21608 = EDGE_LOOP('',(#21609,#21615,#21616,#21617));
#21609 = ORIENTED_EDGE('',*,*,#21610,.T.);
#21610 = EDGE_CURVE('',#5355,#11014,#21611,.T.);
#21611 = LINE('',#21612,#21613);
#21612 = CARTESIAN_POINT('',(260.075,-72.2875,0.));
#21613 = VECTOR('',#21614,1.);
#21614 = DIRECTION('',(0.,0.,1.));
#21615 = ORIENTED_EDGE('',*,*,#11013,.T.);
#21616 = ORIENTED_EDGE('',*,*,#21576,.F.);
#21617 = ORIENTED_EDGE('',*,*,#5354,.F.);
#21618 = CYLINDRICAL_SURFACE('',#21619,0.500001333575);
#21619 = AXIS2_PLACEMENT_3D('',#21620,#21621,#21622);
#21620 = CARTESIAN_POINT('',(259.57499866642,-72.28750133357,0.));
#21621 = DIRECTION('',(-0.,-0.,-1.));
#21622 = DIRECTION('',(0.999999999996,2.667139105778E-06,-0.));
#21623 = ADVANCED_FACE('',(#21624),#21635,.F.);
#21624 = FACE_BOUND('',#21625,.T.);
#21625 = EDGE_LOOP('',(#21626,#21627,#21628,#21634));
#21626 = ORIENTED_EDGE('',*,*,#21595,.T.);
#21627 = ORIENTED_EDGE('',*,*,#11047,.T.);
#21628 = ORIENTED_EDGE('',*,*,#21629,.F.);
#21629 = EDGE_CURVE('',#5381,#11040,#21630,.T.);
#21630 = LINE('',#21631,#21632);
#21631 = CARTESIAN_POINT('',(246.575,-85.7875,0.));
#21632 = VECTOR('',#21633,1.);
#21633 = DIRECTION('',(0.,0.,1.));
#21634 = ORIENTED_EDGE('',*,*,#5388,.F.);
#21635 = CYLINDRICAL_SURFACE('',#21636,0.500001333575);
#21636 = AXIS2_PLACEMENT_3D('',#21637,#21638,#21639);
#21637 = CARTESIAN_POINT('',(246.57500133357,-85.28749866642,0.));
#21638 = DIRECTION('',(-0.,-0.,-1.));
#21639 = DIRECTION('',(-0.999999999996,-2.667139247886E-06,0.));
#21640 = ADVANCED_FACE('',(#21641),#21652,.T.);
#21641 = FACE_BOUND('',#21642,.T.);
#21642 = EDGE_LOOP('',(#21643,#21649,#21650,#21651));
#21643 = ORIENTED_EDGE('',*,*,#21644,.T.);
#21644 = EDGE_CURVE('',#5364,#11023,#21645,.T.);
#21645 = LINE('',#21646,#21647);
#21646 = CARTESIAN_POINT('',(260.075,-85.2875,0.));
#21647 = VECTOR('',#21648,1.);
#21648 = DIRECTION('',(0.,0.,1.));
#21649 = ORIENTED_EDGE('',*,*,#11022,.T.);
#21650 = ORIENTED_EDGE('',*,*,#21610,.F.);
#21651 = ORIENTED_EDGE('',*,*,#5363,.F.);
#21652 = PLANE('',#21653);
#21653 = AXIS2_PLACEMENT_3D('',#21654,#21655,#21656);
#21654 = CARTESIAN_POINT('',(260.075,-85.2875,0.));
#21655 = DIRECTION('',(-1.,0.,0.));
#21656 = DIRECTION('',(0.,1.,0.));
#21657 = ADVANCED_FACE('',(#21658),#21669,.T.);
#21658 = FACE_BOUND('',#21659,.T.);
#21659 = EDGE_LOOP('',(#21660,#21661,#21662,#21668));
#21660 = ORIENTED_EDGE('',*,*,#21629,.T.);
#21661 = ORIENTED_EDGE('',*,*,#11039,.T.);
#21662 = ORIENTED_EDGE('',*,*,#21663,.F.);
#21663 = EDGE_CURVE('',#5372,#11031,#21664,.T.);
#21664 = LINE('',#21665,#21666);
#21665 = CARTESIAN_POINT('',(259.575,-85.7875,0.));
#21666 = VECTOR('',#21667,1.);
#21667 = DIRECTION('',(0.,0.,1.));
#21668 = ORIENTED_EDGE('',*,*,#5380,.F.);
#21669 = PLANE('',#21670);
#21670 = AXIS2_PLACEMENT_3D('',#21671,#21672,#21673);
#21671 = CARTESIAN_POINT('',(246.575,-85.7875,0.));
#21672 = DIRECTION('',(0.,1.,0.));
#21673 = DIRECTION('',(1.,0.,0.));
#21674 = ADVANCED_FACE('',(#21675),#21681,.F.);
#21675 = FACE_BOUND('',#21676,.T.);
#21676 = EDGE_LOOP('',(#21677,#21678,#21679,#21680));
#21677 = ORIENTED_EDGE('',*,*,#21663,.T.);
#21678 = ORIENTED_EDGE('',*,*,#11030,.T.);
#21679 = ORIENTED_EDGE('',*,*,#21644,.F.);
#21680 = ORIENTED_EDGE('',*,*,#5371,.F.);
#21681 = CYLINDRICAL_SURFACE('',#21682,0.500001333575);
#21682 = AXIS2_PLACEMENT_3D('',#21683,#21684,#21685);
#21683 = CARTESIAN_POINT('',(259.57499866642,-85.28749866642,0.));
#21684 = DIRECTION('',(-0.,-0.,-1.));
#21685 = DIRECTION('',(2.667139077356E-06,-0.999999999996,0.));
#21686 = ADVANCED_FACE('',(#21687),#21703,.F.);
#21687 = FACE_BOUND('',#21688,.T.);
#21688 = EDGE_LOOP('',(#21689,#21695,#21696,#21702));
#21689 = ORIENTED_EDGE('',*,*,#21690,.T.);
#21690 = EDGE_CURVE('',#5406,#11065,#21691,.T.);
#21691 = LINE('',#21692,#21693);
#21692 = CARTESIAN_POINT('',(265.675,-71.7875,0.));
#21693 = VECTOR('',#21694,1.);
#21694 = DIRECTION('',(0.,0.,1.));
#21695 = ORIENTED_EDGE('',*,*,#11064,.T.);
#21696 = ORIENTED_EDGE('',*,*,#21697,.F.);
#21697 = EDGE_CURVE('',#5408,#11067,#21698,.T.);
#21698 = LINE('',#21699,#21700);
#21699 = CARTESIAN_POINT('',(265.175,-72.2875,0.));
#21700 = VECTOR('',#21701,1.);
#21701 = DIRECTION('',(0.,0.,1.));
#21702 = ORIENTED_EDGE('',*,*,#5405,.F.);
#21703 = CYLINDRICAL_SURFACE('',#21704,0.500001333575);
#21704 = AXIS2_PLACEMENT_3D('',#21705,#21706,#21707);
#21705 = CARTESIAN_POINT('',(265.67500133357,-72.28750133357,0.));
#21706 = DIRECTION('',(-0.,-0.,-1.));
#21707 = DIRECTION('',(-2.667139077356E-06,0.999999999996,0.));
#21708 = ADVANCED_FACE('',(#21709),#21720,.T.);
#21709 = FACE_BOUND('',#21710,.T.);
#21710 = EDGE_LOOP('',(#21711,#21717,#21718,#21719));
#21711 = ORIENTED_EDGE('',*,*,#21712,.T.);
#21712 = EDGE_CURVE('',#5417,#11076,#21713,.T.);
#21713 = LINE('',#21714,#21715);
#21714 = CARTESIAN_POINT('',(278.675,-71.7875,0.));
#21715 = VECTOR('',#21716,1.);
#21716 = DIRECTION('',(0.,0.,1.));
#21717 = ORIENTED_EDGE('',*,*,#11075,.T.);
#21718 = ORIENTED_EDGE('',*,*,#21690,.F.);
#21719 = ORIENTED_EDGE('',*,*,#5416,.F.);
#21720 = PLANE('',#21721);
#21721 = AXIS2_PLACEMENT_3D('',#21722,#21723,#21724);
#21722 = CARTESIAN_POINT('',(278.675,-71.7875,0.));
#21723 = DIRECTION('',(0.,-1.,0.));
#21724 = DIRECTION('',(-1.,0.,0.));
#21725 = ADVANCED_FACE('',(#21726),#21737,.T.);
#21726 = FACE_BOUND('',#21727,.T.);
#21727 = EDGE_LOOP('',(#21728,#21729,#21730,#21736));
#21728 = ORIENTED_EDGE('',*,*,#21697,.T.);
#21729 = ORIENTED_EDGE('',*,*,#11126,.T.);
#21730 = ORIENTED_EDGE('',*,*,#21731,.F.);
#21731 = EDGE_CURVE('',#5459,#11118,#21732,.T.);
#21732 = LINE('',#21733,#21734);
#21733 = CARTESIAN_POINT('',(265.175,-85.2875,0.));
#21734 = VECTOR('',#21735,1.);
#21735 = DIRECTION('',(0.,0.,1.));
#21736 = ORIENTED_EDGE('',*,*,#5467,.F.);
#21737 = PLANE('',#21738);
#21738 = AXIS2_PLACEMENT_3D('',#21739,#21740,#21741);
#21739 = CARTESIAN_POINT('',(265.175,-72.2875,0.));
#21740 = DIRECTION('',(1.,0.,-0.));
#21741 = DIRECTION('',(0.,-1.,0.));
#21742 = ADVANCED_FACE('',(#21743),#21754,.F.);
#21743 = FACE_BOUND('',#21744,.T.);
#21744 = EDGE_LOOP('',(#21745,#21751,#21752,#21753));
#21745 = ORIENTED_EDGE('',*,*,#21746,.T.);
#21746 = EDGE_CURVE('',#5425,#11084,#21747,.T.);
#21747 = LINE('',#21748,#21749);
#21748 = CARTESIAN_POINT('',(279.175,-72.2875,0.));
#21749 = VECTOR('',#21750,1.);
#21750 = DIRECTION('',(0.,0.,1.));
#21751 = ORIENTED_EDGE('',*,*,#11083,.T.);
#21752 = ORIENTED_EDGE('',*,*,#21712,.F.);
#21753 = ORIENTED_EDGE('',*,*,#5424,.F.);
#21754 = CYLINDRICAL_SURFACE('',#21755,0.500001333575);
#21755 = AXIS2_PLACEMENT_3D('',#21756,#21757,#21758);
#21756 = CARTESIAN_POINT('',(278.67499866642,-72.28750133357,0.));
#21757 = DIRECTION('',(-0.,-0.,-1.));
#21758 = DIRECTION('',(0.999999999996,2.667139304729E-06,-0.));
#21759 = ADVANCED_FACE('',(#21760),#21771,.F.);
#21760 = FACE_BOUND('',#21761,.T.);
#21761 = EDGE_LOOP('',(#21762,#21763,#21764,#21770));
#21762 = ORIENTED_EDGE('',*,*,#21731,.T.);
#21763 = ORIENTED_EDGE('',*,*,#11117,.T.);
#21764 = ORIENTED_EDGE('',*,*,#21765,.F.);
#21765 = EDGE_CURVE('',#5451,#11110,#21766,.T.);
#21766 = LINE('',#21767,#21768);
#21767 = CARTESIAN_POINT('',(265.675,-85.7875,0.));
#21768 = VECTOR('',#21769,1.);
#21769 = DIRECTION('',(0.,0.,1.));
#21770 = ORIENTED_EDGE('',*,*,#5458,.F.);
#21771 = CYLINDRICAL_SURFACE('',#21772,0.500001333575);
#21772 = AXIS2_PLACEMENT_3D('',#21773,#21774,#21775);
#21773 = CARTESIAN_POINT('',(265.67500133357,-85.28749866642,0.));
#21774 = DIRECTION('',(-0.,-0.,-1.));
#21775 = DIRECTION('',(-0.999999999996,-2.667139048935E-06,0.));
#21776 = ADVANCED_FACE('',(#21777),#21788,.T.);
#21777 = FACE_BOUND('',#21778,.T.);
#21778 = EDGE_LOOP('',(#21779,#21785,#21786,#21787));
#21779 = ORIENTED_EDGE('',*,*,#21780,.T.);
#21780 = EDGE_CURVE('',#5434,#11093,#21781,.T.);
#21781 = LINE('',#21782,#21783);
#21782 = CARTESIAN_POINT('',(279.175,-85.2875,0.));
#21783 = VECTOR('',#21784,1.);
#21784 = DIRECTION('',(0.,0.,1.));
#21785 = ORIENTED_EDGE('',*,*,#11092,.T.);
#21786 = ORIENTED_EDGE('',*,*,#21746,.F.);
#21787 = ORIENTED_EDGE('',*,*,#5433,.F.);
#21788 = PLANE('',#21789);
#21789 = AXIS2_PLACEMENT_3D('',#21790,#21791,#21792);
#21790 = CARTESIAN_POINT('',(279.175,-85.2875,0.));
#21791 = DIRECTION('',(-1.,0.,0.));
#21792 = DIRECTION('',(0.,1.,0.));
#21793 = ADVANCED_FACE('',(#21794),#21805,.T.);
#21794 = FACE_BOUND('',#21795,.T.);
#21795 = EDGE_LOOP('',(#21796,#21797,#21798,#21804));
#21796 = ORIENTED_EDGE('',*,*,#21765,.T.);
#21797 = ORIENTED_EDGE('',*,*,#11109,.T.);
#21798 = ORIENTED_EDGE('',*,*,#21799,.F.);
#21799 = EDGE_CURVE('',#5442,#11101,#21800,.T.);
#21800 = LINE('',#21801,#21802);
#21801 = CARTESIAN_POINT('',(278.675,-85.7875,0.));
#21802 = VECTOR('',#21803,1.);
#21803 = DIRECTION('',(0.,0.,1.));
#21804 = ORIENTED_EDGE('',*,*,#5450,.F.);
#21805 = PLANE('',#21806);
#21806 = AXIS2_PLACEMENT_3D('',#21807,#21808,#21809);
#21807 = CARTESIAN_POINT('',(265.675,-85.7875,0.));
#21808 = DIRECTION('',(0.,1.,0.));
#21809 = DIRECTION('',(1.,0.,0.));
#21810 = ADVANCED_FACE('',(#21811),#21817,.F.);
#21811 = FACE_BOUND('',#21812,.T.);
#21812 = EDGE_LOOP('',(#21813,#21814,#21815,#21816));
#21813 = ORIENTED_EDGE('',*,*,#21799,.T.);
#21814 = ORIENTED_EDGE('',*,*,#11100,.T.);
#21815 = ORIENTED_EDGE('',*,*,#21780,.F.);
#21816 = ORIENTED_EDGE('',*,*,#5441,.F.);
#21817 = CYLINDRICAL_SURFACE('',#21818,0.500001333575);
#21818 = AXIS2_PLACEMENT_3D('',#21819,#21820,#21821);
#21819 = CARTESIAN_POINT('',(278.67499866642,-85.28749866642,0.));
#21820 = DIRECTION('',(-0.,-0.,-1.));
#21821 = DIRECTION('',(2.667139191042E-06,-0.999999999996,0.));
#21822 = ADVANCED_FACE('',(#21823),#21839,.F.);
#21823 = FACE_BOUND('',#21824,.T.);
#21824 = EDGE_LOOP('',(#21825,#21831,#21832,#21838));
#21825 = ORIENTED_EDGE('',*,*,#21826,.T.);
#21826 = EDGE_CURVE('',#5476,#11135,#21827,.T.);
#21827 = LINE('',#21828,#21829);
#21828 = CARTESIAN_POINT('',(284.775,-71.7875,0.));
#21829 = VECTOR('',#21830,1.);
#21830 = DIRECTION('',(0.,0.,1.));
#21831 = ORIENTED_EDGE('',*,*,#11134,.T.);
#21832 = ORIENTED_EDGE('',*,*,#21833,.F.);
#21833 = EDGE_CURVE('',#5478,#11137,#21834,.T.);
#21834 = LINE('',#21835,#21836);
#21835 = CARTESIAN_POINT('',(284.275,-72.2875,0.));
#21836 = VECTOR('',#21837,1.);
#21837 = DIRECTION('',(0.,0.,1.));
#21838 = ORIENTED_EDGE('',*,*,#5475,.F.);
#21839 = CYLINDRICAL_SURFACE('',#21840,0.500001333575);
#21840 = AXIS2_PLACEMENT_3D('',#21841,#21842,#21843);
#21841 = CARTESIAN_POINT('',(284.77500133357,-72.28750133357,0.));
#21842 = DIRECTION('',(-0.,-0.,-1.));
#21843 = DIRECTION('',(-2.667139304729E-06,0.999999999996,0.));
#21844 = ADVANCED_FACE('',(#21845),#21856,.T.);
#21845 = FACE_BOUND('',#21846,.T.);
#21846 = EDGE_LOOP('',(#21847,#21853,#21854,#21855));
#21847 = ORIENTED_EDGE('',*,*,#21848,.T.);
#21848 = EDGE_CURVE('',#5487,#11146,#21849,.T.);
#21849 = LINE('',#21850,#21851);
#21850 = CARTESIAN_POINT('',(297.775,-71.7875,0.));
#21851 = VECTOR('',#21852,1.);
#21852 = DIRECTION('',(0.,0.,1.));
#21853 = ORIENTED_EDGE('',*,*,#11145,.T.);
#21854 = ORIENTED_EDGE('',*,*,#21826,.F.);
#21855 = ORIENTED_EDGE('',*,*,#5486,.F.);
#21856 = PLANE('',#21857);
#21857 = AXIS2_PLACEMENT_3D('',#21858,#21859,#21860);
#21858 = CARTESIAN_POINT('',(297.775,-71.7875,0.));
#21859 = DIRECTION('',(0.,-1.,0.));
#21860 = DIRECTION('',(-1.,0.,0.));
#21861 = ADVANCED_FACE('',(#21862),#21873,.T.);
#21862 = FACE_BOUND('',#21863,.T.);
#21863 = EDGE_LOOP('',(#21864,#21865,#21866,#21872));
#21864 = ORIENTED_EDGE('',*,*,#21833,.T.);
#21865 = ORIENTED_EDGE('',*,*,#11196,.T.);
#21866 = ORIENTED_EDGE('',*,*,#21867,.F.);
#21867 = EDGE_CURVE('',#5529,#11188,#21868,.T.);
#21868 = LINE('',#21869,#21870);
#21869 = CARTESIAN_POINT('',(284.275,-85.2875,0.));
#21870 = VECTOR('',#21871,1.);
#21871 = DIRECTION('',(0.,0.,1.));
#21872 = ORIENTED_EDGE('',*,*,#5537,.F.);
#21873 = PLANE('',#21874);
#21874 = AXIS2_PLACEMENT_3D('',#21875,#21876,#21877);
#21875 = CARTESIAN_POINT('',(284.275,-72.2875,0.));
#21876 = DIRECTION('',(1.,0.,-0.));
#21877 = DIRECTION('',(0.,-1.,0.));
#21878 = ADVANCED_FACE('',(#21879),#21890,.F.);
#21879 = FACE_BOUND('',#21880,.T.);
#21880 = EDGE_LOOP('',(#21881,#21887,#21888,#21889));
#21881 = ORIENTED_EDGE('',*,*,#21882,.T.);
#21882 = EDGE_CURVE('',#5495,#11154,#21883,.T.);
#21883 = LINE('',#21884,#21885);
#21884 = CARTESIAN_POINT('',(298.275,-72.2875,0.));
#21885 = VECTOR('',#21886,1.);
#21886 = DIRECTION('',(0.,0.,1.));
#21887 = ORIENTED_EDGE('',*,*,#11153,.T.);
#21888 = ORIENTED_EDGE('',*,*,#21848,.F.);
#21889 = ORIENTED_EDGE('',*,*,#5494,.F.);
#21890 = CYLINDRICAL_SURFACE('',#21891,0.500001333575);
#21891 = AXIS2_PLACEMENT_3D('',#21892,#21893,#21894);
#21892 = CARTESIAN_POINT('',(297.77499866642,-72.28750133357,0.));
#21893 = DIRECTION('',(-0.,-0.,-1.));
#21894 = DIRECTION('',(0.999999999996,2.667139105778E-06,-0.));
#21895 = ADVANCED_FACE('',(#21896),#21907,.F.);
#21896 = FACE_BOUND('',#21897,.T.);
#21897 = EDGE_LOOP('',(#21898,#21899,#21900,#21906));
#21898 = ORIENTED_EDGE('',*,*,#21867,.T.);
#21899 = ORIENTED_EDGE('',*,*,#11187,.T.);
#21900 = ORIENTED_EDGE('',*,*,#21901,.F.);
#21901 = EDGE_CURVE('',#5521,#11180,#21902,.T.);
#21902 = LINE('',#21903,#21904);
#21903 = CARTESIAN_POINT('',(284.775,-85.7875,0.));
#21904 = VECTOR('',#21905,1.);
#21905 = DIRECTION('',(0.,0.,1.));
#21906 = ORIENTED_EDGE('',*,*,#5528,.F.);
#21907 = CYLINDRICAL_SURFACE('',#21908,0.500001333575);
#21908 = AXIS2_PLACEMENT_3D('',#21909,#21910,#21911);
#21909 = CARTESIAN_POINT('',(284.77500133357,-85.28749866642,0.));
#21910 = DIRECTION('',(-0.,-0.,-1.));
#21911 = DIRECTION('',(-0.999999999996,-2.667139247885E-06,0.));
#21912 = ADVANCED_FACE('',(#21913),#21924,.T.);
#21913 = FACE_BOUND('',#21914,.T.);
#21914 = EDGE_LOOP('',(#21915,#21921,#21922,#21923));
#21915 = ORIENTED_EDGE('',*,*,#21916,.T.);
#21916 = EDGE_CURVE('',#5504,#11163,#21917,.T.);
#21917 = LINE('',#21918,#21919);
#21918 = CARTESIAN_POINT('',(298.275,-85.2875,0.));
#21919 = VECTOR('',#21920,1.);
#21920 = DIRECTION('',(0.,0.,1.));
#21921 = ORIENTED_EDGE('',*,*,#11162,.T.);
#21922 = ORIENTED_EDGE('',*,*,#21882,.F.);
#21923 = ORIENTED_EDGE('',*,*,#5503,.F.);
#21924 = PLANE('',#21925);
#21925 = AXIS2_PLACEMENT_3D('',#21926,#21927,#21928);
#21926 = CARTESIAN_POINT('',(298.275,-85.2875,0.));
#21927 = DIRECTION('',(-1.,0.,0.));
#21928 = DIRECTION('',(0.,1.,0.));
#21929 = ADVANCED_FACE('',(#21930),#21941,.T.);
#21930 = FACE_BOUND('',#21931,.T.);
#21931 = EDGE_LOOP('',(#21932,#21933,#21934,#21940));
#21932 = ORIENTED_EDGE('',*,*,#21901,.T.);
#21933 = ORIENTED_EDGE('',*,*,#11179,.T.);
#21934 = ORIENTED_EDGE('',*,*,#21935,.F.);
#21935 = EDGE_CURVE('',#5512,#11171,#21936,.T.);
#21936 = LINE('',#21937,#21938);
#21937 = CARTESIAN_POINT('',(297.775,-85.7875,0.));
#21938 = VECTOR('',#21939,1.);
#21939 = DIRECTION('',(0.,0.,1.));
#21940 = ORIENTED_EDGE('',*,*,#5520,.F.);
#21941 = PLANE('',#21942);
#21942 = AXIS2_PLACEMENT_3D('',#21943,#21944,#21945);
#21943 = CARTESIAN_POINT('',(284.775,-85.7875,0.));
#21944 = DIRECTION('',(0.,1.,0.));
#21945 = DIRECTION('',(1.,0.,0.));
#21946 = ADVANCED_FACE('',(#21947),#21953,.F.);
#21947 = FACE_BOUND('',#21948,.T.);
#21948 = EDGE_LOOP('',(#21949,#21950,#21951,#21952));
#21949 = ORIENTED_EDGE('',*,*,#21935,.T.);
#21950 = ORIENTED_EDGE('',*,*,#11170,.T.);
#21951 = ORIENTED_EDGE('',*,*,#21916,.F.);
#21952 = ORIENTED_EDGE('',*,*,#5511,.F.);
#21953 = CYLINDRICAL_SURFACE('',#21954,0.500001333575);
#21954 = AXIS2_PLACEMENT_3D('',#21955,#21956,#21957);
#21955 = CARTESIAN_POINT('',(297.77499866642,-85.28749866642,0.));
#21956 = DIRECTION('',(-0.,-0.,-1.));
#21957 = DIRECTION('',(2.667139077356E-06,-0.999999999996,0.));
#21958 = ADVANCED_FACE('',(#21959),#21975,.F.);
#21959 = FACE_BOUND('',#21960,.T.);
#21960 = EDGE_LOOP('',(#21961,#21967,#21968,#21974));
#21961 = ORIENTED_EDGE('',*,*,#21962,.T.);
#21962 = EDGE_CURVE('',#5546,#11205,#21963,.T.);
#21963 = LINE('',#21964,#21965);
#21964 = CARTESIAN_POINT('',(303.875,-71.7875,0.));
#21965 = VECTOR('',#21966,1.);
#21966 = DIRECTION('',(0.,0.,1.));
#21967 = ORIENTED_EDGE('',*,*,#11204,.T.);
#21968 = ORIENTED_EDGE('',*,*,#21969,.F.);
#21969 = EDGE_CURVE('',#5548,#11207,#21970,.T.);
#21970 = LINE('',#21971,#21972);
#21971 = CARTESIAN_POINT('',(303.375,-72.2875,0.));
#21972 = VECTOR('',#21973,1.);
#21973 = DIRECTION('',(0.,0.,1.));
#21974 = ORIENTED_EDGE('',*,*,#5545,.F.);
#21975 = CYLINDRICAL_SURFACE('',#21976,0.500001333575);
#21976 = AXIS2_PLACEMENT_3D('',#21977,#21978,#21979);
#21977 = CARTESIAN_POINT('',(303.87500133357,-72.28750133357,0.));
#21978 = DIRECTION('',(-0.,-0.,-1.));
#21979 = DIRECTION('',(-2.667139304729E-06,0.999999999996,0.));
#21980 = ADVANCED_FACE('',(#21981),#21992,.T.);
#21981 = FACE_BOUND('',#21982,.T.);
#21982 = EDGE_LOOP('',(#21983,#21989,#21990,#21991));
#21983 = ORIENTED_EDGE('',*,*,#21984,.T.);
#21984 = EDGE_CURVE('',#5557,#11216,#21985,.T.);
#21985 = LINE('',#21986,#21987);
#21986 = CARTESIAN_POINT('',(335.975,-71.7875,0.));
#21987 = VECTOR('',#21988,1.);
#21988 = DIRECTION('',(0.,0.,1.));
#21989 = ORIENTED_EDGE('',*,*,#11215,.T.);
#21990 = ORIENTED_EDGE('',*,*,#21962,.F.);
#21991 = ORIENTED_EDGE('',*,*,#5556,.F.);
#21992 = PLANE('',#21993);
#21993 = AXIS2_PLACEMENT_3D('',#21994,#21995,#21996);
#21994 = CARTESIAN_POINT('',(335.975,-71.7875,0.));
#21995 = DIRECTION('',(0.,-1.,0.));
#21996 = DIRECTION('',(-1.,0.,0.));
#21997 = ADVANCED_FACE('',(#21998),#22009,.T.);
#21998 = FACE_BOUND('',#21999,.T.);
#21999 = EDGE_LOOP('',(#22000,#22001,#22002,#22008));
#22000 = ORIENTED_EDGE('',*,*,#21969,.T.);
#22001 = ORIENTED_EDGE('',*,*,#11366,.T.);
#22002 = ORIENTED_EDGE('',*,*,#22003,.F.);
#22003 = EDGE_CURVE('',#5699,#11358,#22004,.T.);
#22004 = LINE('',#22005,#22006);
#22005 = CARTESIAN_POINT('',(303.375,-85.2875,0.));
#22006 = VECTOR('',#22007,1.);
#22007 = DIRECTION('',(0.,0.,1.));
#22008 = ORIENTED_EDGE('',*,*,#5707,.F.);
#22009 = PLANE('',#22010);
#22010 = AXIS2_PLACEMENT_3D('',#22011,#22012,#22013);
#22011 = CARTESIAN_POINT('',(303.375,-72.2875,0.));
#22012 = DIRECTION('',(1.,0.,-0.));
#22013 = DIRECTION('',(0.,-1.,0.));
#22014 = ADVANCED_FACE('',(#22015),#22026,.F.);
#22015 = FACE_BOUND('',#22016,.T.);
#22016 = EDGE_LOOP('',(#22017,#22023,#22024,#22025));
#22017 = ORIENTED_EDGE('',*,*,#22018,.T.);
#22018 = EDGE_CURVE('',#5565,#11224,#22019,.T.);
#22019 = LINE('',#22020,#22021);
#22020 = CARTESIAN_POINT('',(336.475,-72.2875,0.));
#22021 = VECTOR('',#22022,1.);
#22022 = DIRECTION('',(0.,0.,1.));
#22023 = ORIENTED_EDGE('',*,*,#11223,.T.);
#22024 = ORIENTED_EDGE('',*,*,#21984,.F.);
#22025 = ORIENTED_EDGE('',*,*,#5564,.F.);
#22026 = CYLINDRICAL_SURFACE('',#22027,0.500001333575);
#22027 = AXIS2_PLACEMENT_3D('',#22028,#22029,#22030);
#22028 = CARTESIAN_POINT('',(335.97499866642,-72.28750133357,0.));
#22029 = DIRECTION('',(-0.,-0.,-1.));
#22030 = DIRECTION('',(0.999999999996,2.667139304729E-06,-0.));
#22031 = ADVANCED_FACE('',(#22032),#22043,.F.);
#22032 = FACE_BOUND('',#22033,.T.);
#22033 = EDGE_LOOP('',(#22034,#22035,#22036,#22042));
#22034 = ORIENTED_EDGE('',*,*,#22003,.T.);
#22035 = ORIENTED_EDGE('',*,*,#11357,.T.);
#22036 = ORIENTED_EDGE('',*,*,#22037,.F.);
#22037 = EDGE_CURVE('',#5691,#11350,#22038,.T.);
#22038 = LINE('',#22039,#22040);
#22039 = CARTESIAN_POINT('',(303.875,-85.7875,0.));
#22040 = VECTOR('',#22041,1.);
#22041 = DIRECTION('',(0.,0.,1.));
#22042 = ORIENTED_EDGE('',*,*,#5698,.F.);
#22043 = CYLINDRICAL_SURFACE('',#22044,0.500001333575);
#22044 = AXIS2_PLACEMENT_3D('',#22045,#22046,#22047);
#22045 = CARTESIAN_POINT('',(303.87500133357,-85.28749866642,0.));
#22046 = DIRECTION('',(-0.,-0.,-1.));
#22047 = DIRECTION('',(-0.999999999996,-2.667139247885E-06,0.));
#22048 = ADVANCED_FACE('',(#22049),#22060,.T.);
#22049 = FACE_BOUND('',#22050,.T.);
#22050 = EDGE_LOOP('',(#22051,#22057,#22058,#22059));
#22051 = ORIENTED_EDGE('',*,*,#22052,.T.);
#22052 = EDGE_CURVE('',#5574,#11233,#22053,.T.);
#22053 = LINE('',#22054,#22055);
#22054 = CARTESIAN_POINT('',(336.475,-85.2875,0.));
#22055 = VECTOR('',#22056,1.);
#22056 = DIRECTION('',(0.,0.,1.));
#22057 = ORIENTED_EDGE('',*,*,#11232,.T.);
#22058 = ORIENTED_EDGE('',*,*,#22018,.F.);
#22059 = ORIENTED_EDGE('',*,*,#5573,.F.);
#22060 = PLANE('',#22061);
#22061 = AXIS2_PLACEMENT_3D('',#22062,#22063,#22064);
#22062 = CARTESIAN_POINT('',(336.475,-85.2875,0.));
#22063 = DIRECTION('',(-1.,0.,0.));
#22064 = DIRECTION('',(0.,1.,0.));
#22065 = ADVANCED_FACE('',(#22066),#22077,.T.);
#22066 = FACE_BOUND('',#22067,.T.);
#22067 = EDGE_LOOP('',(#22068,#22069,#22070,#22076));
#22068 = ORIENTED_EDGE('',*,*,#22037,.T.);
#22069 = ORIENTED_EDGE('',*,*,#11349,.T.);
#22070 = ORIENTED_EDGE('',*,*,#22071,.F.);
#22071 = EDGE_CURVE('',#5683,#11342,#22072,.T.);
#22072 = LINE('',#22073,#22074);
#22073 = CARTESIAN_POINT('',(304.487,-85.7875,0.));
#22074 = VECTOR('',#22075,1.);
#22075 = DIRECTION('',(0.,0.,1.));
#22076 = ORIENTED_EDGE('',*,*,#5690,.F.);
#22077 = PLANE('',#22078);
#22078 = AXIS2_PLACEMENT_3D('',#22079,#22080,#22081);
#22079 = CARTESIAN_POINT('',(303.875,-85.7875,0.));
#22080 = DIRECTION('',(0.,1.,0.));
#22081 = DIRECTION('',(1.,0.,0.));
#22082 = ADVANCED_FACE('',(#22083),#22094,.F.);
#22083 = FACE_BOUND('',#22084,.T.);
#22084 = EDGE_LOOP('',(#22085,#22091,#22092,#22093));
#22085 = ORIENTED_EDGE('',*,*,#22086,.T.);
#22086 = EDGE_CURVE('',#5582,#11241,#22087,.T.);
#22087 = LINE('',#22088,#22089);
#22088 = CARTESIAN_POINT('',(335.975,-85.7875,0.));
#22089 = VECTOR('',#22090,1.);
#22090 = DIRECTION('',(0.,0.,1.));
#22091 = ORIENTED_EDGE('',*,*,#11240,.T.);
#22092 = ORIENTED_EDGE('',*,*,#22052,.F.);
#22093 = ORIENTED_EDGE('',*,*,#5581,.F.);
#22094 = CYLINDRICAL_SURFACE('',#22095,0.500001333575);
#22095 = AXIS2_PLACEMENT_3D('',#22096,#22097,#22098);
#22096 = CARTESIAN_POINT('',(335.97499866642,-85.28749866642,0.));
#22097 = DIRECTION('',(-0.,-0.,-1.));
#22098 = DIRECTION('',(2.667139304729E-06,-0.999999999996,0.));
#22099 = ADVANCED_FACE('',(#22100),#22111,.T.);
#22100 = FACE_BOUND('',#22101,.T.);
#22101 = EDGE_LOOP('',(#22102,#22103,#22104,#22110));
#22102 = ORIENTED_EDGE('',*,*,#22071,.T.);
#22103 = ORIENTED_EDGE('',*,*,#11341,.T.);
#22104 = ORIENTED_EDGE('',*,*,#22105,.F.);
#22105 = EDGE_CURVE('',#5674,#11333,#22106,.T.);
#22106 = LINE('',#22107,#22108);
#22107 = CARTESIAN_POINT('',(304.487,-86.2875,0.));
#22108 = VECTOR('',#22109,1.);
#22109 = DIRECTION('',(0.,0.,1.));
#22110 = ORIENTED_EDGE('',*,*,#5682,.F.);
#22111 = PLANE('',#22112);
#22112 = AXIS2_PLACEMENT_3D('',#22113,#22114,#22115);
#22113 = CARTESIAN_POINT('',(304.487,-85.7875,0.));
#22114 = DIRECTION('',(1.,0.,-0.));
#22115 = DIRECTION('',(0.,-1.,0.));
#22116 = ADVANCED_FACE('',(#22117),#22128,.T.);
#22117 = FACE_BOUND('',#22118,.T.);
#22118 = EDGE_LOOP('',(#22119,#22125,#22126,#22127));
#22119 = ORIENTED_EDGE('',*,*,#22120,.T.);
#22120 = EDGE_CURVE('',#5591,#11250,#22121,.T.);
#22121 = LINE('',#22122,#22123);
#22122 = CARTESIAN_POINT('',(335.363,-85.7875,0.));
#22123 = VECTOR('',#22124,1.);
#22124 = DIRECTION('',(0.,0.,1.));
#22125 = ORIENTED_EDGE('',*,*,#11249,.T.);
#22126 = ORIENTED_EDGE('',*,*,#22086,.F.);
#22127 = ORIENTED_EDGE('',*,*,#5590,.F.);
#22128 = PLANE('',#22129);
#22129 = AXIS2_PLACEMENT_3D('',#22130,#22131,#22132);
#22130 = CARTESIAN_POINT('',(335.363,-85.7875,0.));
#22131 = DIRECTION('',(0.,1.,0.));
#22132 = DIRECTION('',(1.,0.,0.));
#22133 = ADVANCED_FACE('',(#22134),#22145,.F.);
#22134 = FACE_BOUND('',#22135,.T.);
#22135 = EDGE_LOOP('',(#22136,#22137,#22138,#22144));
#22136 = ORIENTED_EDGE('',*,*,#22105,.T.);
#22137 = ORIENTED_EDGE('',*,*,#11332,.T.);
#22138 = ORIENTED_EDGE('',*,*,#22139,.F.);
#22139 = EDGE_CURVE('',#5666,#11325,#22140,.T.);
#22140 = LINE('',#22141,#22142);
#22141 = CARTESIAN_POINT('',(304.987,-86.7875,0.));
#22142 = VECTOR('',#22143,1.);
#22143 = DIRECTION('',(0.,0.,1.));
#22144 = ORIENTED_EDGE('',*,*,#5673,.F.);
#22145 = CYLINDRICAL_SURFACE('',#22146,0.500001333575);
#22146 = AXIS2_PLACEMENT_3D('',#22147,#22148,#22149);
#22147 = CARTESIAN_POINT('',(304.98700133357,-86.28749866642,0.));
#22148 = DIRECTION('',(-0.,-0.,-1.));
#22149 = DIRECTION('',(-0.999999999996,-2.667139048935E-06,0.));
#22150 = ADVANCED_FACE('',(#22151),#22162,.T.);
#22151 = FACE_BOUND('',#22152,.T.);
#22152 = EDGE_LOOP('',(#22153,#22159,#22160,#22161));
#22153 = ORIENTED_EDGE('',*,*,#22154,.T.);
#22154 = EDGE_CURVE('',#5599,#11258,#22155,.T.);
#22155 = LINE('',#22156,#22157);
#22156 = CARTESIAN_POINT('',(335.363,-86.2875,0.));
#22157 = VECTOR('',#22158,1.);
#22158 = DIRECTION('',(0.,0.,1.));
#22159 = ORIENTED_EDGE('',*,*,#11257,.T.);
#22160 = ORIENTED_EDGE('',*,*,#22120,.F.);
#22161 = ORIENTED_EDGE('',*,*,#5598,.F.);
#22162 = PLANE('',#22163);
#22163 = AXIS2_PLACEMENT_3D('',#22164,#22165,#22166);
#22164 = CARTESIAN_POINT('',(335.363,-86.2875,0.));
#22165 = DIRECTION('',(-1.,0.,0.));
#22166 = DIRECTION('',(0.,1.,0.));
#22167 = ADVANCED_FACE('',(#22168),#22179,.T.);
#22168 = FACE_BOUND('',#22169,.T.);
#22169 = EDGE_LOOP('',(#22170,#22171,#22172,#22178));
#22170 = ORIENTED_EDGE('',*,*,#22139,.T.);
#22171 = ORIENTED_EDGE('',*,*,#11324,.T.);
#22172 = ORIENTED_EDGE('',*,*,#22173,.F.);
#22173 = EDGE_CURVE('',#5657,#11316,#22174,.T.);
#22174 = LINE('',#22175,#22176);
#22175 = CARTESIAN_POINT('',(310.987,-86.7875,0.));
#22176 = VECTOR('',#22177,1.);
#22177 = DIRECTION('',(0.,0.,1.));
#22178 = ORIENTED_EDGE('',*,*,#5665,.F.);
#22179 = PLANE('',#22180);
#22180 = AXIS2_PLACEMENT_3D('',#22181,#22182,#22183);
#22181 = CARTESIAN_POINT('',(304.987,-86.7875,0.));
#22182 = DIRECTION('',(0.,1.,0.));
#22183 = DIRECTION('',(1.,0.,0.));
#22184 = ADVANCED_FACE('',(#22185),#22196,.F.);
#22185 = FACE_BOUND('',#22186,.T.);
#22186 = EDGE_LOOP('',(#22187,#22193,#22194,#22195));
#22187 = ORIENTED_EDGE('',*,*,#22188,.T.);
#22188 = EDGE_CURVE('',#5607,#11266,#22189,.T.);
#22189 = LINE('',#22190,#22191);
#22190 = CARTESIAN_POINT('',(334.863,-86.7875,0.));
#22191 = VECTOR('',#22192,1.);
#22192 = DIRECTION('',(0.,0.,1.));
#22193 = ORIENTED_EDGE('',*,*,#11265,.T.);
#22194 = ORIENTED_EDGE('',*,*,#22154,.F.);
#22195 = ORIENTED_EDGE('',*,*,#5606,.F.);
#22196 = CYLINDRICAL_SURFACE('',#22197,0.500001333575);
#22197 = AXIS2_PLACEMENT_3D('',#22198,#22199,#22200);
#22198 = CARTESIAN_POINT('',(334.86299866642,-86.28749866642,0.));
#22199 = DIRECTION('',(-0.,-0.,-1.));
#22200 = DIRECTION('',(2.667139191042E-06,-0.999999999996,0.));
#22201 = ADVANCED_FACE('',(#22202),#22213,.F.);
#22202 = FACE_BOUND('',#22203,.T.);
#22203 = EDGE_LOOP('',(#22204,#22205,#22206,#22212));
#22204 = ORIENTED_EDGE('',*,*,#22173,.T.);
#22205 = ORIENTED_EDGE('',*,*,#11315,.T.);
#22206 = ORIENTED_EDGE('',*,*,#22207,.F.);
#22207 = EDGE_CURVE('',#5649,#11308,#22208,.T.);
#22208 = LINE('',#22209,#22210);
#22209 = CARTESIAN_POINT('',(311.487,-86.2875,0.));
#22210 = VECTOR('',#22211,1.);
#22211 = DIRECTION('',(0.,0.,1.));
#22212 = ORIENTED_EDGE('',*,*,#5656,.F.);
#22213 = CYLINDRICAL_SURFACE('',#22214,0.500001333575);
#22214 = AXIS2_PLACEMENT_3D('',#22215,#22216,#22217);
#22215 = CARTESIAN_POINT('',(310.98699866642,-86.28749866642,0.));
#22216 = DIRECTION('',(-0.,-0.,-1.));
#22217 = DIRECTION('',(2.667139191042E-06,-0.999999999996,0.));
#22218 = ADVANCED_FACE('',(#22219),#22230,.T.);
#22219 = FACE_BOUND('',#22220,.T.);
#22220 = EDGE_LOOP('',(#22221,#22227,#22228,#22229));
#22221 = ORIENTED_EDGE('',*,*,#22222,.T.);
#22222 = EDGE_CURVE('',#5616,#11275,#22223,.T.);
#22223 = LINE('',#22224,#22225);
#22224 = CARTESIAN_POINT('',(328.863,-86.7875,0.));
#22225 = VECTOR('',#22226,1.);
#22226 = DIRECTION('',(0.,0.,1.));
#22227 = ORIENTED_EDGE('',*,*,#11274,.T.);
#22228 = ORIENTED_EDGE('',*,*,#22188,.F.);
#22229 = ORIENTED_EDGE('',*,*,#5615,.F.);
#22230 = PLANE('',#22231);
#22231 = AXIS2_PLACEMENT_3D('',#22232,#22233,#22234);
#22232 = CARTESIAN_POINT('',(328.863,-86.7875,0.));
#22233 = DIRECTION('',(0.,1.,0.));
#22234 = DIRECTION('',(1.,0.,0.));
#22235 = ADVANCED_FACE('',(#22236),#22247,.T.);
#22236 = FACE_BOUND('',#22237,.T.);
#22237 = EDGE_LOOP('',(#22238,#22239,#22240,#22246));
#22238 = ORIENTED_EDGE('',*,*,#22207,.T.);
#22239 = ORIENTED_EDGE('',*,*,#11307,.T.);
#22240 = ORIENTED_EDGE('',*,*,#22241,.F.);
#22241 = EDGE_CURVE('',#5641,#11300,#22242,.T.);
#22242 = LINE('',#22243,#22244);
#22243 = CARTESIAN_POINT('',(311.487,-85.7875,0.));
#22244 = VECTOR('',#22245,1.);
#22245 = DIRECTION('',(0.,0.,1.));
#22246 = ORIENTED_EDGE('',*,*,#5648,.F.);
#22247 = PLANE('',#22248);
#22248 = AXIS2_PLACEMENT_3D('',#22249,#22250,#22251);
#22249 = CARTESIAN_POINT('',(311.487,-86.2875,0.));
#22250 = DIRECTION('',(-1.,0.,0.));
#22251 = DIRECTION('',(0.,1.,0.));
#22252 = ADVANCED_FACE('',(#22253),#22264,.F.);
#22253 = FACE_BOUND('',#22254,.T.);
#22254 = EDGE_LOOP('',(#22255,#22261,#22262,#22263));
#22255 = ORIENTED_EDGE('',*,*,#22256,.T.);
#22256 = EDGE_CURVE('',#5624,#11283,#22257,.T.);
#22257 = LINE('',#22258,#22259);
#22258 = CARTESIAN_POINT('',(328.363,-86.2875,0.));
#22259 = VECTOR('',#22260,1.);
#22260 = DIRECTION('',(0.,0.,1.));
#22261 = ORIENTED_EDGE('',*,*,#11282,.T.);
#22262 = ORIENTED_EDGE('',*,*,#22222,.F.);
#22263 = ORIENTED_EDGE('',*,*,#5623,.F.);
#22264 = CYLINDRICAL_SURFACE('',#22265,0.500001333575);
#22265 = AXIS2_PLACEMENT_3D('',#22266,#22267,#22268);
#22266 = CARTESIAN_POINT('',(328.86300133357,-86.28749866642,0.));
#22267 = DIRECTION('',(-0.,-0.,-1.));
#22268 = DIRECTION('',(-0.999999999996,-2.667139247886E-06,0.));
#22269 = ADVANCED_FACE('',(#22270),#22281,.T.);
#22270 = FACE_BOUND('',#22271,.T.);
#22271 = EDGE_LOOP('',(#22272,#22273,#22274,#22280));
#22272 = ORIENTED_EDGE('',*,*,#22241,.T.);
#22273 = ORIENTED_EDGE('',*,*,#11299,.T.);
#22274 = ORIENTED_EDGE('',*,*,#22275,.F.);
#22275 = EDGE_CURVE('',#5633,#11292,#22276,.T.);
#22276 = LINE('',#22277,#22278);
#22277 = CARTESIAN_POINT('',(328.363,-85.7875,0.));
#22278 = VECTOR('',#22279,1.);
#22279 = DIRECTION('',(0.,0.,1.));
#22280 = ORIENTED_EDGE('',*,*,#5640,.F.);
#22281 = PLANE('',#22282);
#22282 = AXIS2_PLACEMENT_3D('',#22283,#22284,#22285);
#22283 = CARTESIAN_POINT('',(311.487,-85.7875,0.));
#22284 = DIRECTION('',(0.,1.,0.));
#22285 = DIRECTION('',(1.,0.,0.));
#22286 = ADVANCED_FACE('',(#22287),#22293,.T.);
#22287 = FACE_BOUND('',#22288,.T.);
#22288 = EDGE_LOOP('',(#22289,#22290,#22291,#22292));
#22289 = ORIENTED_EDGE('',*,*,#22275,.T.);
#22290 = ORIENTED_EDGE('',*,*,#11291,.T.);
#22291 = ORIENTED_EDGE('',*,*,#22256,.F.);
#22292 = ORIENTED_EDGE('',*,*,#5632,.F.);
#22293 = PLANE('',#22294);
#22294 = AXIS2_PLACEMENT_3D('',#22295,#22296,#22297);
#22295 = CARTESIAN_POINT('',(328.363,-85.7875,0.));
#22296 = DIRECTION('',(1.,0.,-0.));
#22297 = DIRECTION('',(0.,-1.,0.));
#22298 = ADVANCED_FACE('',(#22299),#22315,.F.);
#22299 = FACE_BOUND('',#22300,.T.);
#22300 = EDGE_LOOP('',(#22301,#22307,#22308,#22314));
#22301 = ORIENTED_EDGE('',*,*,#22302,.T.);
#22302 = EDGE_CURVE('',#5716,#11375,#22303,.T.);
#22303 = LINE('',#22304,#22305);
#22304 = CARTESIAN_POINT('',(342.075,-71.7875,0.));
#22305 = VECTOR('',#22306,1.);
#22306 = DIRECTION('',(0.,0.,1.));
#22307 = ORIENTED_EDGE('',*,*,#11374,.T.);
#22308 = ORIENTED_EDGE('',*,*,#22309,.F.);
#22309 = EDGE_CURVE('',#5718,#11377,#22310,.T.);
#22310 = LINE('',#22311,#22312);
#22311 = CARTESIAN_POINT('',(341.575,-72.2875,0.));
#22312 = VECTOR('',#22313,1.);
#22313 = DIRECTION('',(0.,0.,1.));
#22314 = ORIENTED_EDGE('',*,*,#5715,.F.);
#22315 = CYLINDRICAL_SURFACE('',#22316,0.500001333575);
#22316 = AXIS2_PLACEMENT_3D('',#22317,#22318,#22319);
#22317 = CARTESIAN_POINT('',(342.07500133357,-72.28750133357,0.));
#22318 = DIRECTION('',(-0.,-0.,-1.));
#22319 = DIRECTION('',(-2.667139191042E-06,0.999999999996,0.));
#22320 = ADVANCED_FACE('',(#22321),#22332,.T.);
#22321 = FACE_BOUND('',#22322,.T.);
#22322 = EDGE_LOOP('',(#22323,#22329,#22330,#22331));
#22323 = ORIENTED_EDGE('',*,*,#22324,.T.);
#22324 = EDGE_CURVE('',#5727,#11386,#22325,.T.);
#22325 = LINE('',#22326,#22327);
#22326 = CARTESIAN_POINT('',(355.075,-71.7875,0.));
#22327 = VECTOR('',#22328,1.);
#22328 = DIRECTION('',(0.,0.,1.));
#22329 = ORIENTED_EDGE('',*,*,#11385,.T.);
#22330 = ORIENTED_EDGE('',*,*,#22302,.F.);
#22331 = ORIENTED_EDGE('',*,*,#5726,.F.);
#22332 = PLANE('',#22333);
#22333 = AXIS2_PLACEMENT_3D('',#22334,#22335,#22336);
#22334 = CARTESIAN_POINT('',(355.075,-71.7875,0.));
#22335 = DIRECTION('',(0.,-1.,0.));
#22336 = DIRECTION('',(-1.,0.,0.));
#22337 = ADVANCED_FACE('',(#22338),#22349,.T.);
#22338 = FACE_BOUND('',#22339,.T.);
#22339 = EDGE_LOOP('',(#22340,#22341,#22342,#22348));
#22340 = ORIENTED_EDGE('',*,*,#22309,.T.);
#22341 = ORIENTED_EDGE('',*,*,#11436,.T.);
#22342 = ORIENTED_EDGE('',*,*,#22343,.F.);
#22343 = EDGE_CURVE('',#5769,#11428,#22344,.T.);
#22344 = LINE('',#22345,#22346);
#22345 = CARTESIAN_POINT('',(341.575,-85.2875,0.));
#22346 = VECTOR('',#22347,1.);
#22347 = DIRECTION('',(0.,0.,1.));
#22348 = ORIENTED_EDGE('',*,*,#5777,.F.);
#22349 = PLANE('',#22350);
#22350 = AXIS2_PLACEMENT_3D('',#22351,#22352,#22353);
#22351 = CARTESIAN_POINT('',(341.575,-72.2875,0.));
#22352 = DIRECTION('',(1.,0.,-0.));
#22353 = DIRECTION('',(0.,-1.,0.));
#22354 = ADVANCED_FACE('',(#22355),#22366,.F.);
#22355 = FACE_BOUND('',#22356,.T.);
#22356 = EDGE_LOOP('',(#22357,#22363,#22364,#22365));
#22357 = ORIENTED_EDGE('',*,*,#22358,.T.);
#22358 = EDGE_CURVE('',#5735,#11394,#22359,.T.);
#22359 = LINE('',#22360,#22361);
#22360 = CARTESIAN_POINT('',(355.575,-72.2875,0.));
#22361 = VECTOR('',#22362,1.);
#22362 = DIRECTION('',(0.,0.,1.));
#22363 = ORIENTED_EDGE('',*,*,#11393,.T.);
#22364 = ORIENTED_EDGE('',*,*,#22324,.F.);
#22365 = ORIENTED_EDGE('',*,*,#5734,.F.);
#22366 = CYLINDRICAL_SURFACE('',#22367,0.500001333575);
#22367 = AXIS2_PLACEMENT_3D('',#22368,#22369,#22370);
#22368 = CARTESIAN_POINT('',(355.07499866642,-72.28750133357,0.));
#22369 = DIRECTION('',(-0.,-0.,-1.));
#22370 = DIRECTION('',(0.999999999996,2.667139105778E-06,-0.));
#22371 = ADVANCED_FACE('',(#22372),#22383,.F.);
#22372 = FACE_BOUND('',#22373,.T.);
#22373 = EDGE_LOOP('',(#22374,#22375,#22376,#22382));
#22374 = ORIENTED_EDGE('',*,*,#22343,.T.);
#22375 = ORIENTED_EDGE('',*,*,#11427,.T.);
#22376 = ORIENTED_EDGE('',*,*,#22377,.F.);
#22377 = EDGE_CURVE('',#5761,#11420,#22378,.T.);
#22378 = LINE('',#22379,#22380);
#22379 = CARTESIAN_POINT('',(342.075,-85.7875,0.));
#22380 = VECTOR('',#22381,1.);
#22381 = DIRECTION('',(0.,0.,1.));
#22382 = ORIENTED_EDGE('',*,*,#5768,.F.);
#22383 = CYLINDRICAL_SURFACE('',#22384,0.500001333575);
#22384 = AXIS2_PLACEMENT_3D('',#22385,#22386,#22387);
#22385 = CARTESIAN_POINT('',(342.07500133357,-85.28749866642,0.));
#22386 = DIRECTION('',(-0.,-0.,-1.));
#22387 = DIRECTION('',(-0.999999999996,-2.667139247886E-06,0.));
#22388 = ADVANCED_FACE('',(#22389),#22400,.T.);
#22389 = FACE_BOUND('',#22390,.T.);
#22390 = EDGE_LOOP('',(#22391,#22397,#22398,#22399));
#22391 = ORIENTED_EDGE('',*,*,#22392,.T.);
#22392 = EDGE_CURVE('',#5744,#11403,#22393,.T.);
#22393 = LINE('',#22394,#22395);
#22394 = CARTESIAN_POINT('',(355.575,-85.2875,0.));
#22395 = VECTOR('',#22396,1.);
#22396 = DIRECTION('',(0.,0.,1.));
#22397 = ORIENTED_EDGE('',*,*,#11402,.T.);
#22398 = ORIENTED_EDGE('',*,*,#22358,.F.);
#22399 = ORIENTED_EDGE('',*,*,#5743,.F.);
#22400 = PLANE('',#22401);
#22401 = AXIS2_PLACEMENT_3D('',#22402,#22403,#22404);
#22402 = CARTESIAN_POINT('',(355.575,-85.2875,0.));
#22403 = DIRECTION('',(-1.,0.,0.));
#22404 = DIRECTION('',(0.,1.,0.));
#22405 = ADVANCED_FACE('',(#22406),#22417,.T.);
#22406 = FACE_BOUND('',#22407,.T.);
#22407 = EDGE_LOOP('',(#22408,#22409,#22410,#22416));
#22408 = ORIENTED_EDGE('',*,*,#22377,.T.);
#22409 = ORIENTED_EDGE('',*,*,#11419,.T.);
#22410 = ORIENTED_EDGE('',*,*,#22411,.F.);
#22411 = EDGE_CURVE('',#5752,#11411,#22412,.T.);
#22412 = LINE('',#22413,#22414);
#22413 = CARTESIAN_POINT('',(355.075,-85.7875,0.));
#22414 = VECTOR('',#22415,1.);
#22415 = DIRECTION('',(0.,0.,1.));
#22416 = ORIENTED_EDGE('',*,*,#5760,.F.);
#22417 = PLANE('',#22418);
#22418 = AXIS2_PLACEMENT_3D('',#22419,#22420,#22421);
#22419 = CARTESIAN_POINT('',(342.075,-85.7875,0.));
#22420 = DIRECTION('',(0.,1.,0.));
#22421 = DIRECTION('',(1.,0.,0.));
#22422 = ADVANCED_FACE('',(#22423),#22429,.F.);
#22423 = FACE_BOUND('',#22424,.T.);
#22424 = EDGE_LOOP('',(#22425,#22426,#22427,#22428));
#22425 = ORIENTED_EDGE('',*,*,#22411,.T.);
#22426 = ORIENTED_EDGE('',*,*,#11410,.T.);
#22427 = ORIENTED_EDGE('',*,*,#22392,.F.);
#22428 = ORIENTED_EDGE('',*,*,#5751,.F.);
#22429 = CYLINDRICAL_SURFACE('',#22430,0.500001333575);
#22430 = AXIS2_PLACEMENT_3D('',#22431,#22432,#22433);
#22431 = CARTESIAN_POINT('',(355.07499866642,-85.28749866642,0.));
#22432 = DIRECTION('',(-0.,-0.,-1.));
#22433 = DIRECTION('',(2.667139077356E-06,-0.999999999996,0.));
#22434 = ADVANCED_FACE('',(#22435),#22446,.F.);
#22435 = FACE_BOUND('',#22436,.T.);
#22436 = EDGE_LOOP('',(#22437,#22438,#22444,#22445));
#22437 = ORIENTED_EDGE('',*,*,#5785,.T.);
#22438 = ORIENTED_EDGE('',*,*,#22439,.T.);
#22439 = EDGE_CURVE('',#5786,#11445,#22440,.T.);
#22440 = LINE('',#22441,#22442);
#22441 = CARTESIAN_POINT('',(360.5125,-75.6125,-4.5E-02));
#22442 = VECTOR('',#22443,1.);
#22443 = DIRECTION('',(0.,0.,1.));
#22444 = ORIENTED_EDGE('',*,*,#11444,.F.);
#22445 = ORIENTED_EDGE('',*,*,#22439,.F.);
#22446 = CYLINDRICAL_SURFACE('',#22447,1.6);
#22447 = AXIS2_PLACEMENT_3D('',#22448,#22449,#22450);
#22448 = CARTESIAN_POINT('',(360.5125,-74.0125,-4.5E-02));
#22449 = DIRECTION('',(-0.,-0.,-1.));
#22450 = DIRECTION('',(-3.552713678801E-14,-1.,0.));
#22451 = ( GEOMETRIC_REPRESENTATION_CONTEXT(3) 
GLOBAL_UNCERTAINTY_ASSIGNED_CONTEXT((#22455)) 
GLOBAL_UNIT_ASSIGNED_CONTEXT((#22452,#22453,#22454)) 
REPRESENTATION_CONTEXT('Context #1',
  '3D Context with UNIT and UNCERTAINTY') );
#22452 = ( LENGTH_UNIT() NAMED_UNIT(*) SI_UNIT(.MILLI.,.METRE.) );
#22453 = ( NAMED_UNIT(*) PLANE_ANGLE_UNIT() SI_UNIT($,.RADIAN.) );
#22454 = ( NAMED_UNIT(*) SI_UNIT($,.STERADIAN.) SOLID_ANGLE_UNIT() );
#22455 = UNCERTAINTY_MEASURE_WITH_UNIT(LENGTH_MEASURE(1.E-07),#22452,
  'distance_accuracy_value','confusion accuracy');
#22456 = CONTEXT_DEPENDENT_SHAPE_REPRESENTATION(#22457,#22459);
#22457 = ( REPRESENTATION_RELATIONSHIP('','',#32,#10) 
REPRESENTATION_RELATIONSHIP_WITH_TRANSFORMATION(#22458) 
SHAPE_REPRESENTATION_RELATIONSHIP() );
#22458 = ITEM_DEFINED_TRANSFORMATION('','',#11,#15);
#22459 = PRODUCT_DEFINITION_SHAPE('Placement','Placement of an item',
  #22460);
#22460 = NEXT_ASSEMBLY_USAGE_OCCURRENCE('1','=>[0:1:1:2]','',#5,#27,$);
#22461 = PRODUCT_RELATED_PRODUCT_CATEGORY('part',$,(#29));
#22462 = MECHANICAL_DESIGN_GEOMETRIC_PRESENTATION_REPRESENTATION('',(
    #22463),#22451);
#22463 = STYLED_ITEM('color',(#22464),#33);
#22464 = PRESENTATION_STYLE_ASSIGNMENT((#22465));
#22465 = SURFACE_STYLE_USAGE(.BOTH.,#22466);
#22466 = SURFACE_SIDE_STYLE('',(#22467));
#22467 = SURFACE_STYLE_FILL_AREA(#22468);
#22468 = FILL_AREA_STYLE('',(#22469));
#22469 = FILL_AREA_STYLE_COLOUR('',#22470);
#22470 = COLOUR_RGB('',0.313304153717,0.484529207832,0.410020903123);
ENDSEC;
END-ISO-10303-21;
